[24Sep2026 21:08:59.272] [main/INFO] [cpw.mods.modlauncher.Launcher/MODLAUNCHER]: ModLauncher running: args [--launchTarget, forgeclientdev, --version, 21.1.248, --assetIndex, 17, --assetsDir, /home/sqvizers/.gradle/caches/neoformruntime/assets, --gameDir, ., --fml.fmlVersion, 4.0.43, --fml.mcVersion, 1.21.1, --fml.neoForgeVersion, 21.1.248, --fml.neoFormVersion, 20240808.144430]
[24Sep2026 21:08:59.274] [main/INFO] [cpw.mods.modlauncher.Launcher/MODLAUNCHER]: JVM identified as Arch Linux OpenJDK 64-Bit Server VM 21.0.12+8
[24Sep2026 21:08:59.275] [main/INFO] [cpw.mods.modlauncher.Launcher/MODLAUNCHER]: ModLauncher 11.0.5+main.901c6ea8 starting: java version 21.0.12 by Arch Linux; OS Linux arch amd64 version 7.2.5-1-cachyos
[24Sep2026 21:08:59.349] [main/INFO] [net.neoforged.fml.loading.ImmediateWindowHandler/]: Loading ImmediateWindowProvider fmlearlywindow
[24Sep2026 21:08:59.428] [main/INFO] [EARLYDISPLAY/]: Trying GL version 4.6
[24Sep2026 21:08:59.543] [main/INFO] [EARLYDISPLAY/]: Requested GL version 4.6 got version 4.6
[24Sep2026 21:08:59.601] [main/INFO] [mixin/]: SpongePowered MIXIN Subsystem Version=0.8.7 Source=union:/home/sqvizers/.gradle/caches/modules-2/files-2.1/net.fabricmc/sponge-mixin/0.15.2+mixin.0.8.7/2af2f021d8e02a0220dc27a7a72b4666d66d44ca/sponge-mixin-0.15.2+mixin.0.8.7.jar%23126!/ Service=ModLauncher Env=CLIENT
[24Sep2026 21:08:59.681] [pool-2-thread-1/INFO] [EARLYDISPLAY/]: GL info: NVIDIA GeForce RTX 3050 Laptop GPU/PCIe/SSE2 GL version 4.6.0 NVIDIA 615.71.09, NVIDIA Corporation
[24Sep2026 21:09:00.191] [main/WARN] [net.neoforged.jarjar.selection.JarSelector/]: Attempted to select two dependency jars from JarJar which have the same identification: Nested Mod File  in Mod File: /home/sqvizers/.gradle/caches/modules-2/files-2.1/dev.engine-room.vanillin/vanillin-neoforge-1.21.1/1.1.3-41/d92ad47c6956ffb76ab73ecc6afe92d7fce36447/vanillin-neoforge-1.21.1-1.1.3-41.jar and Nested Mod File  in Mod File: /home/sqvizers/.gradle/caches/modules-2/files-2.1/com.simibubi.create/create-1.21.1/6.0.10-281/79f11cca15c31cf0e6730fa343a443bf686ee39e/create-1.21.1-6.0.10-281.jar. Using Nested Mod File  in Mod File: /home/sqvizers/.gradle/caches/modules-2/files-2.1/dev.engine-room.vanillin/vanillin-neoforge-1.21.1/1.1.3-41/d92ad47c6956ffb76ab73ecc6afe92d7fce36447/vanillin-neoforge-1.21.1-1.1.3-41.jar
[24Sep2026 21:09:00.191] [main/WARN] [net.neoforged.jarjar.selection.JarSelector/]: Attempted to select two dependency jars from JarJar which have the same identification: Nested Mod File  in Mod File: /home/sqvizers/.gradle/caches/modules-2/files-2.1/curse.maven/phoenixs-chromatic-colors-1483210/8388618/fc8d3dc626339399a90f98fa93ca396f18d8f043/phoenixs-chromatic-colors-1483210-8388618.jar and Nested Mod File  in Mod File: /home/sqvizers/IdeaProjects/ForgeBorn-Core/libs/gtceu-1.21.1-8.0.0.jar. Using Nested Mod File  in Mod File: /home/sqvizers/.gradle/caches/modules-2/files-2.1/curse.maven/phoenixs-chromatic-colors-1483210/8388618/fc8d3dc626339399a90f98fa93ca396f18d8f043/phoenixs-chromatic-colors-1483210-8388618.jar
[24Sep2026 21:09:00.192] [main/WARN] [net.neoforged.jarjar.selection.JarSelector/]: Attempted to select a dependency jar for JarJar which was passed in as source: fabric_api_base. Using Mod File: /home/sqvizers/.gradle/caches/modules-2/files-2.1/org.sinytra.forgified-fabric-api/fabric-api-base/0.4.42+d1308ded19/e412b404f9e5b99d4a9d77dd5eac8ee20e0bdfdf/fabric-api-base-0.4.42+d1308ded19.jar
[24Sep2026 21:09:00.192] [main/WARN] [net.neoforged.jarjar.selection.JarSelector/]: Attempted to select a dependency jar for JarJar which was passed in as source: fabric_renderer_api_v1. Using Mod File: /home/sqvizers/.gradle/caches/modules-2/files-2.1/org.sinytra.forgified-fabric-api/fabric-renderer-api-v1/3.4.1+9125b6dc19/1f012c5b80069f1da302b0b133305a4ab90c4a68/fabric-renderer-api-v1-3.4.1+9125b6dc19.jar
[24Sep2026 21:09:00.193] [main/WARN] [net.neoforged.jarjar.selection.JarSelector/]: Attempted to select a dependency jar for JarJar which was passed in as source: library:sable_rapier. Using Mod File: /home/sqvizers/.gradle/caches/modules-2/files-2.1/dev.ryanhcode.sable/sable-sable_rapier-1.21.1/2.0.3/a88c0860320890144b6b44c332a2a2db3a61e189/sable-sable_rapier-1.21.1-2.0.3.jar
[24Sep2026 21:09:00.193] [main/WARN] [net.neoforged.jarjar.selection.JarSelector/]: Attempted to select a dependency jar for JarJar which was passed in as source: ae2wtlib_api. Using Mod File: /home/sqvizers/.gradle/caches/modules-2/files-2.1/de.mari_023/ae2wtlib_api/19.5.0/93e3697372d0138ac1aec3d5616ed6c4bf5e03d7/ae2wtlib_api-19.5.0.jar
[24Sep2026 21:09:00.193] [main/WARN] [net.neoforged.jarjar.selection.JarSelector/]: Attempted to select a dependency jar for JarJar which was passed in as source: ponder. Using Mod File: /home/sqvizers/.gradle/caches/modules-2/files-2.1/net.createmod.ponder/ponder-neoforge/1.0.87+mc1.21.1/7783eeff0389f8c6003457133b9dd98e903266c6/ponder-neoforge-1.0.87+mc1.21.1.jar
[24Sep2026 21:09:00.193] [main/WARN] [net.neoforged.jarjar.selection.JarSelector/]: Attempted to select a dependency jar for JarJar which was passed in as source: flywheel. Using Mod File: /home/sqvizers/.gradle/caches/modules-2/files-2.1/dev.engine-room.flywheel/flywheel-neoforge-1.21.1/1.0.7-48/2a96eb713800902a3de3dc4f345493661754db9f/flywheel-neoforge-1.21.1-1.0.7-48.jar
[24Sep2026 21:09:00.194] [main/WARN] [net.neoforged.jarjar.selection.JarSelector/]: Attempted to select a dependency jar for JarJar which was passed in as source: sablecompanion. Using Mod File: /home/sqvizers/.gradle/caches/modules-2/files-2.1/dev.ryanhcode.sable-companion/sable-companion-common-1.21.1/1.6.0/370be7db705926176e05c0215ed676150c45daae/sable-companion-common-1.21.1-1.6.0.jar
[24Sep2026 21:09:00.194] [main/WARN] [net.neoforged.jarjar.selection.JarSelector/]: Attempted to select a dependency jar for JarJar which was passed in as source: fabric_block_view_api_v2. Using Mod File: /home/sqvizers/.gradle/caches/modules-2/files-2.1/org.sinytra.forgified-fabric-api/fabric-block-view-api-v2/1.0.10+9afaaf8c19/3bfe4bbaf18fc388e471c7b6c6271d06d9ed2ffa/fabric-block-view-api-v2-1.0.10+9afaaf8c19.jar
[24Sep2026 21:09:00.194] [main/WARN] [net.neoforged.jarjar.selection.JarSelector/]: Attempted to select a dependency jar for JarJar which was passed in as source: veil. Using Mod File: /home/sqvizers/.gradle/caches/modules-2/files-2.1/curse.maven/veil-lib-1517006/8236124/642ec0bd02213ee087d86eda553d6d79c6a04d2b/veil-lib-1517006-8236124.jar
[24Sep2026 21:09:00.194] [main/WARN] [net.neoforged.jarjar.selection.JarSelector/]: Attempted to select a dependency jar for JarJar which was passed in as source: betteradvancedtooltips. Using Mod File: /home/sqvizers/.gradle/caches/modules-2/files-2.1/dev.latvian.mods/better-advanced-tooltips/2101.1.0-build.1/4f9175f55758c06edba610cc8a32d317b15e8726/better-advanced-tooltips-2101.1.0-build.1.jar
[24Sep2026 21:09:00.194] [main/WARN] [net.neoforged.jarjar.selection.JarSelector/]: Attempted to select a dependency jar for JarJar which was passed in as source: fabric_rendering_data_attachment_v1. Using Mod File: /home/sqvizers/.gradle/caches/modules-2/files-2.1/org.sinytra.forgified-fabric-api/fabric-rendering-data-attachment-v1/0.3.48+73761d2e19/2dec5cb3ffb4bb3c443d61f25f28e15bb988f2b1/fabric-rendering-data-attachment-v1-0.3.48+73761d2e19.jar
[24Sep2026 21:09:00.195] [main/WARN] [net.neoforged.jarjar.selection.JarSelector/]: Attempted to select a dependency jar for JarJar which was passed in as source: library:Registrate.MC1._21._67. Using Mod File: /home/sqvizers/.gradle/caches/modules-2/files-2.1/com.tterrag.registrate/Registrate/MC1.21-1.3.0+67/66ddc4cd56472fea1ea1a24182901e6c92a51c0a/Registrate-MC1.21-1.3.0+67.jar
[24Sep2026 21:09:00.195] [main/INFO] [net.neoforged.fml.loading.moddiscovery.locators.JarInJarDependencyLocator/]: Found 23 dependencies adding them to mods collection
[24Sep2026 21:09:00.197] [main/INFO] [net.neoforged.fml.loading.moddiscovery.ModDiscoverer/]: 
     Mod List:
		Name Version (Mod Id)

		AE2WTLib 19.5.0 (ae2wtlib)
		AE2WTLib API 19.5.0 (ae2wtlib_api)
		Applied Energistics 2 19.2.17 (ae2)
		Architectury 13.0.8 (architectury)
		Ars Nouveau 5.12.0 (ars_nouveau)
		Better Advanced Tooltips 2101.1.0-build.1 (betteradvancedtooltips)
		Botania 452-SNAPSHOT (botania)
		Cloth Config v15 API 15.0.140 (cloth_config)
		Configuration 3.1.1 (configuration)
		Create 6.0.10 (create)
		Create Aeronautics 1.3.0 (aeronautics)
		Create Offroad 1.3.0 (offroad)
		Create Simulated 1.3.0 (simulated)
		Create: Cosmonautics 1.4.0rc1 (rocketnautics)
		Curios API 9.5.1+1.21.1 (curios)
		Effortless Building 4.1 (effortlessbuilding)
		Embers Re-Ignited 1.21.1-1.5.4 (embers)
		EMI 1.1.24+1.21.1+neoforge (emi)
		Farmer's Delight 1.2.9 (farmersdelight)
		Flywheel 1.0.7-48 (flywheel)
		ForgeBorn: Core 0.0.1 (forgeborncore)
		Forgified Fabric API Base 0.4.42+d1308ded19 (fabric_api_base)
		Forgified Fabric BlockView API (v2) 1.0.10+9afaaf8c19 (fabric_block_view_api_v2)
		Forgified Fabric Renderer API (v1) 3.4.1+9125b6dc19 (fabric_renderer_api_v1)
		Forgified Fabric Rendering Data Attachment (v1) 0.3.48+73761d2e19 (fabric_rendering_data_attachment_v1)
		FTB Chunks 2101.1.1 (ftbchunks)
		FTB Library 2101.1.32 (ftblibrary)
		FTB Quests 2101.1.27 (ftbquests)
		FTB Teams 2101.1.10 (ftbteams)
		GeckoLib 4 4.8.4 (geckolib)
		GregTech 8.0.0 (gtceu)
		GuideME 21.1.16 (guideme)
		Infiniverse 2.0.1.0 (infiniverse)
		Iris 1.8.14-beta.1+mc1.21.1 (iris)
		Jade 15.10.5+neoforge (jade)
		JourneyMap API 2.0.0 (journeymap_api)
		Just Enough Items 19.25.1.328 (jei)
		KubeJS 2101.7.2-build.368 (kubejs)
		LambDynamicLights (API) 4.5.1+1.21.1 (lambdynlights_api)
		Legendary Survival Overhaul 2.4.2 (legendarysurvivaloverhaul)
		Lodestone 1.8.2 (lodestone)
		LowDragLib 1.0.35.a (ldlib)
		Malum 1.8.2 (malum)
		Minecraft 1.21.1 (minecraft)
		Modonomicon 1.120.1 (modonomicon)
		ModularUI 3.3.1-SNAPSHOT (modularui)
		Nebulae AE2 0.1.0 (nebulaeae2)
		NeoForge 21.1.248 (neoforge)
		Nuggets 1.1.0.48 (nuggets)
		Occultism 1.221.0 (occultism)
		Patchouli 1.21.1-93-NEOFORGE (patchouli)
		PhoenixChromaticCodes 1.10 (phoenix_chromatic_codes)
		Ponder 1.0.87+mc1.21.1 (ponder)
		Resourceful Lib 3.0.12 (resourcefullib)
		Rhino 2101.2.7-build.85 (rhino)
		Sable 2.0.3 (sable)
		Sable Companion 1.6.0 (sablecompanion)
		SmartBrainLib 1.16.11 (smartbrainlib)
		Sodium 0.8.12-beta.1+mc1.21.1 (sodium)
		Space Gravity 1.0.3 (space_gravity)
		The Afterdark 1.0.3.1 (the_afterdark)
		The Undergarden 0.9.6 (undergarden)
		Vanillin 1.1.3-41 (vanillin)
		Veil 4.1.4 (veil)
		World Stripper 5.0.0 (worldstripper)
		Xaero's Minimap 25.3.10 (xaerominimap)
		Xaero's World Map 1.40.11 (xaeroworldmap)
		XaeroLib 1.1.0 (xaerolib)
[24Sep2026 21:09:00.458] [main/INFO] [net.neoforged.fml.loading.FMLServiceProvider/CORE]: Loading coremod script-engine for [xaeroworldmap, xaerominimap]
[24Sep2026 21:09:02.121] [main/INFO] [mixin/]: Compatibility level set to JAVA_21
[24Sep2026 21:09:02.195] [main/INFO] [cpw.mods.modlauncher.LaunchServiceHandler/MODLAUNCHER]: Launching target 'forgeclientdev' with arguments [--version, 21.1.248, --gameDir, ., --assetsDir, /home/sqvizers/.gradle/caches/neoformruntime/assets, --assetIndex, 17]
[24Sep2026 21:09:02.224] [main/WARN] [mixin/]: Reference map 'geckolib.refmap.json' for geckolib.mixins.json could not be read. If this is a development environment you can ignore this message
[24Sep2026 21:09:02.228] [main/WARN] [mixin/]: Reference map 'xaerolib.refmap.json' for xaerolib.mixins.json could not be read. If this is a development environment you can ignore this message
[24Sep2026 21:09:02.240] [main/WARN] [mixin/]: Reference map 'aeronautics.refmap.json' for aeronautics.mixins.json could not be read. If this is a development environment you can ignore this message
[24Sep2026 21:09:02.243] [main/WARN] [mixin/]: Reference map 'xaeroworldmap.refmap.json' for xaeroworldmap.mixins.json could not be read. If this is a development environment you can ignore this message
[24Sep2026 21:09:02.245] [main/WARN] [mixin/]: Reference map 'iris.refmap.json' for mixins.iris.json could not be read. If this is a development environment you can ignore this message
[24Sep2026 21:09:02.246] [main/WARN] [mixin/]: Reference map 'iris.refmap.json' for mixins.iris.fantastic.json could not be read. If this is a development environment you can ignore this message
[24Sep2026 21:09:02.246] [main/WARN] [mixin/]: Reference map 'iris.refmap.json' for mixins.iris.vertexformat.json could not be read. If this is a development environment you can ignore this message
[24Sep2026 21:09:02.247] [main/WARN] [mixin/]: Reference map 'iris.refmap.json' for iris-batched-entity-rendering.mixins.json could not be read. If this is a development environment you can ignore this message
[24Sep2026 21:09:02.247] [main/WARN] [mixin/]: Reference map 'iris.refmap.json' for mixins.iris.compat.sodium.json could not be read. If this is a development environment you can ignore this message
[24Sep2026 21:09:02.262] [main/WARN] [mixin/]: Reference map 'simulated.refmap.json' for simulated.mixins.json could not be read. If this is a development environment you can ignore this message
[24Sep2026 21:09:02.265] [main/WARN] [mixin/]: Reference map 'nuggets.refmap.json' for nuggets.mixins.json could not be read. If this is a development environment you can ignore this message
[24Sep2026 21:09:02.275] [main/INFO] [Sodium/]: Loaded configuration file for Sodium: 45 options available, 1 override(s) found
[24Sep2026 21:09:02.276] [main/WARN] [mixin/]: Reference map 'offroad.refmap.json' for offroad.mixins.json could not be read. If this is a development environment you can ignore this message
[24Sep2026 21:09:02.282] [main/WARN] [mixin/]: Reference map 'configuration.refmap.json' for configuration.mixins.json could not be read. If this is a development environment you can ignore this message
[24Sep2026 21:09:02.289] [main/WARN] [mixin/]: Reference map 'gtceu.refmap.json' for gtceu.mixins.json could not be read. If this is a development environment you can ignore this message
[24Sep2026 21:09:02.289] [main/WARN] [mixin/]: Reference map 'gtceu.refmap.json' for mixin_configs/gtceu-neoforge.mixins.json could not be read. If this is a development environment you can ignore this message
[24Sep2026 21:09:02.290] [main/WARN] [mixin/]: Reference map 'gtceu.refmap.json' for mixin_configs/gtceu-sodium.mixins.json could not be read. If this is a development environment you can ignore this message
[24Sep2026 21:09:02.290] [main/WARN] [mixin/]: Reference map 'gtceu.refmap.json' for mixin_configs/gtceu-iris.mixins.json could not be read. If this is a development environment you can ignore this message
[24Sep2026 21:09:02.290] [main/WARN] [mixin/]: Reference map 'gtceu.refmap.json' for mixin_configs/gtceu-emi.mixins.json could not be read. If this is a development environment you can ignore this message
[24Sep2026 21:09:02.291] [main/WARN] [mixin/]: Reference map 'gtceu.refmap.json' for mixin_configs/gtceu-jei.mixins.json could not be read. If this is a development environment you can ignore this message
[24Sep2026 21:09:02.291] [main/WARN] [mixin/]: Reference map 'gtceu.refmap.json' for mixin_configs/gtceu-ftbchunks.mixins.json could not be read. If this is a development environment you can ignore this message
[24Sep2026 21:09:02.291] [main/WARN] [mixin/]: Reference map 'gtceu.refmap.json' for mixin_configs/gtceu-xaerominimap.mixins.json could not be read. If this is a development environment you can ignore this message
[24Sep2026 21:09:02.292] [main/WARN] [mixin/]: Reference map 'gtceu.refmap.json' for mixin_configs/gtceu-xaeroworldmap.mixins.json could not be read. If this is a development environment you can ignore this message
[24Sep2026 21:09:02.292] [main/WARN] [mixin/]: Reference map 'gtceu.refmap.json' for mixin_configs/gtceu-sable.mixins.json could not be read. If this is a development environment you can ignore this message
[24Sep2026 21:09:02.293] [main/WARN] [mixin/]: Reference map 'botania.refmap.json' for botania.xplat.mixins.json could not be read. If this is a development environment you can ignore this message
[24Sep2026 21:09:02.294] [main/WARN] [mixin/]: Reference map 'botania.refmap.json' for botania.neoforge.mixins.json could not be read. If this is a development environment you can ignore this message
[24Sep2026 21:09:02.300] [main/WARN] [mixin/]: Reference map 'ponder.refmap.json' for ponder-common.mixins.json could not be read. If this is a development environment you can ignore this message
[24Sep2026 21:09:02.305] [main/INFO] [dev.ryanhcode.sable.mixin.AbstractSableMixinPlugin/]: Using Sodium renderer mixins
[24Sep2026 21:09:02.306] [main/INFO] [dev.ryanhcode.sable.mixin.AbstractSableMixinPlugin/]: Using Sodium renderer mixins
[24Sep2026 21:09:02.307] [main/WARN] [mixin/]: Reference map 'patchouli.refmap.json' for patchouli_xplat.mixins.json could not be read. If this is a development environment you can ignore this message
[24Sep2026 21:09:02.309] [main/WARN] [mixin/]: Reference map 'xaerominimap.refmap.json' for xaerohud.mixins.json could not be read. If this is a development environment you can ignore this message
[24Sep2026 21:09:02.309] [main/WARN] [mixin/]: Reference map 'xaerominimap.refmap.json' for xaerominimap.mixins.json could not be read. If this is a development environment you can ignore this message
[24Sep2026 21:09:02.310] [main/WARN] [mixin/]: Reference map 'curios.refmap.json' for curios.neoforge.mixins.json could not be read. If this is a development environment you can ignore this message
[24Sep2026 21:09:02.310] [main/WARN] [mixin/]: Reference map 'curios.refmap.json' for curios.mixins.json could not be read. If this is a development environment you can ignore this message
[24Sep2026 21:09:02.362] [main/WARN] [mixin/]: Reference map 'ars_nouveau.refmap.json' for ars_nouveau.mixins.json could not be read. If this is a development environment you can ignore this message
[24Sep2026 21:09:02.364] [main/WARN] [mixin/]: Reference map 'modularui.refmap.json' for modularui.mixins.json could not be read. If this is a development environment you can ignore this message
[24Sep2026 21:09:02.372] [main/WARN] [mixin/]: Reference map 'lodestone.refmap.json' for lodestone.mixins.json could not be read. If this is a development environment you can ignore this message
[24Sep2026 21:09:02.373] [main/WARN] [mixin/]: Reference map 'malum.refmap.json' for malum.mixins.json could not be read. If this is a development environment you can ignore this message
[24Sep2026 21:09:02.374] [main/WARN] [mixin/]: Reference map 'effortlessbuilding.refmap.json' for neoforge-effortlessbuilding.mixins.json could not be read. If this is a development environment you can ignore this message
[24Sep2026 21:09:02.378] [main/WARN] [mixin/]: Reference map 'phoenix_chromatic_codes.refmap.json' for phoenix_chromatic_codes.mixins.json could not be read. If this is a development environment you can ignore this message
[24Sep2026 21:09:02.751] [main/WARN] [mixin/]: Error loading class: com/portingdeadmods/cable_facades/events/GameClientEvents$2 (java.lang.ClassNotFoundException: com.portingdeadmods.cable_facades.events.GameClientEvents$2)
[24Sep2026 21:09:02.752] [main/WARN] [mixin/]: Error loading class: com/direwolf20/justdirethings/client/renderers/OurRenderTypes (java.lang.ClassNotFoundException: com.direwolf20.justdirethings.client.renderers.OurRenderTypes)
[24Sep2026 21:09:02.754] [main/WARN] [mixin/]: Error loading class: mekanism/client/render/entity/RenderFlame (java.lang.ClassNotFoundException: mekanism.client.render.entity.RenderFlame)
[24Sep2026 21:09:02.755] [main/WARN] [mixin/]: Error loading class: mekanism/client/render/armor/MekaSuitArmor (java.lang.ClassNotFoundException: mekanism.client.render.armor.MekaSuitArmor)
[24Sep2026 21:09:02.756] [main/WARN] [mixin/]: Error loading class: mekanism/client/render/lib/effect/BillboardingEffectRenderer (java.lang.ClassNotFoundException: mekanism.client.render.lib.effect.BillboardingEffectRenderer)
[24Sep2026 21:09:02.759] [main/WARN] [mixin/]: Error loading class: blusunrize/immersiveengineering/client/utils/IEGLShaders (java.lang.ClassNotFoundException: blusunrize.immersiveengineering.client.utils.IEGLShaders)
[24Sep2026 21:09:02.935] [main/WARN] [Sodium/]: Force-disabling mixin 'features.render.world.sky.ClientLevelMixin' as rule 'mixin.features.render.world.sky' (added by mods [iris]) disables it and children
[24Sep2026 21:09:02.937] [main/WARN] [Sodium/]: Force-disabling mixin 'features.render.world.sky.FogRendererMixin' as rule 'mixin.features.render.world.sky' (added by mods [iris]) disables it and children
[24Sep2026 21:09:02.938] [main/WARN] [Sodium/]: Force-disabling mixin 'features.render.world.sky.LevelRendererMixin' as rule 'mixin.features.render.world.sky' (added by mods [iris]) disables it and children
[24Sep2026 21:09:03.201] [main/WARN] [mixin/]: Error loading class: com/simibubi/create/foundation/ponder/PonderWorld (java.lang.ClassNotFoundException: com.simibubi.create.foundation.ponder.PonderWorld)
[24Sep2026 21:09:03.704] [main/WARN] [mixin/]: Error loading class: org/jetbrains/annotations/ApiStatus$ScheduledForRemoval (java.lang.ClassNotFoundException: org.jetbrains.annotations.ApiStatus$ScheduledForRemoval)
[24Sep2026 21:09:03.744] [main/INFO] [MixinExtras|Service/]: Initializing MixinExtras via com.llamalad7.mixinextras.service.MixinExtrasServiceImpl(version=0.5.3).
[24Sep2026 21:09:05.266] [Datafixer Bootstrap/INFO] [com.mojang.datafixers.DataFixerBuilder/]: 229 Datafixer optimizations took 177 milliseconds
[24Sep2026 21:09:09.297] [main/WARN] [net.minecraft.commands.Commands/]: Ambiguity between arguments [teleport, location] and [teleport, destination] with inputs: [0.1 -0.5 .9, 0 0 0]
[24Sep2026 21:09:09.299] [main/WARN] [net.minecraft.commands.Commands/]: Ambiguity between arguments [teleport, location] and [teleport, targets] with inputs: [0.1 -0.5 .9, 0 0 0]
[24Sep2026 21:09:09.302] [main/WARN] [net.minecraft.commands.Commands/]: Ambiguity between arguments [teleport, destination] and [teleport, targets] with inputs: [Player, 0123, @e, dd12be42-52a9-4a91-a8a1-11c01849e498]
[24Sep2026 21:09:09.304] [main/WARN] [net.minecraft.commands.Commands/]: Ambiguity between arguments [teleport, targets] and [teleport, destination] with inputs: [Player, 0123, dd12be42-52a9-4a91-a8a1-11c01849e498]
[24Sep2026 21:09:09.306] [main/WARN] [net.minecraft.commands.Commands/]: Ambiguity between arguments [teleport, targets, location] and [teleport, targets, destination] with inputs: [0.1 -0.5 .9, 0 0 0]
[24Sep2026 21:09:09.392] [Render thread/WARN] [net.minecraft.server.packs.VanillaPackResourcesBuilder/]: Assets URL 'union:/home/sqvizers/IdeaProjects/ForgeBorn-Core/build/moddev/artifacts/neoforge-21.1.248.jar%23177!/assets/.mcassetsroot' uses unexpected schema
[24Sep2026 21:09:09.392] [Render thread/WARN] [net.minecraft.server.packs.VanillaPackResourcesBuilder/]: Assets URL 'union:/home/sqvizers/IdeaProjects/ForgeBorn-Core/build/moddev/artifacts/neoforge-21.1.248.jar%23177!/data/.mcassetsroot' uses unexpected schema
[24Sep2026 21:09:09.409] [Render thread/INFO] [com.mojang.authlib.yggdrasil.YggdrasilAuthenticationService/]: Environment: Environment[sessionHost=https://sessionserver.mojang.com, servicesHost=https://api.minecraftservices.com, name=PROD]
[24Sep2026 21:09:09.416] [Render thread/INFO] [net.minecraft.client.Minecraft/]: Setting user: Dev
[24Sep2026 21:09:09.559] [Render thread/INFO] [net.minecraft.client.Minecraft/]: Backend library: LWJGL version 3.3.3+5
[24Sep2026 21:09:09.588] [Render thread/INFO] [com.mojang.blaze3d.platform.Window/]: OpenGL Vendor: NVIDIA Corporation
[24Sep2026 21:09:09.588] [Render thread/INFO] [com.mojang.blaze3d.platform.Window/]: OpenGL Renderer: NVIDIA GeForce RTX 3050 Laptop GPU/PCIe/SSE2
[24Sep2026 21:09:09.588] [Render thread/INFO] [com.mojang.blaze3d.platform.Window/]: OpenGL Version: 4.6.0 NVIDIA 615.71.09
[24Sep2026 21:09:09.591] [Render thread/INFO] [Sodium-NvidiaWorkarounds/]: Modifying OpenGL context to apply workarounds for the NVIDIA graphics driver...
[24Sep2026 21:09:09.892] [Render thread/INFO] [Iris/]: Debug functionality is disabled.
[24Sep2026 21:09:09.894] [Render thread/INFO] [Iris/]: OpenGL 4.5 detected, enabling DSA.
[24Sep2026 21:09:09.926] [Render thread/INFO] [Iris/]: Shaders are disabled because no valid shaderpack is selected
[24Sep2026 21:09:10.139] [modloading-worker-0/INFO] [Veil/]: Veil is initializing.
[24Sep2026 21:09:10.142] [modloading-worker-0/INFO] [LowDragLib/]: LowDragLib is initializing on platform: NeoForge
[24Sep2026 21:09:10.181] [modloading-worker-0/INFO] [net.neoforged.neoforge.common.NeoForgeMod/NEOFORGE-MOD]: NeoForge mod loading, version 21.1.248, for MC 1.21.1
[24Sep2026 21:09:10.215] [modloading-worker-0/INFO] [dev.devce.rocketnautics.RocketNautics/]: Initializing Cosmonautics!
[24Sep2026 21:09:10.595] [modloading-worker-0/WARN] [AE2:C/]: Unable to find class com.simibubi.create.foundation.ponder.PonderWorld. Integration with PonderJS disabled.
[24Sep2026 21:09:10.620] [modloading-worker-0/INFO] [xaero.map.WorldMap/]: Registering common data for channel xaeroworldmap:main!
[24Sep2026 21:09:10.673] [modloading-worker-0/WARN] [patchouli/]: Could not locate JEI keybindings, lookups in books may not work
[24Sep2026 21:09:10.686] [modloading-worker-0/INFO] [xaero.map.WorldMap/]: Registering client data for channel xaeroworldmap:main!
[24Sep2026 21:09:10.791] [modloading-worker-0/INFO] [Configuration/FileWatching]: Registered configuration config for auto-sync function
[24Sep2026 21:09:10.794] [modloading-worker-0/INFO] [xaero.map.WorldMap/]: Loading primary common config for channel xaeroworldmap:main!
[24Sep2026 21:09:10.801] [modloading-worker-0/INFO] [xaero.map.WorldMap/]: Loading server config profiles for channel xaeroworldmap:main!
[24Sep2026 21:09:10.804] [modloading-worker-0/INFO] [xaero.map.WorldMap/]: Loading primary client config for channel xaeroworldmap:main!
[24Sep2026 21:09:10.805] [modloading-worker-0/INFO] [xaero.map.WorldMap/]: Loading client config profiles for channel xaeroworldmap:main!
[24Sep2026 21:09:10.806] [modloading-worker-0/INFO] [xaero.lib.XaeroLib/]: Registering common data for channel xaerolib:main!
[24Sep2026 21:09:10.812] [modloading-worker-0/INFO] [xaero.lib.XaeroLib/]: Registering client data for channel xaerolib:main!
[24Sep2026 21:09:10.815] [modloading-worker-0/INFO] [xaero.lib.XaeroLib/]: Loading primary common config for channel xaerolib:main!
[24Sep2026 21:09:10.816] [modloading-worker-0/INFO] [xaero.lib.XaeroLib/]: Loading server config profiles for channel xaerolib:main!
[24Sep2026 21:09:10.817] [modloading-worker-0/INFO] [xaero.lib.XaeroLib/]: Loading primary client config for channel xaerolib:main!
[24Sep2026 21:09:10.817] [modloading-worker-0/INFO] [xaero.lib.XaeroLib/]: Loading client config profiles for channel xaerolib:main!
[24Sep2026 21:09:10.838] [modloading-worker-0/INFO] [com.simibubi.create.Create/]: Create 6.0.10 initializing! Commit hash: c308d004788fce2998bf41653f6d39412b6fc8ed
[24Sep2026 21:09:10.865] [modloading-worker-0/INFO] [xaero.common.HudMod/]: Registering common data for channel xaerominimap:main!
[24Sep2026 21:09:10.915] [modloading-worker-0/INFO] [worldstripper/]: Creating World Stripper directory
[24Sep2026 21:09:10.916] [modloading-worker-0/INFO] [worldstripper/]: Reading World Stripper JSON file
[24Sep2026 21:09:10.926] [modloading-worker-0/INFO] [xaero.common.HudMod/]: Registering client data for channel xaerominimap:main!
[24Sep2026 21:09:10.935] [modloading-worker-0/INFO] [dev.devce.rocketnautics.registry.NodeDefinitionLoader/]: [NodeDefinitionLoader] Registered 35 data-driven nodes.
[24Sep2026 21:09:10.955] [modloading-worker-0/INFO] [xaero.common.HudMod/]: Loading primary common config for channel xaerominimap:main!
[24Sep2026 21:09:10.956] [modloading-worker-0/INFO] [xaero.common.HudMod/]: Loading server config profiles for channel xaerominimap:main!
[24Sep2026 21:09:10.957] [modloading-worker-0/INFO] [xaero.common.HudMod/]: Loading primary client config for channel xaerominimap:main!
[24Sep2026 21:09:10.958] [modloading-worker-0/INFO] [xaero.common.HudMod/]: Loading client config profiles for channel xaerominimap:main!
[24Sep2026 21:09:11.169] [modloading-worker-0/INFO] [Configuration/FileWatching]: Registered phoenix_chromatic_codes config for auto-sync function
[24Sep2026 21:09:11.190] [modloading-worker-0/INFO] [net.phoenix.chromatic_codes.api.ChromaticColors/]: Phoenix Colors: Mapping §z to #BF00FF
[24Sep2026 21:09:11.191] [modloading-worker-0/INFO] [net.phoenix.chromatic_codes.api.ChromaticColors/]: Phoenix Colors: Mapping §t to #00FF80
[24Sep2026 21:09:11.191] [modloading-worker-0/INFO] [net.phoenix.chromatic_codes.api.ChromaticColors/]: Phoenix Colors: Mapping §s to #0B585C
[24Sep2026 21:09:11.197] [modloading-worker-0/INFO] [net.phoenix.chromatic_codes.api.ChromaticColors/]: Phoenix Colors: Mapping §[phoenix] to #BF00FF
[24Sep2026 21:09:11.200] [modloading-worker-0/INFO] [net.phoenix.chromatic_codes.PhoenixChromaticCodes/]: Phoenix Chromatic: Registering §w with effect wave on font phoenix_chromatic_codes:code_119
[24Sep2026 21:09:11.200] [modloading-worker-0/INFO] [net.phoenix.chromatic_codes.PhoenixChromaticCodes/]: Phoenix Chromatic: Registering §p with effect pulse on font phoenix_chromatic_codes:code_112
[24Sep2026 21:09:11.200] [modloading-worker-0/INFO] [net.phoenix.chromatic_codes.PhoenixChromaticCodes/]: Phoenix Chromatic: Registering §* with effect static_rainbow on font phoenix_chromatic_codes:code_42
[24Sep2026 21:09:11.201] [modloading-worker-0/INFO] [net.phoenix.chromatic_codes.PhoenixChromaticCodes/]: Phoenix Chromatic: Registering §g with effect glitch on font phoenix_chromatic_codes:code_103
[24Sep2026 21:09:11.201] [modloading-worker-0/INFO] [net.phoenix.chromatic_codes.PhoenixChromaticCodes/]: Phoenix Chromatic: Registering §y with effect none on font phoenix_chromatic_codes:code_121
[24Sep2026 21:09:11.201] [modloading-worker-0/ERROR] [net.phoenix.chromatic_codes.PhoenixChromaticCodes/]: Could not find movement type: discord. Defaulting to static.
[24Sep2026 21:09:11.201] [modloading-worker-0/INFO] [net.phoenix.chromatic_codes.PhoenixChromaticCodes/]: Phoenix Chromatic: Registering §^ with effect discord on font phoenix_chromatic_codes:code_94
[24Sep2026 21:09:11.201] [modloading-worker-0/INFO] [net.phoenix.chromatic_codes.PhoenixChromaticCodes/]: Phoenix Chromatic: Registering §$ with effect breath on font phoenix_chromatic_codes:code_36
[24Sep2026 21:09:11.201] [modloading-worker-0/INFO] [net.phoenix.chromatic_codes.PhoenixChromaticCodes/]: Phoenix Chromatic: Registering §- with effect stretch on font phoenix_chromatic_codes:code_45
[24Sep2026 21:09:11.202] [modloading-worker-0/INFO] [net.phoenix.chromatic_codes.PhoenixChromaticCodes/]: Phoenix Chromatic: Registering §[rainbow] with effect wave on font phoenix_chromatic_codes:named_973576630
[24Sep2026 21:09:11.202] [modloading-worker-0/INFO] [net.phoenix.chromatic_codes.PhoenixChromaticCodes/]: Phoenix Chromatic: Registering §[matrix] with effect glitch on font phoenix_chromatic_codes:named_1081239615
[24Sep2026 21:09:11.203] [modloading-worker-0/INFO] [net.phoenix.chromatic_codes.PhoenixChromaticCodes/]: Phoenix Chromatic: Registering §[big] with effect size on font phoenix_chromatic_codes:named_97536
[24Sep2026 21:09:11.203] [modloading-worker-0/INFO] [net.phoenix.chromatic_codes.PhoenixChromaticCodes/]: Phoenix Chromatic: Registering §[huge] with effect size on font phoenix_chromatic_codes:named_3213995
[24Sep2026 21:09:11.203] [modloading-worker-0/INFO] [net.phoenix.chromatic_codes.PhoenixChromaticCodes/]: Phoenix Chromatic: Registering §[frozen] with effect none on font phoenix_chromatic_codes:named_1266085216
[24Sep2026 21:09:11.204] [modloading-worker-0/INFO] [net.phoenix.chromatic_codes.PhoenixChromaticCodes/]: Phoenix Chromatic: Registering §[glossy] with effect mirror on font phoenix_chromatic_codes:named_1243003473
[24Sep2026 21:09:11.211] [modloading-worker-0/INFO] [net.phoenix.chromatic_codes.PhoenixChromaticCodes/]: Phoenix Chromatic: Registering §[sunset] with effect vertical on font phoenix_chromatic_codes:named_891172202
[24Sep2026 21:09:11.213] [modloading-worker-0/INFO] [net.phoenix.chromatic_codes.PhoenixChromaticCodes/]: Phoenix Chromatic: Registering §[spaced] with effect spacing on font phoenix_chromatic_codes:named_896192482
[24Sep2026 21:09:11.213] [modloading-worker-0/INFO] [net.phoenix.chromatic_codes.PhoenixChromaticCodes/]: Phoenix Chromatic: Registering §[speed] with effect slant on font phoenix_chromatic_codes:named_109641799
[24Sep2026 21:09:11.213] [modloading-worker-0/INFO] [mezz.jei.library.load.PluginCaller/]: Sending ConfigManager...
[24Sep2026 21:09:11.214] [modloading-worker-0/INFO] [net.phoenix.chromatic_codes.PhoenixChromaticCodes/]: Phoenix Chromatic: Registering §[neon_ocean] with effect rainbow_wave on font phoenix_chromatic_codes:named_461017771
[24Sep2026 21:09:11.216] [modloading-worker-0/INFO] [net.phoenix.chromatic_codes.PhoenixChromaticCodes/]: Phoenix Chromatic: Registering §[cyber] with effect chroma on font phoenix_chromatic_codes:named_95130713
[24Sep2026 21:09:11.218] [modloading-worker-0/INFO] [net.phoenix.chromatic_codes.PhoenixChromaticCodes/]: Phoenix Chromatic: Registering §[uphill] with effect shear on font phoenix_chromatic_codes:named_838719652
[24Sep2026 21:09:11.219] [modloading-worker-0/INFO] [net.phoenix.chromatic_codes.PhoenixChromaticCodes/]: Phoenix Chromatic: Registering §[rgb_ticker] with effect chroma_wave on font phoenix_chromatic_codes:named_1580687684
[24Sep2026 21:09:11.221] [modloading-worker-0/INFO] [net.phoenix.chromatic_codes.PhoenixChromaticCodes/]: Phoenix Chromatic: Registering §[jelly] with effect wobble on font phoenix_chromatic_codes:named_101009374
[24Sep2026 21:09:11.222] [modloading-worker-0/INFO] [net.phoenix.chromatic_codes.PhoenixChromaticCodes/]: Phoenix Chromatic: Registering §[elastic] with effect compress on font phoenix_chromatic_codes:named_1666338091
[24Sep2026 21:09:11.223] [modloading-worker-0/INFO] [net.phoenix.chromatic_codes.PhoenixChromaticCodes/]: Phoenix Chromatic: Registering §[ghost] with effect fade on font phoenix_chromatic_codes:named_98331279
[24Sep2026 21:09:11.227] [modloading-worker-0/INFO] [net.phoenix.chromatic_codes.PhoenixChromaticCodes/]: Phoenix Chromatic: Registering §[3d_block] with effect 3d on font phoenix_chromatic_codes:named_58670431
[24Sep2026 21:09:11.227] [modloading-worker-0/INFO] [net.phoenix.chromatic_codes.PhoenixChromaticCodes/]: Phoenix Chromatic: Registering §[digital] with effect matrix_rain on font phoenix_chromatic_codes:named_1660481048
[24Sep2026 21:09:11.228] [modloading-worker-0/INFO] [net.phoenix.chromatic_codes.PhoenixChromaticCodes/]: Phoenix Chromatic: Registering §[flip] with effect 3d_spin on font phoenix_chromatic_codes:named_3145837
[24Sep2026 21:09:11.228] [modloading-worker-0/INFO] [net.phoenix.chromatic_codes.PhoenixChromaticCodes/]: Phoenix Chromatic: Registering §[plasma] with effect liquid_plasma on font phoenix_chromatic_codes:named_985758398
[24Sep2026 21:09:11.229] [modloading-worker-0/INFO] [net.phoenix.chromatic_codes.api.ChromaticColors/]: Phoenix Colors: Mapping §z to #BF00FF
[24Sep2026 21:09:11.229] [modloading-worker-0/INFO] [net.phoenix.chromatic_codes.api.ChromaticColors/]: Phoenix Colors: Mapping §t to #00FF80
[24Sep2026 21:09:11.229] [modloading-worker-0/INFO] [net.phoenix.chromatic_codes.api.ChromaticColors/]: Phoenix Colors: Mapping §s to #0B585C
[24Sep2026 21:09:11.229] [modloading-worker-0/INFO] [net.phoenix.chromatic_codes.api.ChromaticColors/]: Phoenix Colors: Mapping §[phoenix] to #BF00FF
[24Sep2026 21:09:11.237] [modloading-worker-0/INFO] [mezz.jei.library.load.PluginCaller/]: Sending ConfigManager took 22.60 milliseconds
[24Sep2026 21:09:11.291] [modloading-worker-0/INFO] [KubeJS Startup/]: Capturing errors for startup scripts enabled
[24Sep2026 21:09:11.292] [modloading-worker-0/INFO] [KubeJS Client/]: Capturing errors for client scripts enabled
[24Sep2026 21:09:11.292] [modloading-worker-0/INFO] [KubeJS/]: Loading vanilla registries...
[24Sep2026 21:09:11.318] [modloading-worker-0/INFO] [KubeJS/]: Looking for KubeJS plugins...
[24Sep2026 21:09:11.323] [modloading-worker-0/INFO] [KubeJS/]: Found plugin source kubejs
[24Sep2026 21:09:11.333] [modloading-worker-0/INFO] [KubeJS/]: Found plugin source ldlib
[24Sep2026 21:09:11.335] [modloading-worker-0/INFO] [KubeJS/]: Found plugin source gtceu
[24Sep2026 21:09:11.341] [modloading-worker-0/INFO] [KubeJS/]: Found plugin source malum
[24Sep2026 21:09:11.348] [modloading-worker-0/INFO] [KubeJS/]: Done in 25.98 ms
[24Sep2026 21:09:12.513] [modloading-worker-0/INFO] [KubeJS Startup/]: startup_scripts:main.js#3: Hello, World! (Loaded startup example script)
[24Sep2026 21:09:12.515] [modloading-worker-0/INFO] [KubeJS Startup/]: Loaded script startup_scripts:main.js in 0.039 s
[24Sep2026 21:09:12.530] [modloading-worker-0/INFO] [KubeJS Startup/]: Loaded script startup_scripts:registry/item.js in 0.015 s
[24Sep2026 21:09:12.533] [modloading-worker-0/INFO] [KubeJS Startup/]: Loaded 2/2 KubeJS startup scripts in 1.167 s with 0 errors and 0 warnings
[24Sep2026 21:09:12.550] [modloading-worker-0/INFO] [KubeJS Client/]: client_scripts:example.js#5: Hello, World! (Loaded client scripts)
[24Sep2026 21:09:12.551] [modloading-worker-0/INFO] [KubeJS Client/]: Loaded script client_scripts:example.js in 0.0 s
[24Sep2026 21:09:12.551] [modloading-worker-0/INFO] [KubeJS Client/]: client_scripts:main.js#2: Hello, World! (Loaded client example script)
[24Sep2026 21:09:12.551] [modloading-worker-0/INFO] [KubeJS Client/]: Loaded script client_scripts:main.js in 0.0 s
[24Sep2026 21:09:12.551] [modloading-worker-0/INFO] [KubeJS Client/]: Loaded 2/2 KubeJS client scripts in 0.017 s with 0 errors and 0 warnings
[24Sep2026 21:09:12.562] [modloading-worker-0/INFO] [KubeJS Startup/]: Validated 418 files in kubejs/assets/ in 8ms
[24Sep2026 21:09:12.563] [modloading-worker-0/INFO] [KubeJS Startup/]: Validated 1 files in kubejs/data/ in 1ms
[24Sep2026 21:09:12.620] [modloading-worker-0/INFO] [Configuration/FileWatching]: Registered gtceu config for auto-sync function
[24Sep2026 21:09:12.628] [modloading-worker-0/INFO] [GTCEu/]: High-Tier is Enabled.
[24Sep2026 21:09:12.721] [modloading-worker-0/INFO] [com.ghostipedia.nebulaeae2.NebulaeAE2/]: Nebulae initialised - Beginning AE2 Interception
[24Sep2026 21:09:12.982] [modloading-worker-0/INFO] [dev.ryanhcode.sable.Sable/]: Sable loaded!
[24Sep2026 21:09:12.995] [modloading-worker-0/WARN] [dev.ryanhcode.sable.Sable/]: NOTE: Sable is loaded with Flywheel. Sable contains extensive shader overrides and a full light-storage replacement. Expect this to cause compatibility issues. If issues arise, please report them to the Sable issue tracker (https://github.com/ryanhcode/sable/issues) instead of the Flywheel issue tracker.
[24Sep2026 21:09:13.039] [modloading-worker-0/WARN] [mixin/]: Method overwrite conflict for beforeMove in embers.mixins.json:EmberLinkTargetSubLevelAssemblyMixin from mod embers, previously written by com.rekindled.embers.mixin.EmberLinkSubLevelAssemblyMixin. Skipping method.
[24Sep2026 21:09:13.040] [modloading-worker-0/WARN] [mixin/]: Method overwrite conflict for afterMove in embers.mixins.json:EmberLinkTargetSubLevelAssemblyMixin from mod embers, previously written by com.rekindled.embers.mixin.EmberLinkSubLevelAssemblyMixin. Skipping method.
[24Sep2026 21:09:13.133] [modloading-worker-0/INFO] [com.rekindled.embers.Embers/]: Delaying Embers config screen registration because Architectury or OmegaConfig is present
[24Sep2026 21:09:13.189] [modloading-sync-worker/INFO] [GTCEu/]: Registering GTCEu Materials
[24Sep2026 21:09:14.537] [modloading-sync-worker/INFO] [GTCEu/]: Firing material register late event
[24Sep2026 21:09:14.637] [modloading-sync-worker/WARN] [GTCEu/]: FluidStorageKey{gtceu:liquid} already has an associated fluid for material gtceu:water
[24Sep2026 21:09:14.647] [modloading-sync-worker/WARN] [GTCEu/]: FluidStorageKey{gtceu:liquid} already has an associated fluid for material gtceu:lava
[24Sep2026 21:09:14.647] [modloading-sync-worker/WARN] [GTCEu/]: FluidStorageKey{gtceu:liquid} already has an associated fluid for material gtceu:milk
[24Sep2026 21:09:18.588] [modloading-sync-worker/ERROR] [net.minecraft.Util/]: Entity forgeborncore:brawler_skeleton has no attributes
[24Sep2026 21:09:18.626] [modloading-sync-worker/WARN] [net.neoforged.fml.config.ConfigTracker/CONFIG]: Configuration file /home/sqvizers/IdeaProjects/ForgeBorn-Core/runs/client/config/malum-client.toml is not correct. Correcting
[24Sep2026 21:09:18.791] [Render thread/INFO] [Veil/]: GL Debug supported
[24Sep2026 21:09:18.816] [Render thread/INFO] [com.klikli_dev.occultism.Occultism/]: Block color registration complete.
[24Sep2026 21:09:18.816] [Render thread/INFO] [Sodium/]: Block undergarden:gloomgourd_stem had its color provider replaced with quek.undergarden.event.UndergardenClientEvents$$Lambda/0x00007fe90eea3528@7560ca1d and will not use per-vertex coloring
[24Sep2026 21:09:18.816] [Render thread/INFO] [Sodium/]: Block undergarden:gloomgourd_stem_attached had its color provider replaced with quek.undergarden.event.UndergardenClientEvents$$Lambda/0x00007fe90eea3528@7560ca1d and will not use per-vertex coloring
[24Sep2026 21:09:18.837] [Render thread/INFO] [com.klikli_dev.occultism.Occultism/]: Item color registration complete.
[24Sep2026 21:09:18.990] [Render thread/INFO] [com.klikli_dev.occultism.Occultism/]: Registered Particle Factories
[24Sep2026 21:09:19.005] [Render thread/INFO] [Iris/]: Hardware information:
[24Sep2026 21:09:19.005] [Render thread/INFO] [Iris/]: CPU: 16x AMD Ryzen 7 6800H with Radeon Graphics
[24Sep2026 21:09:19.005] [Render thread/INFO] [Iris/]: GPU: NVIDIA GeForce RTX 3050 Laptop GPU/PCIe/SSE2 (Supports OpenGL 4.6.0 NVIDIA 615.71.09)
[24Sep2026 21:09:19.005] [Render thread/INFO] [Iris/]: OS: Linux (7.2.5-1-cachyos)
[24Sep2026 21:09:19.098] [Render thread/INFO] [net.neoforged.neoforge.gametest.GameTestHooks/]: Enabled Gametest Namespaces: [forgeborncore]
[24Sep2026 21:09:19.660] [Render thread/ERROR] [com.mojang.text2speech.Narrator/]: Error while loading the narrator
com.mojang.text2speech.Narrator$InitializeException: Failed to load library flite
	at MC-BOOTSTRAP/text2speech@1.17.9/com.mojang.text2speech.NarratorLinux$FliteLibrary.loadNative(NarratorLinux.java:69) ~[text2speech-1.17.9.jar%23110!/:?]
	at MC-BOOTSTRAP/text2speech@1.17.9/com.mojang.text2speech.NarratorLinux.<init>(NarratorLinux.java:18) ~[text2speech-1.17.9.jar%23110!/:?]
	at MC-BOOTSTRAP/text2speech@1.17.9/com.mojang.text2speech.Narrator.getNarrator(Narrator.java:41) ~[text2speech-1.17.9.jar%23110!/:?]
	at TRANSFORMER/minecraft@1.21.1/net.minecraft.client.GameNarrator.<init>(GameNarrator.java:21) ~[neoforge-21.1.248.jar%23177!/:?]
	at TRANSFORMER/minecraft@1.21.1/net.minecraft.client.Minecraft.<init>(Minecraft.java:615) ~[neoforge-21.1.248.jar%23177!/:?]
	at TRANSFORMER/minecraft@1.21.1/net.minecraft.client.main.Main.main(Main.java:214) ~[neoforge-21.1.248.jar%23177!/:?]
	at java.base/jdk.internal.reflect.DirectMethodHandleAccessor.invoke(DirectMethodHandleAccessor.java:103) ~[?:?]
	at java.base/java.lang.reflect.Method.invoke(Method.java:580) ~[?:?]
	at MC-BOOTSTRAP/fml_loader@4.0.43/net.neoforged.fml.loading.targets.CommonLaunchHandler.runTarget(CommonLaunchHandler.java:136) ~[loader-4.0.43.jar%23134!/:4.0]
	at MC-BOOTSTRAP/fml_loader@4.0.43/net.neoforged.fml.loading.targets.CommonLaunchHandler.clientService(CommonLaunchHandler.java:124) ~[loader-4.0.43.jar%23134!/:4.0]
	at MC-BOOTSTRAP/fml_loader@4.0.43/net.neoforged.fml.loading.targets.NeoForgeClientDevLaunchHandler.runService(NeoForgeClientDevLaunchHandler.java:23) ~[loader-4.0.43.jar%23134!/:4.0]
	at MC-BOOTSTRAP/fml_loader@4.0.43/net.neoforged.fml.loading.targets.CommonLaunchHandler.lambda$launchService$4(CommonLaunchHandler.java:118) ~[loader-4.0.43.jar%23134!/:4.0]
	at MC-BOOTSTRAP/cpw.mods.modlauncher@11.0.5/cpw.mods.modlauncher.LaunchServiceHandlerDecorator.launch(LaunchServiceHandlerDecorator.java:30) [modlauncher-11.0.5.jar%23114!/:?]
	at MC-BOOTSTRAP/cpw.mods.modlauncher@11.0.5/cpw.mods.modlauncher.LaunchServiceHandler.launch(LaunchServiceHandler.java:53) [modlauncher-11.0.5.jar%23114!/:?]
	at MC-BOOTSTRAP/cpw.mods.modlauncher@11.0.5/cpw.mods.modlauncher.LaunchServiceHandler.launch(LaunchServiceHandler.java:71) [modlauncher-11.0.5.jar%23114!/:?]
	at MC-BOOTSTRAP/cpw.mods.modlauncher@11.0.5/cpw.mods.modlauncher.Launcher.run(Launcher.java:103) [modlauncher-11.0.5.jar%23114!/:?]
	at MC-BOOTSTRAP/cpw.mods.modlauncher@11.0.5/cpw.mods.modlauncher.Launcher.main(Launcher.java:74) [modlauncher-11.0.5.jar%23114!/:?]
	at MC-BOOTSTRAP/cpw.mods.modlauncher@11.0.5/cpw.mods.modlauncher.BootstrapLaunchConsumer.accept(BootstrapLaunchConsumer.java:26) [modlauncher-11.0.5.jar%23114!/:?]
	at MC-BOOTSTRAP/cpw.mods.modlauncher@11.0.5/cpw.mods.modlauncher.BootstrapLaunchConsumer.accept(BootstrapLaunchConsumer.java:23) [modlauncher-11.0.5.jar%23114!/:?]
	at cpw.mods.bootstraplauncher@2.0.2/cpw.mods.bootstraplauncher.BootstrapLauncher.run(BootstrapLauncher.java:210) [bootstraplauncher-2.0.2.jar:?]
	at cpw.mods.bootstraplauncher@2.0.2/cpw.mods.bootstraplauncher.BootstrapLauncher.main(BootstrapLauncher.java:69) [bootstraplauncher-2.0.2.jar:?]
	at java.base/jdk.internal.reflect.DirectMethodHandleAccessor.invoke(DirectMethodHandleAccessor.java:103) ~[?:?]
	at java.base/java.lang.reflect.Method.invoke(Method.java:580) ~[?:?]
	at net.neoforged.devlaunch.Main.main(Main.java:57) [DevLaunch-1.0.2.jar:?]
Caused by: java.lang.UnsatisfiedLinkError: Unable to load library 'flite':
libflite.so: cannot open shared object file: No such file or directory
libflite.so: cannot open shared object file: No such file or directory
Native library (linux-x86-64/libflite.so) not found in resource path (/home/sqvizers/IdeaProjects/ForgeBorn-Core/build/classes/java/main:/home/sqvizers/IdeaProjects/ForgeBorn-Core/build/resources/main:/home/sqvizers/IdeaProjects/ForgeBorn-Core/libs/gtceu-1.21.1-8.0.0.jar:/home/sqvizers/IdeaProjects/ForgeBorn-Core/libs/nebulaeae2-0.1.0.jar:/home/sqvizers/IdeaProjects/ForgeBorn-Core/build/moddev/artifacts/neoforge-21.1.248.jar:/home/sqvizers/IdeaProjects/ForgeBorn-Core/build/moddev/artifacts/neoforge-21.1.248-client-extra-aka-minecraft-resources.jar:/home/sqvizers/IdeaProjects/ForgeBorn-Core/libs/ldlib-neoforge-1.21.1-1.0.35.a-ccpatch.jar:/home/sqvizers/IdeaProjects/ForgeBorn-Core/build/libs/cc-sodium-neoforge-shell-lib-0.8.12-beta.1-mc1.21.1.jar:/home/sqvizers/.gradle/caches/modules-2/files-2.1/net.neoforged/DevLaunch/1.0.2/2e0e9a67793d5bfdedee4f9ea00934dbf3f2e22d/DevLaunch-1.0.2.jar:/home/sqvizers/.gradle/caches/modules-2/files-2.1/curse.maven/world-stripper-250603/5592921/97c2dc07373912d70fa1530f1ac8a0e45b9df3a3/world-stripper-250603-5592921.jar:/home/sqvizers/.gradle/caches/modules-2/files-2.1/dev.latvian.mods/kubejs-neoforge/2101.7.2-build.368/1f40f2225839a1af9eea011a5e58c88e5fbcb003/kubejs-neoforge-2101.7.2-build.368.jar:/home/sqvizers/.gradle/caches/modules-2/files-2.1/dev.latvian.mods/rhino/2101.2.7-build.85/d6a5fbd8f28c023b370dd0bbab89a225258db228/rhino-2101.2.7-build.85.jar:/home/sqvizers/.gradle/caches/modules-2/files-2.1/com.simibubi.create/create-1.21.1/6.0.10-281/79f11cca15c31cf0e6730fa343a443bf686ee39e/create-1.21.1-6.0.10-281.jar:/home/sqvizers/.gradle/caches/modules-2/files-2.1/dev.ftb.mods/ftb-quests-neoforge/2101.1.27/baf3a7f173d09c2b9800626109cf6ca5a52a6c19/ftb-quests-neoforge-2101.1.27.jar:/home/sqvizers/.gradle/caches/modules-2/files-2.1/dev.ftb.mods/ftb-chunks-neoforge/2101.1.1/65144990839f80c22be78357d50ae3a8ebce4b74/ftb-chunks-neoforge-2101.1.1.jar:/home/sqvizers/.gradle/caches/modules-2/files-2.1/dev.ftb.mods/ftb-teams-neoforge/2101.1.10/363376ae0fb22cb0527170fdf6a066d1da9b0225/ftb-teams-neoforge-2101.1.10.jar:/home/sqvizers/.gradle/caches/modules-2/files-2.1/dev.ftb.mods/ftb-library-neoforge/2101.1.32/836411988409e166020db2914cab5d4f93466fc4/ftb-library-neoforge-2101.1.32.jar:/home/sqvizers/.gradle/caches/modules-2/files-2.1/dev.architectury/architectury-neoforge/13.0.8/6544bdc09e6d291e1307230fc0b7289601e164fa/architectury-neoforge-13.0.8.jar:/home/sqvizers/.gradle/caches/modules-2/files-2.1/vazkii.botania/botania-neoforge-1.21.1/452-SNAPSHOT/bb7a15a3e38fbab1b802bdc76988cb4296994596/botania-neoforge-1.21.1-452-SNAPSHOT.jar:/home/sqvizers/.gradle/caches/modules-2/files-2.1/maven.modrinth/emi/1.1.24+1.21.1+neoforge/3fd494b37027dfbc7f78414d7cbf251c9eb6738a/emi-1.1.24+1.21.1+neoforge.jar:/home/sqvizers/.gradle/caches/modules-2/files-2.1/maven.modrinth/jade/15.10.5+neoforge/d5bf134b3dbde9f5258666823900e21341dc0a50/jade-15.10.5+neoforge.jar:/home/sqvizers/.gradle/caches/modules-2/files-2.1/de.mari_023/ae2wtlib/19.5.0/de72e7f4d8d9d29dbe7f8790644b32f6c5b9655f/ae2wtlib-19.5.0.jar:/home/sqvizers/.gradle/caches/modules-2/files-2.1/de.mari_023/ae2wtlib_api/19.5.0/93e3697372d0138ac1aec3d5616ed6c4bf5e03d7/ae2wtlib_api-19.5.0.jar:/home/sqvizers/.gradle/caches/modules-2/files-2.1/org.appliedenergistics/appliedenergistics2/19.2.17/49c18d6a4af487957d7e5a6ad5dcbf71090b8e14/appliedenergistics2-19.2.17.jar:/home/sqvizers/.gradle/caches/modules-2/files-2.1/org.appliedenergistics/guideme/21.1.16/db0509357e8d33b73dd17a7884dd7d6b9097223c/guideme-21.1.16.jar:/home/sqvizers/.gradle/caches/modules-2/files-2.1/me.shedaniel.cloth/cloth-config-neoforge/15.0.140/c3e5733ba4503b102589a026000fd5ce0212f6f2/cloth-config-neoforge-15.0.140-neoforge.jar:/home/sqvizers/.gradle/caches/modules-2/files-2.1/maven.modrinth/malum/1.8.2/7bea3f874f186a17ad3e271df145c179e81c2a1d/malum-1.8.2.jar:/home/sqvizers/.gradle/caches/modules-2/files-2.1/maven.modrinth/lodestonelib/1.8.2/d1f7c638fac5192e01b1873f27e694a3c262ad11/lodestonelib-1.8.2.jar:/home/sqvizers/.gradle/caches/modules-2/files-2.1/com.klikli_dev/occultism-1.21.1-neoforge/1.221.0/87546c850da6128cdd69c218639fbf0306deeae0/occultism-1.21.1-neoforge-1.221.0.jar:/home/sqvizers/.gradle/caches/modules-2/files-2.1/com.klikli_dev/modonomicon-1.21.1-neoforge/1.120.1/32bd5953ad7cd40e4e29fd44bd11ece68fa54bc0/modonomicon-1.21.1-neoforge-1.120.1.jar:/home/sqvizers/.gradle/caches/modules-2/files-2.1/maven.modrinth/smartbrainlib/O5EpeqI3/310135a01eeceefbc7f1ab017498a65f3ad6836/smartbrainlib-O5EpeqI3.jar:/home/sqvizers/.gradle/caches/modules-2/files-2.1/software.bernie.geckolib/geckolib-neoforge-1.21.1/4.8.4/eb854c8ec53ef922a5f3877a1aa4c1ce1352e0ce/geckolib-neoforge-1.21.1-4.8.4.jar:/home/sqvizers/.gradle/caches/modules-2/files-2.1/maven.modrinth/ars-nouveau/5.12.0/54dae46e18838fff0fd522a57365fb20f2583295/ars-nouveau-5.12.0.jar:/home/sqvizers/.gradle/caches/modules-2/files-2.1/curse.maven/embers-re-ignited-1579725/8295861/6fc43bd8918d1a897cdcf844b056545ad90954ab/embers-re-ignited-1579725-8295861.jar:/home/sqvizers/.gradle/caches/modules-2/files-2.1/curse.maven/create-cosmonautics-1595491/8358740/e6fff6b9b1eaaced6f01e46ab0d2ffc7ac64cad3/create-cosmonautics-1595491-8358740.jar:/home/sqvizers/.gradle/caches/modules-2/files-2.1/vazkii.patchouli/Patchouli/1.21.1-93-NEOFORGE/4339cc417a2f07c0266c24cba5e62b478cdb2f93/Patchouli-1.21.1-93-NEOFORGE.jar:/home/sqvizers/.gradle/caches/modules-2/files-2.1/maven.modrinth/legendary-survival-overhaul/1.21.1-2.4.2/826525021abbf5c9c3b53764ca1829087ddcb512/legendary-survival-overhaul-1.21.1-2.4.2.jar:/home/sqvizers/.gradle/caches/modules-2/files-2.1/com.teamresourceful.resourcefullib/resourcefullib-neoforge-1.21/3.0.12/24389c8e48ff0e8594e4686b750c494c66a5f8df/resourcefullib-neoforge-1.21-3.0.12.jar:/home/sqvizers/.gradle/caches/modules-2/files-2.1/curse.maven/phoenixs-chromatic-colors-1483210/8388618/fc8d3dc626339399a90f98fa93ca396f18d8f043/phoenixs-chromatic-colors-1483210-8388618.jar:/home/sqvizers/.gradle/caches/modules-2/files-2.1/curse.maven/the-afterdark-1110531/5887176/35712008353550b4ee62622f63e357ec9866932e/the-afterdark-1110531-5887176.jar:/home/sqvizers/.gradle/caches/modules-2/files-2.1/com.github.bawnorton.mixinsquared/mixinsquared-neoforge/0.3.7-beta.1/efb557aade8a12a060358a98e94840fd7d28f8bb/mixinsquared-neoforge-0.3.7-beta.1.jar:/home/sqvizers/.gradle/caches/modules-2/files-2.1/top.theillusivec4.curios/curios-neoforge/9.5.1+1.21.1/418fcd42e3a7844c9bdc71c9b6401fdb3894e0c4/curios-neoforge-9.5.1+1.21.1.jar:/home/sqvizers/.gradle/caches/modules-2/files-2.1/dev.eriksonn.aeronautics/aeronautics-neoforge-1.21.1/1.3.0/98c9ad19d4af0cad19283084c0ae921a148c1c04/aeronautics-neoforge-1.21.1-1.3.0.jar:/home/sqvizers/.gradle/caches/modules-2/files-2.1/dev.simulated_team.simulated/simulated-neoforge-1.21.1/1.3.0/4c8ed098f2ecec41c87fdbeb96d38d8b82a929c3/simulated-neoforge-1.21.1-1.3.0.jar:/home/sqvizers/.gradle/caches/modules-2/files-2.1/dev.ryanhcode.offroad/offroad-neoforge-1.21.1/1.3.0/1ec91b1e10f03effbd475a47c2d79ce96b3f84e9/offroad-neoforge-1.21.1-1.3.0.jar:/home/sqvizers/.gradle/caches/modules-2/files-2.1/dev.ryanhcode.sable/sable-neoforge-1.21.1/2.0.3/f3ba9a497122ba29d9e94ebe6f9a3a3aaa5fa756/sable-neoforge-1.21.1-2.0.3.jar:/home/sqvizers/.gradle/caches/modules-2/files-2.1/dev.ryanhcode.sable-companion/sable-companion-common-1.21.1/1.6.0/370be7db705926176e05c0215ed676150c45daae/sable-companion-common-1.21.1-1.6.0.jar:/home/sqvizers/.gradle/caches/modules-2/files-2.1/dev.ryanhcode.sable/sable-sable_rapier-1.21.1/2.0.3/a88c0860320890144b6b44c332a2a2db3a61e189/sable-sable_rapier-1.21.1-2.0.3.jar:/home/sqvizers/.gradle/caches/modules-2/files-2.1/curse.maven/veil-lib-1517006/8236124/642ec0bd02213ee087d86eda553d6d79c6a04d2b/veil-lib-1517006-8236124.jar:/home/sqvizers/.gradle/caches/modules-2/files-2.1/net.createmod.ponder/ponder-neoforge/1.0.87+mc1.21.1/7783eeff0389f8c6003457133b9dd98e903266c6/ponder-neoforge-1.0.87+mc1.21.1.jar:/home/sqvizers/.gradle/caches/modules-2/files-2.1/dev.engine-room.flywheel/flywheel-neoforge-1.21.1/1.0.7-48/2a96eb713800902a3de3dc4f345493661754db9f/flywheel-neoforge-1.21.1-1.0.7-48.jar:/home/sqvizers/.gradle/caches/modules-2/files-2.1/curse.maven/the-undergarden-379849/7862546/75f1753eefa0b7b8e3afd7377deaf9fe71392476/the-undergarden-379849-7862546.jar:/home/sqvizers/.gradle/caches/modules-2/files-2.1/maven.modrinth/XMlHoHNU/dcHZSOWO/9941ac67fb7cf63f4bf016222e6615063dd6a0e1/XMlHoHNU-dcHZSOWO.jar:/home/sqvizers/.gradle/caches/modules-2/files-2.1/xaero.minimap/xaerominimap-neoforge-1.21.1/25.3.10/946202f314dd3466e74ef67fc1ca339ac9de6b64/xaerominimap-neoforge-1.21.1-25.3.10.jar:/home/sqvizers/.gradle/caches/modules-2/files-2.1/xaero.map/xaeroworldmap-neoforge-1.21.1/1.40.11/2d0c74cfc731a2e6c186c1fbf7164790afac51a5/xaeroworldmap-neoforge-1.21.1-1.40.11.jar:/home/sqvizers/.gradle/caches/modules-2/files-2.1/xaero.lib/xaerolib-neoforge-1.21.1/1.1.0/47f3a48614558af5094ac3b0451acf3261b1e0f8/xaerolib-neoforge-1.21.1-1.1.0.jar:/home/sqvizers/.gradle/caches/modules-2/files-2.1/net.caffeinemc/sodium-neoforge-mod/0.8.12-beta.1+mc1.21.1/93ee773cfb8b900768ecfab221d190f904347c0a/sodium-neoforge-mod-0.8.12-beta.1+mc1.21.1.jar:/home/sqvizers/.gradle/caches/modules-2/files-2.1/org.sinytra.forgified-fabric-api/fabric-api-base/0.4.42+d1308ded19/e412b404f9e5b99d4a9d77dd5eac8ee20e0bdfdf/fabric-api-base-0.4.42+d1308ded19.jar:/home/sqvizers/.gradle/caches/modules-2/files-2.1/org.sinytra.forgified-fabric-api/fabric-renderer-api-v1/3.4.1+9125b6dc19/1f012c5b80069f1da302b0b133305a4ab90c4a68/fabric-renderer-api-v1-3.4.1+9125b6dc19.jar:/home/sqvizers/.gradle/caches/modules-2/files-2.1/org.sinytra.forgified-fabric-api/fabric-rendering-data-attachment-v1/0.3.48+73761d2e19/2dec5cb3ffb4bb3c443d61f25f28e15bb988f2b1/fabric-rendering-data-attachment-v1-0.3.48+73761d2e19.jar:/home/sqvizers/.gradle/caches/modules-2/files-2.1/org.sinytra.forgified-fabric-api/fabric-block-view-api-v2/1.0.10+9afaaf8c19/3bfe4bbaf18fc388e471c7b6c6271d06d9ed2ffa/fabric-block-view-api-v2-1.0.10+9afaaf8c19.jar:/home/sqvizers/.gradle/caches/modules-2/files-2.1/curse.maven/irisshaders-455508/8242804/1bd129cf7bce65d6b1c0543045f0620c98a0f885/irisshaders-455508-8242804.jar:/home/sqvizers/.gradle/caches/modules-2/files-2.1/maven.modrinth/effortless-building/4.1/10188c088c3e32d21275fd02d1aa31ffb6dd9f86/effortless-building-4.1.jar:/home/sqvizers/.gradle/caches/modules-2/files-2.1/dev.latvian.apps/tiny-java-server/1.0.0-build.33/90ea9fe8d5fd4ef912f4400adc4b45fbcc1d192b/tiny-java-server-1.0.0-build.33.jar:/home/sqvizers/.gradle/caches/modules-2/files-2.1/com.github.rtyley/animated-gif-lib-for-java/animated-gif-lib-1.7/61828127d1ff6117c7419a8603b6533e192c64b6/animated-gif-lib-for-java-animated-gif-lib-1.7.jar:/home/sqvizers/.gradle/caches/modules-2/files-2.1/dev.latvian.mods/better-advanced-tooltips/2101.1.0-build.1/4f9175f55758c06edba610cc8a32d317b15e8726/better-advanced-tooltips-2101.1.0-build.1.jar:/home/sqvizers/.gradle/caches/modules-2/files-2.1/mezz.jei/jei-1.21.1-neoforge/19.25.1.328/4f5c85dc4bd1065cad8ff4fb770777e72f67ea6d/jei-1.21.1-neoforge-19.25.1.328.jar:/home/sqvizers/.gradle/caches/modules-2/files-2.1/curse.maven/jade-324717/6155158/42d28674cac55cb375655d15b6bb37328e2918ec/jade-324717-6155158.jar:/home/sqvizers/.gradle/caches/modules-2/files-2.1/org.commonmark/commonmark-ext-gfm-strikethrough/0.22.0/f4710b110bb13297e2078ef0aa0243b2bfd582c6/commonmark-ext-gfm-strikethrough-0.22.0.jar:/home/sqvizers/.gradle/caches/modules-2/files-2.1/org.commonmark/commonmark-ext-ins/0.22.0/47043d5a1e8e13a85df02d23bd1a9011a07bb2a7/commonmark-ext-ins-0.22.0.jar:/home/sqvizers/.gradle/caches/modules-2/files-2.1/org.commonmark/commonmark/0.22.0/8aad0beb29c6a0978950f1e14e15c1b7df1ae937/commonmark-0.22.0.jar:/home/sqvizers/.gradle/caches/modules-2/files-2.1/com.teamresourceful/yabn/1.0.3/4fed3cbc170c4e4be757c147cdad053ee8152a5c/yabn-1.0.3.jar:/home/sqvizers/.gradle/caches/modules-2/files-2.1/com.teamresourceful/bytecodecs/1.1.2/e59d2ea278db58965b7ed93a276ca4e7b9f8a818/bytecodecs-1.1.2.jar:/home/sqvizers/.gradle/caches/modules-2/files-2.1/net.neoforged.fancymodloader/earlydisplay/4.0.43/3a941fcf258b5a7dde0445377a7206a55d11630d/earlydisplay-4.0.43.jar:/home/sqvizers/.gradle/caches/modules-2/files-2.1/net.neoforged.fancymodloader/loader/4.0.43/fb10b7bf2f568a9676ad8b426b19c23badbbd98a/loader-4.0.43.jar:/home/sqvizers/.gradle/caches/modules-2/files-2.1/net.neoforged.accesstransformers/at-modlauncher/10.0.1/5aba50202aceead086bc09fbc2751c9f05cb4890/at-modlauncher-10.0.1.jar:/home/sqvizers/.gradle/caches/modules-2/files-2.1/net.neoforged/accesstransformers/10.0.1/fd83b5725f76eae9115e9355fa1c456a6a441400/accesstransformers-10.0.1.jar:/home/sqvizers/.gradle/caches/modules-2/files-2.1/net.neoforged/bus/8.0.5/5b2d33285ab5d1554e9798ad98c40d6ea3868bd5/bus-8.0.5.jar:/home/sqvizers/.gradle/caches/modules-2/files-2.1/net.neoforged/coremods/7.0.3/9147e6f638b4272b3bd5fc8f92ad37802512c6c/coremods-7.0.3.jar:/home/sqvizers/.gradle/caches/modules-2/files-2.1/cpw.mods/modlauncher/11.0.5/b8f0d49294f733fdb6173931b263553e943dc950/modlauncher-11.0.5.jar:/home/sqvizers/.gradle/caches/modules-2/files-2.1/net.neoforged/mergetool/2.0.0/52fe1949be64e3303aabaaa21e315f551db9c9f4/mergetool-2.0.0-api.jar:/home/sqvizers/.gradle/caches/modules-2/files-2.1/com.electronwill.night-config/toml/3.8.3/90b2fd6efcb4a7d5b9810cf78f9d824994d717f2/toml-3.8.3.jar:/home/sqvizers/.gradle/caches/modules-2/files-2.1/com.electronwill.night-config/core/3.8.3/b442a95f09e349927f5a945ecb594455870fcf4f/core-3.8.3.jar:/home/sqvizers/.gradle/caches/modules-2/files-2.1/net.neoforged/JarJarSelector/0.4.1/fb3cc7a58af22ad2880adb98af6d518128c47dae/JarJarSelector-0.4.1.jar:/home/sqvizers/.gradle/caches/modules-2/files-2.1/net.neoforged/JarJarMetadata/0.4.1/f8da03683dc81694556dc3e177c5e3bb77ae6fcb/JarJarMetadata-0.4.1.jar:/home/sqvizers/.gradle/caches/modules-2/files-2.1/org.apache.maven/maven-artifact/3.8.5/4433f50c07debefaed0553bd0068f4f48d449313/maven-artifact-3.8.5.jar:/home/sqvizers/.gradle/caches/modules-2/files-2.1/net.jodah/typetools/0.6.3/a01aaa6ddaea9ec07ec4f209487b7a46a526283a/typetools-0.6.3.jar:/home/sqvizers/.gradle/caches/modules-2/files-2.1/net.minecrell/terminalconsoleappender/1.3.0/b562e9bb61235c9520e26282cdee71f8f802d1fc/terminalconsoleappender-1.3.0.jar:/home/sqvizers/.gradle/caches/modules-2/files-2.1/net.fabricmc/sponge-mixin/0.15.2+mixin.0.8.7/2af2f021d8e02a0220dc27a7a72b4666d66d44ca/sponge-mixin-0.15.2+mixin.0.8.7.jar:/home/sqvizers/.gradle/caches/modules-2/files-2.1/org.openjdk.nashorn/nashorn-core/15.4/f67f5ffaa5f5130cf6fb9b133da00c7df3b532a5/nashorn-core-15.4.jar:/home/sqvizers/.gradle/caches/modules-2/files-2.1/org.apache.commons/commons-lang3/3.14.0/1ed471194b02f2c6cb734a0cd6f6f107c673afae/commons-lang3-3.14.0.jar:/home/sqvizers/.gradle/caches/modules-2/files-2.1/cpw.mods/bootstraplauncher/2.0.2/1a2d076cbc33b0520cbacd591224427b2a20047d/bootstraplauncher-2.0.2.jar:/home/sqvizers/.gradle/caches/modules-2/files-2.1/cpw.mods/securejarhandler/3.0.8/c0ef95cecd8699a0449053ac7d9c160748d902cd/securejarhandler-3.0.8.jar:/home/sqvizers/.gradle/caches/modules-2/files-2.1/org.ow2.asm/asm-commons/9.10.1/4229e4c55fd8e01c23f9fe9884075cc628aacc50/asm-commons-9.10.1.jar:/home/sqvizers/.gradle/caches/modules-2/files-2.1/org.ow2.asm/asm-util/9.10.1/7bb9d450e8d4cbf9f9e04096c44bbfe7fba80b15/asm-util-9.10.1.jar:/home/sqvizers/.gradle/caches/modules-2/files-2.1/org.ow2.asm/asm-analysis/9.10.1/8d49f14d51f632cb1d87c88d1ceaf50db0d8af1b/asm-analysis-9.10.1.jar:/home/sqvizers/.gradle/caches/modules-2/files-2.1/org.ow2.asm/asm-tree/9.10.1/e244332a17564c1d1572449399a842de35881be2/asm-tree-9.10.1.jar:/home/sqvizers/.gradle/caches/modules-2/files-2.1/org.ow2.asm/asm/9.10.1/ada2141c0cc52ee8f5c48cd5fa4ce0e794f22236/asm-9.10.1.jar:/home/sqvizers/.gradle/caches/modules-2/files-2.1/net.neoforged/JarJarFileSystems/0.4.1/78f59f89defcd032ed788b151ca6a0d40ace796a/JarJarFileSystems-0.4.1.jar:/home/sqvizers/.gradle/caches/modules-2/files-2.1/com.tterrag.registrate/Registrate/MC1.21-1.3.0+67/66ddc4cd56472fea1ea1a24182901e6c92a51c0a/Registrate-MC1.21-1.3.0+67.jar:/home/sqvizers/.gradle/caches/modules-2/files-2.1/maven.modrinth/farmers-delight/1.21.1-1.2.9/9abe078f48781e4b87288dbc59691c8ba1152d8d/farmers-delight-1.21.1-1.2.9.jar:/home/sqvizers/.gradle/caches/modules-2/files-2.1/info.journeymap/journeymap-api-neoforge/2.0.0-1.21.1-20260205.200232-15/29bd7e39e1cdafd959707dc1cfe4e6889b1d42c9/journeymap-api-neoforge-2.0.0-1.21.1-20260205.200232-15.jar:/home/sqvizers/.gradle/caches/modules-2/files-2.1/dev.engine-room.vanillin/vanillin-neoforge-1.21.1/1.1.3-41/d92ad47c6956ffb76ab73ecc6afe92d7fce36447/vanillin-neoforge-1.21.1-1.1.3-41.jar:/home/sqvizers/.gradle/caches/modules-2/files-2.1/io.netty/netty-buffer/4.1.97.Final/f8f3d8644afa5e6e1a40a3a6aeb9d9aa970ecb4f/netty-buffer-4.1.97.Final.jar:/home/sqvizers/.gradle/caches/modules-2/files-2.1/net.sf.jopt-simple/jopt-simple/5.0.4/4fdac2fbe92dfad86aa6e9301736f6b4342a3f5c/jopt-simple-5.0.4.jar:/home/sqvizers/.gradle/caches/modules-2/files-2.1/commons-io/commons-io/2.15.1/f11560da189ab563a5c8e351941415430e9304ea/commons-io-2.15.1.jar:/home/sqvizers/.gradle/caches/modules-2/files-2.1/com.mojang/logging/1.2.7/24cb95ffb0e3433fd6e844c04e68009e504ca1c0/logging-1.2.7.jar:/home/sqvizers/.gradle/caches/modules-2/files-2.1/org.apache.logging.log4j/log4j-slf4j2-impl/2.22.1/d7e6693c2606cb7e7335047d7bb96dec52db5665/log4j-slf4j2-impl-2.22.1.jar:/home/sqvizers/.gradle/caches/modules-2/files-2.1/org.apache.logging.log4j/log4j-core/2.22.1/7183a25510a02ad00cc6a95d3b3d2a7d3c5a8dc4/log4j-core-2.22.1.jar:/home/sqvizers/.gradle/caches/modules-2/files-2.1/org.apache.logging.log4j/log4j-api/2.22.1/bea6fede6328fabafd7e68363161a7ea6605abd1/log4j-api-2.22.1.jar:/home/sqvizers/.gradle/caches/modules-2/files-2.1/com.google.guava/guava/32.1.2-jre/5e64ec7e056456bef3a4bc4c6fdaef71e8ab6318/guava-32.1.2-jre.jar:/home/sqvizers/.gradle/caches/modules-2/files-2.1/com.google.code.gson/gson/2.10.1/b3add478d4382b78ea20b1671390a858002feb6c/gson-2.10.1.jar:/home/sqvizers/.gradle/caches/modules-2/files-2.1/org.slf4j/slf4j-api/2.0.9/7cf2726fdcfbc8610f9a71fb3ed639871f315340/slf4j-api-2.0.9.jar:/home/sqvizers/.gradle/caches/modules-2/files-2.1/org.antlr/antlr4-runtime/4.13.1/17125bae1d965624e265ef49552f6465a2bfa307/antlr4-runtime-4.13.1.jar:/home/sqvizers/.gradle/caches/modules-2/files-2.1/net.minecraftforge/srgutils/0.4.15/ca408b131759478f164e010fae0d73997e125fb5/srgutils-0.4.15.jar:/home/sqvizers/.gradle/caches/modules-2/files-2.1/org.codehaus.plexus/plexus-utils/3.3.0/cf43b5391de623b36fe066a21127baef82c64022/plexus-utils-3.3.0.jar:/home/sqvizers/.gradle/caches/modules-2/files-2.1/org.jline/jline-reader/3.20.0/8f15415b022a25b473e8e16c28ae913186ffb9c4/jline-reader-3.20.0.jar:/home/sqvizers/.gradle/caches/modules-2/files-2.1/com.machinezoo.noexception/noexception/1.7.1/b65330c98e38a1f915fa54a6e5eca496505e3f0a/noexception-1.7.1.jar:/home/sqvizers/.gradle/caches/modules-2/files-2.1/io.netty/netty-common/4.1.97.Final/7cceacaf11df8dc63f23d0fb58e9d4640fc88404/netty-common-4.1.97.Final.jar:/home/sqvizers/.gradle/caches/modules-2/files-2.1/com.github.oshi/oshi-core/6.4.10/b1d8ab82d11d92fd639b56d639f8f46f739dd5fa/oshi-core-6.4.10.jar:/home/sqvizers/.gradle/caches/modules-2/files-2.1/com.google.guava/failureaccess/1.0.1/1dcf1de382a0bf95a3d8b0849546c88bac1292c9/failureaccess-1.0.1.jar:/home/sqvizers/.gradle/caches/modules-2/files-2.1/com.ibm.icu/icu4j/73.2/61ad4ef7f9131fcf6d25c34b817f90d6da06c9e9/icu4j-73.2.jar:/home/sqvizers/.gradle/caches/modules-2/files-2.1/com.mojang/authlib/6.0.54/de8bc95660e1b2fe8793fd427a7a10dcec5b3ea7/authlib-6.0.54.jar:/home/sqvizers/.gradle/caches/modules-2/files-2.1/com.mojang/blocklist/1.0.10/5c685c5ffa94c4cd39496c7184c1d122e515ecef/blocklist-1.0.10.jar:/home/sqvizers/.gradle/caches/modules-2/files-2.1/com.mojang/brigadier/1.3.10/d15b53a14cf20fdcaa98f731af5dda654452c010/brigadier-1.3.10.jar:/home/sqvizers/.gradle/caches/modules-2/files-2.1/com.mojang/datafixerupper/8.0.16/67d4de6d7f95d89bcf5862995fb854ebaec02a34/datafixerupper-8.0.16.jar:/home/sqvizers/.gradle/caches/modules-2/files-2.1/com.mojang/patchy/2.2.10/da05971b07cbb379d002cf7eaec6a2048211fefc/patchy-2.2.10.jar:/home/sqvizers/.gradle/caches/modules-2/files-2.1/com.mojang/text2speech/1.17.9/3cad216e3a7f0c19b4b394388bc9ffc446f13b14/text2speech-1.17.9.jar:/home/sqvizers/.gradle/caches/modules-2/files-2.1/commons-codec/commons-codec/1.16.0/4e3eb3d79888d76b54e28b350915b5dc3919c9de/commons-codec-1.16.0.jar:/home/sqvizers/.gradle/caches/modules-2/files-2.1/commons-logging/commons-logging/1.2/4bfc12adfe4842bf07b657f0369c4cb522955686/commons-logging-1.2.jar:/home/sqvizers/.gradle/caches/modules-2/files-2.1/io.netty/netty-codec/4.1.97.Final/384ba4d75670befbedb45c4d3b497a93639c206d/netty-codec-4.1.97.Final.jar:/home/sqvizers/.gradle/caches/modules-2/files-2.1/io.netty/netty-handler/4.1.97.Final/abb86c6906bf512bf2b797a41cd7d2e8d3cd7c36/netty-handler-4.1.97.Final.jar:/home/sqvizers/.gradle/caches/modules-2/files-2.1/io.netty/netty-resolver/4.1.97.Final/cec8348108dc76c47cf87c669d514be52c922144/netty-resolver-4.1.97.Final.jar:/home/sqvizers/.gradle/caches/modules-2/files-2.1/io.netty/netty-transport-classes-epoll/4.1.97.Final/795da37ded759e862457a82d9d92c4d39ce8ecee/netty-transport-classes-epoll-4.1.97.Final.jar:/home/sqvizers/.gradle/caches/modules-2/files-2.1/io.netty/netty-transport-native-unix-common/4.1.97.Final/d469d84265ab70095b01b40886cabdd433b6e664/netty-transport-native-unix-common-4.1.97.Final.jar:/home/sqvizers/.gradle/caches/modules-2/files-2.1/io.netty/netty-transport/4.1.97.Final/f37380d23c9bb079bc702910833b2fd532c9abd0/netty-transport-4.1.97.Final.jar:/home/sqvizers/.gradle/caches/modules-2/files-2.1/it.unimi.dsi/fastutil/8.5.12/c24946d46824bd528054bface3231d2ecb7e95e8/fastutil-8.5.12.jar:/home/sqvizers/.gradle/caches/modules-2/files-2.1/net.java.dev.jna/jna-platform/5.14.0/28934d48aed814f11e4c584da55c49fa7032b31b/jna-platform-5.14.0.jar:/home/sqvizers/.gradle/caches/modules-2/files-2.1/net.java.dev.jna/jna/5.14.0/67bf3eaea4f0718cb376a181a629e5f88fa1c9dd/jna-5.14.0.jar:/home/sqvizers/.gradle/caches/modules-2/files-2.1/org.apache.commons/commons-compress/1.26.0/659feffdd12280201c8aacb8f7be94f9a883c824/commons-compress-1.26.0.jar:/home/sqvizers/.gradle/caches/modules-2/files-2.1/org.apache.httpcomponents/httpclient/4.5.13/e5f6cae5ca7ecaac1ec2827a9e2d65ae2869cada/httpclient-4.5.13.jar:/home/sqvizers/.gradle/caches/modules-2/files-2.1/org.apache.httpcomponents/httpcore/4.4.16/51cf043c87253c9f58b539c9f7e44c8894223850/httpcore-4.4.16.jar:/home/sqvizers/.gradle/caches/modules-2/files-2.1/org.jcraft/jorbis/0.0.17/8872d22b293e8f5d7d56ff92be966e6dc28ebdc6/jorbis-0.0.17.jar:/home/sqvizers/.gradle/caches/modules-2/files-2.1/org.joml/joml/1.10.5/22566d58af70ad3d72308bab63b8339906deb649/joml-1.10.5.jar:/home/sqvizers/.gradle/caches/modules-2/files-2.1/org.lwjgl/lwjgl-freetype/3.3.3/a0db6c84a8becc8ca05f9dbfa985edc348a824c7/lwjgl-freetype-3.3.3.jar:/home/sqvizers/.gradle/caches/modules-2/files-2.1/org.lwjgl/lwjgl-freetype/3.3.3/149070a5480900347071b7074779531f25a6e3dc/lwjgl-freetype-3.3.3-natives-linux.jar:/home/sqvizers/.gradle/caches/modules-2/files-2.1/org.lwjgl/lwjgl-glfw/3.3.3/efa1eb78c5ccd840e9f329717109b5e892d72f8e/lwjgl-glfw-3.3.3.jar:/home/sqvizers/.gradle/caches/modules-2/files-2.1/org.lwjgl/lwjgl-glfw/3.3.3/a03684c5e4b1b1dbbe0d29dbbdc27b985b6840f2/lwjgl-glfw-3.3.3-natives-linux.jar:/home/sqvizers/.gradle/caches/modules-2/files-2.1/org.lwjgl/lwjgl-jemalloc/3.3.3/b543467b7ff3c6920539a88ee602d34098628be5/lwjgl-jemalloc-3.3.3.jar:/home/sqvizers/.gradle/caches/modules-2/files-2.1/org.lwjgl/lwjgl-jemalloc/3.3.3/4f86728bf449b1dd61251c4e0ac01df1389cb51e/lwjgl-jemalloc-3.3.3-natives-linux.jar:/home/sqvizers/.gradle/caches/modules-2/files-2.1/org.lwjgl/lwjgl-openal/3.3.3/daada81ceb5fc0c291fbfdd4433cb8d9423577f2/lwjgl-openal-3.3.3.jar:/home/sqvizers/.gradle/caches/modules-2/files-2.1/org.lwjgl/lwjgl-openal/3.3.3/3037360cc4595079bea240af250b6d1a527e0905/lwjgl-openal-3.3.3-natives-linux.jar:/home/sqvizers/.gradle/caches/modules-2/files-2.1/org.lwjgl/lwjgl-opengl/3.3.3/2f6b0147078396a58979125a4c947664e98293a/lwjgl-opengl-3.3.3.jar:/home/sqvizers/.gradle/caches/modules-2/files-2.1/org.lwjgl/lwjgl-opengl/3.3.3/62c70a4b00ca5391882b0f4b787c1588d24f1c86/lwjgl-opengl-3.3.3-natives-linux.jar:/home/sqvizers/.gradle/caches/modules-2/files-2.1/org.lwjgl/lwjgl-stb/3.3.3/25dd6161988d7e65f71d5065c99902402ee32746/lwjgl-stb-3.3.3.jar:/home/sqvizers/.gradle/caches/modules-2/files-2.1/org.lwjgl/lwjgl-stb/3.3.3/fd1271ccd9d85eff2fa31f3fd543e02ccfaf5041/lwjgl-stb-3.3.3-natives-linux.jar:/home/sqvizers/.gradle/caches/modules-2/files-2.1/org.lwjgl/lwjgl-tinyfd/3.3.3/82d755ca94b102e9ca77283b9e2dc46d1b15fbe5/lwjgl-tinyfd-3.3.3.jar:/home/sqvizers/.gradle/caches/modules-2/files-2.1/org.lwjgl/lwjgl-tinyfd/3.3.3/d8d58daa0c3e5fd906fee96f5fddbcbc07cc308b/lwjgl-tinyfd-3.3.3-natives-linux.jar:/home/sqvizers/.gradle/caches/modules-2/files-2.1/org.lwjgl/lwjgl/3.3.3/29589b5f87ed335a6c7e7ee6a5775f81f97ecb84/lwjgl-3.3.3.jar:/home/sqvizers/.gradle/caches/modules-2/files-2.1/org.lwjgl/lwjgl/3.3.3/1713758e3660ba66e1e954396fd18126038b33c0/lwjgl-3.3.3-natives-linux.jar:/home/sqvizers/.gradle/caches/modules-2/files-2.1/org.lz4/lz4-java/1.8.0/4b986a99445e49ea5fbf5d149c4b63f6ed6c6780/lz4-java-1.8.0.jar:/home/sqvizers/.gradle/caches/modules-2/files-2.1/org.jline/jline-terminal/3.20.0/d0ddcc708ddf527a3454c941b7b9225cc83a15ff/jline-terminal-3.20.0.jar:/home/sqvizers/.gradle/caches/modules-2/files-2.1/io.netty/netty-transport-native-epoll/4.1.97.Final/5514744c588190ffda076b35a9b8c9f24946a960/netty-transport-native-epoll-4.1.97.Final-linux-aarch_64.jar:/home/sqvizers/.gradle/caches/modules-2/files-2.1/io.netty/netty-transport-native-epoll/4.1.97.Final/54188f271e388e7f313aea995e82f58ce2cdb809/netty-transport-native-epoll-4.1.97.Final-linux-x86_64.jar:/home/sqvizers/.gradle/caches/modules-2/files-2.1/com.google.guava/listenablefuture/9999.0-empty-to-avoid-conflict-with-guava/b421526c5f297295adef1c886e5246c39d4ac629/listenablefuture-9999.0-empty-to-avoid-conflict-with-guava.jar:/home/sqvizers/.gradle/caches/modules-2/files-2.1/com.google.code.findbugs/jsr305/3.0.2/25ea2e8b0c338a877313bd4672d3fe056ea78f0d/jsr305-3.0.2.jar:/home/sqvizers/.gradle/caches/modules-2/files-2.1/org.checkerframework/checker-qual/3.33.0/de2b60b62da487644fc11f734e73c8b0b431238f/checker-qual-3.33.0.jar:/home/sqvizers/.gradle/caches/modules-2/files-2.1/com.google.errorprone/error_prone_annotations/2.18.0/89b684257096f548fa39a7df9fdaa409d4d4df91/error_prone_annotations-2.18.0.jar:/home/sqvizers/.gradle/caches/modules-2/files-2.1/com.google.j2objc/j2objc-annotations/2.8/c85270e307e7b822f1086b93689124b89768e273/j2objc-annotations-2.8.jar)
	at MC-BOOTSTRAP/com.sun.jna@5.14.0/com.sun.jna.NativeLibrary.loadLibrary(NativeLibrary.java:325) ~[jna-5.14.0.jar%23128!/:5.14.0 (b0)]
	at MC-BOOTSTRAP/com.sun.jna@5.14.0/com.sun.jna.NativeLibrary.getInstance(NativeLibrary.java:481) ~[jna-5.14.0.jar%23128!/:5.14.0 (b0)]
	at MC-BOOTSTRAP/com.sun.jna@5.14.0/com.sun.jna.NativeLibrary.getInstance(NativeLibrary.java:423) ~[jna-5.14.0.jar%23128!/:5.14.0 (b0)]
	at MC-BOOTSTRAP/text2speech@1.17.9/com.mojang.text2speech.NarratorLinux$FliteLibrary.loadNative(NarratorLinux.java:67) ~[text2speech-1.17.9.jar%23110!/:?]
	... 23 more
	Suppressed: java.lang.UnsatisfiedLinkError: libflite.so: cannot open shared object file: No such file or directory
		at MC-BOOTSTRAP/com.sun.jna@5.14.0/com.sun.jna.Native.open(Native Method) ~[jna-5.14.0.jar%23128!/:5.14.0 (b0)]
		at MC-BOOTSTRAP/com.sun.jna@5.14.0/com.sun.jna.NativeLibrary.loadLibrary(NativeLibrary.java:213) ~[jna-5.14.0.jar%23128!/:5.14.0 (b0)]
		at MC-BOOTSTRAP/com.sun.jna@5.14.0/com.sun.jna.NativeLibrary.getInstance(NativeLibrary.java:481) ~[jna-5.14.0.jar%23128!/:5.14.0 (b0)]
		at MC-BOOTSTRAP/com.sun.jna@5.14.0/com.sun.jna.NativeLibrary.getInstance(NativeLibrary.java:423) ~[jna-5.14.0.jar%23128!/:5.14.0 (b0)]
		at MC-BOOTSTRAP/text2speech@1.17.9/com.mojang.text2speech.NarratorLinux$FliteLibrary.loadNative(NarratorLinux.java:67) ~[text2speech-1.17.9.jar%23110!/:?]
		at MC-BOOTSTRAP/text2speech@1.17.9/com.mojang.text2speech.NarratorLinux.<init>(NarratorLinux.java:18) ~[text2speech-1.17.9.jar%23110!/:?]
		at MC-BOOTSTRAP/text2speech@1.17.9/com.mojang.text2speech.Narrator.getNarrator(Narrator.java:41) ~[text2speech-1.17.9.jar%23110!/:?]
		at TRANSFORMER/minecraft@1.21.1/net.minecraft.client.GameNarrator.<init>(GameNarrator.java:21) ~[neoforge-21.1.248.jar%23177!/:?]
		at TRANSFORMER/minecraft@1.21.1/net.minecraft.client.Minecraft.<init>(Minecraft.java:615) ~[neoforge-21.1.248.jar%23177!/:?]
		at TRANSFORMER/minecraft@1.21.1/net.minecraft.client.main.Main.main(Main.java:214) ~[neoforge-21.1.248.jar%23177!/:?]
		at java.base/jdk.internal.reflect.DirectMethodHandleAccessor.invoke(DirectMethodHandleAccessor.java:103) ~[?:?]
		at java.base/java.lang.reflect.Method.invoke(Method.java:580) ~[?:?]
		at MC-BOOTSTRAP/fml_loader@4.0.43/net.neoforged.fml.loading.targets.CommonLaunchHandler.runTarget(CommonLaunchHandler.java:136) ~[loader-4.0.43.jar%23134!/:4.0]
		at MC-BOOTSTRAP/fml_loader@4.0.43/net.neoforged.fml.loading.targets.CommonLaunchHandler.clientService(CommonLaunchHandler.java:124) ~[loader-4.0.43.jar%23134!/:4.0]
		at MC-BOOTSTRAP/fml_loader@4.0.43/net.neoforged.fml.loading.targets.NeoForgeClientDevLaunchHandler.runService(NeoForgeClientDevLaunchHandler.java:23) ~[loader-4.0.43.jar%23134!/:4.0]
		at MC-BOOTSTRAP/fml_loader@4.0.43/net.neoforged.fml.loading.targets.CommonLaunchHandler.lambda$launchService$4(CommonLaunchHandler.java:118) ~[loader-4.0.43.jar%23134!/:4.0]
		at MC-BOOTSTRAP/cpw.mods.modlauncher@11.0.5/cpw.mods.modlauncher.LaunchServiceHandlerDecorator.launch(LaunchServiceHandlerDecorator.java:30) [modlauncher-11.0.5.jar%23114!/:?]
		at MC-BOOTSTRAP/cpw.mods.modlauncher@11.0.5/cpw.mods.modlauncher.LaunchServiceHandler.launch(LaunchServiceHandler.java:53) [modlauncher-11.0.5.jar%23114!/:?]
		at MC-BOOTSTRAP/cpw.mods.modlauncher@11.0.5/cpw.mods.modlauncher.LaunchServiceHandler.launch(LaunchServiceHandler.java:71) [modlauncher-11.0.5.jar%23114!/:?]
		at MC-BOOTSTRAP/cpw.mods.modlauncher@11.0.5/cpw.mods.modlauncher.Launcher.run(Launcher.java:103) [modlauncher-11.0.5.jar%23114!/:?]
		at MC-BOOTSTRAP/cpw.mods.modlauncher@11.0.5/cpw.mods.modlauncher.Launcher.main(Launcher.java:74) [modlauncher-11.0.5.jar%23114!/:?]
		at MC-BOOTSTRAP/cpw.mods.modlauncher@11.0.5/cpw.mods.modlauncher.BootstrapLaunchConsumer.accept(BootstrapLaunchConsumer.java:26) [modlauncher-11.0.5.jar%23114!/:?]
		at MC-BOOTSTRAP/cpw.mods.modlauncher@11.0.5/cpw.mods.modlauncher.BootstrapLaunchConsumer.accept(BootstrapLaunchConsumer.java:23) [modlauncher-11.0.5.jar%23114!/:?]
		at cpw.mods.bootstraplauncher@2.0.2/cpw.mods.bootstraplauncher.BootstrapLauncher.run(BootstrapLauncher.java:210) [bootstraplauncher-2.0.2.jar:?]
		at cpw.mods.bootstraplauncher@2.0.2/cpw.mods.bootstraplauncher.BootstrapLauncher.main(BootstrapLauncher.java:69) [bootstraplauncher-2.0.2.jar:?]
		at java.base/jdk.internal.reflect.DirectMethodHandleAccessor.invoke(DirectMethodHandleAccessor.java:103) ~[?:?]
		at java.base/java.lang.reflect.Method.invoke(Method.java:580) ~[?:?]
		at net.neoforged.devlaunch.Main.main(Main.java:57) [DevLaunch-1.0.2.jar:?]
	Suppressed: java.lang.UnsatisfiedLinkError: libflite.so: cannot open shared object file: No such file or directory
		at MC-BOOTSTRAP/com.sun.jna@5.14.0/com.sun.jna.Native.open(Native Method) ~[jna-5.14.0.jar%23128!/:5.14.0 (b0)]
		at MC-BOOTSTRAP/com.sun.jna@5.14.0/com.sun.jna.NativeLibrary.loadLibrary(NativeLibrary.java:226) ~[jna-5.14.0.jar%23128!/:5.14.0 (b0)]
		at MC-BOOTSTRAP/com.sun.jna@5.14.0/com.sun.jna.NativeLibrary.getInstance(NativeLibrary.java:481) ~[jna-5.14.0.jar%23128!/:5.14.0 (b0)]
		at MC-BOOTSTRAP/com.sun.jna@5.14.0/com.sun.jna.NativeLibrary.getInstance(NativeLibrary.java:423) ~[jna-5.14.0.jar%23128!/:5.14.0 (b0)]
		at MC-BOOTSTRAP/text2speech@1.17.9/com.mojang.text2speech.NarratorLinux$FliteLibrary.loadNative(NarratorLinux.java:67) ~[text2speech-1.17.9.jar%23110!/:?]
		at MC-BOOTSTRAP/text2speech@1.17.9/com.mojang.text2speech.NarratorLinux.<init>(NarratorLinux.java:18) ~[text2speech-1.17.9.jar%23110!/:?]
		at MC-BOOTSTRAP/text2speech@1.17.9/com.mojang.text2speech.Narrator.getNarrator(Narrator.java:41) ~[text2speech-1.17.9.jar%23110!/:?]
		at TRANSFORMER/minecraft@1.21.1/net.minecraft.client.GameNarrator.<init>(GameNarrator.java:21) ~[neoforge-21.1.248.jar%23177!/:?]
		at TRANSFORMER/minecraft@1.21.1/net.minecraft.client.Minecraft.<init>(Minecraft.java:615) ~[neoforge-21.1.248.jar%23177!/:?]
		at TRANSFORMER/minecraft@1.21.1/net.minecraft.client.main.Main.main(Main.java:214) ~[neoforge-21.1.248.jar%23177!/:?]
		at java.base/jdk.internal.reflect.DirectMethodHandleAccessor.invoke(DirectMethodHandleAccessor.java:103) ~[?:?]
		at java.base/java.lang.reflect.Method.invoke(Method.java:580) ~[?:?]
		at MC-BOOTSTRAP/fml_loader@4.0.43/net.neoforged.fml.loading.targets.CommonLaunchHandler.runTarget(CommonLaunchHandler.java:136) ~[loader-4.0.43.jar%23134!/:4.0]
		at MC-BOOTSTRAP/fml_loader@4.0.43/net.neoforged.fml.loading.targets.CommonLaunchHandler.clientService(CommonLaunchHandler.java:124) ~[loader-4.0.43.jar%23134!/:4.0]
		at MC-BOOTSTRAP/fml_loader@4.0.43/net.neoforged.fml.loading.targets.NeoForgeClientDevLaunchHandler.runService(NeoForgeClientDevLaunchHandler.java:23) ~[loader-4.0.43.jar%23134!/:4.0]
		at MC-BOOTSTRAP/fml_loader@4.0.43/net.neoforged.fml.loading.targets.CommonLaunchHandler.lambda$launchService$4(CommonLaunchHandler.java:118) ~[loader-4.0.43.jar%23134!/:4.0]
		at MC-BOOTSTRAP/cpw.mods.modlauncher@11.0.5/cpw.mods.modlauncher.LaunchServiceHandlerDecorator.launch(LaunchServiceHandlerDecorator.java:30) [modlauncher-11.0.5.jar%23114!/:?]
		at MC-BOOTSTRAP/cpw.mods.modlauncher@11.0.5/cpw.mods.modlauncher.LaunchServiceHandler.launch(LaunchServiceHandler.java:53) [modlauncher-11.0.5.jar%23114!/:?]
		at MC-BOOTSTRAP/cpw.mods.modlauncher@11.0.5/cpw.mods.modlauncher.LaunchServiceHandler.launch(LaunchServiceHandler.java:71) [modlauncher-11.0.5.jar%23114!/:?]
		at MC-BOOTSTRAP/cpw.mods.modlauncher@11.0.5/cpw.mods.modlauncher.Launcher.run(Launcher.java:103) [modlauncher-11.0.5.jar%23114!/:?]
		at MC-BOOTSTRAP/cpw.mods.modlauncher@11.0.5/cpw.mods.modlauncher.Launcher.main(Launcher.java:74) [modlauncher-11.0.5.jar%23114!/:?]
		at MC-BOOTSTRAP/cpw.mods.modlauncher@11.0.5/cpw.mods.modlauncher.BootstrapLaunchConsumer.accept(BootstrapLaunchConsumer.java:26) [modlauncher-11.0.5.jar%23114!/:?]
		at MC-BOOTSTRAP/cpw.mods.modlauncher@11.0.5/cpw.mods.modlauncher.BootstrapLaunchConsumer.accept(BootstrapLaunchConsumer.java:23) [modlauncher-11.0.5.jar%23114!/:?]
		at cpw.mods.bootstraplauncher@2.0.2/cpw.mods.bootstraplauncher.BootstrapLauncher.run(BootstrapLauncher.java:210) [bootstraplauncher-2.0.2.jar:?]
		at cpw.mods.bootstraplauncher@2.0.2/cpw.mods.bootstraplauncher.BootstrapLauncher.main(BootstrapLauncher.java:69) [bootstraplauncher-2.0.2.jar:?]
		at java.base/jdk.internal.reflect.DirectMethodHandleAccessor.invoke(DirectMethodHandleAccessor.java:103) ~[?:?]
		at java.base/java.lang.reflect.Method.invoke(Method.java:580) ~[?:?]
		at net.neoforged.devlaunch.Main.main(Main.java:57) [DevLaunch-1.0.2.jar:?]
	Suppressed: java.io.IOException: Native library (linux-x86-64/libflite.so) not found in resource path (/home/sqvizers/IdeaProjects/ForgeBorn-Core/build/classes/java/main:/home/sqvizers/IdeaProjects/ForgeBorn-Core/build/resources/main:/home/sqvizers/IdeaProjects/ForgeBorn-Core/libs/gtceu-1.21.1-8.0.0.jar:/home/sqvizers/IdeaProjects/ForgeBorn-Core/libs/nebulaeae2-0.1.0.jar:/home/sqvizers/IdeaProjects/ForgeBorn-Core/build/moddev/artifacts/neoforge-21.1.248.jar:/home/sqvizers/IdeaProjects/ForgeBorn-Core/build/moddev/artifacts/neoforge-21.1.248-client-extra-aka-minecraft-resources.jar:/home/sqvizers/IdeaProjects/ForgeBorn-Core/libs/ldlib-neoforge-1.21.1-1.0.35.a-ccpatch.jar:/home/sqvizers/IdeaProjects/ForgeBorn-Core/build/libs/cc-sodium-neoforge-shell-lib-0.8.12-beta.1-mc1.21.1.jar:/home/sqvizers/.gradle/caches/modules-2/files-2.1/net.neoforged/DevLaunch/1.0.2/2e0e9a67793d5bfdedee4f9ea00934dbf3f2e22d/DevLaunch-1.0.2.jar:/home/sqvizers/.gradle/caches/modules-2/files-2.1/curse.maven/world-stripper-250603/5592921/97c2dc07373912d70fa1530f1ac8a0e45b9df3a3/world-stripper-250603-5592921.jar:/home/sqvizers/.gradle/caches/modules-2/files-2.1/dev.latvian.mods/kubejs-neoforge/2101.7.2-build.368/1f40f2225839a1af9eea011a5e58c88e5fbcb003/kubejs-neoforge-2101.7.2-build.368.jar:/home/sqvizers/.gradle/caches/modules-2/files-2.1/dev.latvian.mods/rhino/2101.2.7-build.85/d6a5fbd8f28c023b370dd0bbab89a225258db228/rhino-2101.2.7-build.85.jar:/home/sqvizers/.gradle/caches/modules-2/files-2.1/com.simibubi.create/create-1.21.1/6.0.10-281/79f11cca15c31cf0e6730fa343a443bf686ee39e/create-1.21.1-6.0.10-281.jar:/home/sqvizers/.gradle/caches/modules-2/files-2.1/dev.ftb.mods/ftb-quests-neoforge/2101.1.27/baf3a7f173d09c2b9800626109cf6ca5a52a6c19/ftb-quests-neoforge-2101.1.27.jar:/home/sqvizers/.gradle/caches/modules-2/files-2.1/dev.ftb.mods/ftb-chunks-neoforge/2101.1.1/65144990839f80c22be78357d50ae3a8ebce4b74/ftb-chunks-neoforge-2101.1.1.jar:/home/sqvizers/.gradle/caches/modules-2/files-2.1/dev.ftb.mods/ftb-teams-neoforge/2101.1.10/363376ae0fb22cb0527170fdf6a066d1da9b0225/ftb-teams-neoforge-2101.1.10.jar:/home/sqvizers/.gradle/caches/modules-2/files-2.1/dev.ftb.mods/ftb-library-neoforge/2101.1.32/836411988409e166020db2914cab5d4f93466fc4/ftb-library-neoforge-2101.1.32.jar:/home/sqvizers/.gradle/caches/modules-2/files-2.1/dev.architectury/architectury-neoforge/13.0.8/6544bdc09e6d291e1307230fc0b7289601e164fa/architectury-neoforge-13.0.8.jar:/home/sqvizers/.gradle/caches/modules-2/files-2.1/vazkii.botania/botania-neoforge-1.21.1/452-SNAPSHOT/bb7a15a3e38fbab1b802bdc76988cb4296994596/botania-neoforge-1.21.1-452-SNAPSHOT.jar:/home/sqvizers/.gradle/caches/modules-2/files-2.1/maven.modrinth/emi/1.1.24+1.21.1+neoforge/3fd494b37027dfbc7f78414d7cbf251c9eb6738a/emi-1.1.24+1.21.1+neoforge.jar:/home/sqvizers/.gradle/caches/modules-2/files-2.1/maven.modrinth/jade/15.10.5+neoforge/d5bf134b3dbde9f5258666823900e21341dc0a50/jade-15.10.5+neoforge.jar:/home/sqvizers/.gradle/caches/modules-2/files-2.1/de.mari_023/ae2wtlib/19.5.0/de72e7f4d8d9d29dbe7f8790644b32f6c5b9655f/ae2wtlib-19.5.0.jar:/home/sqvizers/.gradle/caches/modules-2/files-2.1/de.mari_023/ae2wtlib_api/19.5.0/93e3697372d0138ac1aec3d5616ed6c4bf5e03d7/ae2wtlib_api-19.5.0.jar:/home/sqvizers/.gradle/caches/modules-2/files-2.1/org.appliedenergistics/appliedenergistics2/19.2.17/49c18d6a4af487957d7e5a6ad5dcbf71090b8e14/appliedenergistics2-19.2.17.jar:/home/sqvizers/.gradle/caches/modules-2/files-2.1/org.appliedenergistics/guideme/21.1.16/db0509357e8d33b73dd17a7884dd7d6b9097223c/guideme-21.1.16.jar:/home/sqvizers/.gradle/caches/modules-2/files-2.1/me.shedaniel.cloth/cloth-config-neoforge/15.0.140/c3e5733ba4503b102589a026000fd5ce0212f6f2/cloth-config-neoforge-15.0.140-neoforge.jar:/home/sqvizers/.gradle/caches/modules-2/files-2.1/maven.modrinth/malum/1.8.2/7bea3f874f186a17ad3e271df145c179e81c2a1d/malum-1.8.2.jar:/home/sqvizers/.gradle/caches/modules-2/files-2.1/maven.modrinth/lodestonelib/1.8.2/d1f7c638fac5192e01b1873f27e694a3c262ad11/lodestonelib-1.8.2.jar:/home/sqvizers/.gradle/caches/modules-2/files-2.1/com.klikli_dev/occultism-1.21.1-neoforge/1.221.0/87546c850da6128cdd69c218639fbf0306deeae0/occultism-1.21.1-neoforge-1.221.0.jar:/home/sqvizers/.gradle/caches/modules-2/files-2.1/com.klikli_dev/modonomicon-1.21.1-neoforge/1.120.1/32bd5953ad7cd40e4e29fd44bd11ece68fa54bc0/modonomicon-1.21.1-neoforge-1.120.1.jar:/home/sqvizers/.gradle/caches/modules-2/files-2.1/maven.modrinth/smartbrainlib/O5EpeqI3/310135a01eeceefbc7f1ab017498a65f3ad6836/smartbrainlib-O5EpeqI3.jar:/home/sqvizers/.gradle/caches/modules-2/files-2.1/software.bernie.geckolib/geckolib-neoforge-1.21.1/4.8.4/eb854c8ec53ef922a5f3877a1aa4c1ce1352e0ce/geckolib-neoforge-1.21.1-4.8.4.jar:/home/sqvizers/.gradle/caches/modules-2/files-2.1/maven.modrinth/ars-nouveau/5.12.0/54dae46e18838fff0fd522a57365fb20f2583295/ars-nouveau-5.12.0.jar:/home/sqvizers/.gradle/caches/modules-2/files-2.1/curse.maven/embers-re-ignited-1579725/8295861/6fc43bd8918d1a897cdcf844b056545ad90954ab/embers-re-ignited-1579725-8295861.jar:/home/sqvizers/.gradle/caches/modules-2/files-2.1/curse.maven/create-cosmonautics-1595491/8358740/e6fff6b9b1eaaced6f01e46ab0d2ffc7ac64cad3/create-cosmonautics-1595491-8358740.jar:/home/sqvizers/.gradle/caches/modules-2/files-2.1/vazkii.patchouli/Patchouli/1.21.1-93-NEOFORGE/4339cc417a2f07c0266c24cba5e62b478cdb2f93/Patchouli-1.21.1-93-NEOFORGE.jar:/home/sqvizers/.gradle/caches/modules-2/files-2.1/maven.modrinth/legendary-survival-overhaul/1.21.1-2.4.2/826525021abbf5c9c3b53764ca1829087ddcb512/legendary-survival-overhaul-1.21.1-2.4.2.jar:/home/sqvizers/.gradle/caches/modules-2/files-2.1/com.teamresourceful.resourcefullib/resourcefullib-neoforge-1.21/3.0.12/24389c8e48ff0e8594e4686b750c494c66a5f8df/resourcefullib-neoforge-1.21-3.0.12.jar:/home/sqvizers/.gradle/caches/modules-2/files-2.1/curse.maven/phoenixs-chromatic-colors-1483210/8388618/fc8d3dc626339399a90f98fa93ca396f18d8f043/phoenixs-chromatic-colors-1483210-8388618.jar:/home/sqvizers/.gradle/caches/modules-2/files-2.1/curse.maven/the-afterdark-1110531/5887176/35712008353550b4ee62622f63e357ec9866932e/the-afterdark-1110531-5887176.jar:/home/sqvizers/.gradle/caches/modules-2/files-2.1/com.github.bawnorton.mixinsquared/mixinsquared-neoforge/0.3.7-beta.1/efb557aade8a12a060358a98e94840fd7d28f8bb/mixinsquared-neoforge-0.3.7-beta.1.jar:/home/sqvizers/.gradle/caches/modules-2/files-2.1/top.theillusivec4.curios/curios-neoforge/9.5.1+1.21.1/418fcd42e3a7844c9bdc71c9b6401fdb3894e0c4/curios-neoforge-9.5.1+1.21.1.jar:/home/sqvizers/.gradle/caches/modules-2/files-2.1/dev.eriksonn.aeronautics/aeronautics-neoforge-1.21.1/1.3.0/98c9ad19d4af0cad19283084c0ae921a148c1c04/aeronautics-neoforge-1.21.1-1.3.0.jar:/home/sqvizers/.gradle/caches/modules-2/files-2.1/dev.simulated_team.simulated/simulated-neoforge-1.21.1/1.3.0/4c8ed098f2ecec41c87fdbeb96d38d8b82a929c3/simulated-neoforge-1.21.1-1.3.0.jar:/home/sqvizers/.gradle/caches/modules-2/files-2.1/dev.ryanhcode.offroad/offroad-neoforge-1.21.1/1.3.0/1ec91b1e10f03effbd475a47c2d79ce96b3f84e9/offroad-neoforge-1.21.1-1.3.0.jar:/home/sqvizers/.gradle/caches/modules-2/files-2.1/dev.ryanhcode.sable/sable-neoforge-1.21.1/2.0.3/f3ba9a497122ba29d9e94ebe6f9a3a3aaa5fa756/sable-neoforge-1.21.1-2.0.3.jar:/home/sqvizers/.gradle/caches/modules-2/files-2.1/dev.ryanhcode.sable-companion/sable-companion-common-1.21.1/1.6.0/370be7db705926176e05c0215ed676150c45daae/sable-companion-common-1.21.1-1.6.0.jar:/home/sqvizers/.gradle/caches/modules-2/files-2.1/dev.ryanhcode.sable/sable-sable_rapier-1.21.1/2.0.3/a88c0860320890144b6b44c332a2a2db3a61e189/sable-sable_rapier-1.21.1-2.0.3.jar:/home/sqvizers/.gradle/caches/modules-2/files-2.1/curse.maven/veil-lib-1517006/8236124/642ec0bd02213ee087d86eda553d6d79c6a04d2b/veil-lib-1517006-8236124.jar:/home/sqvizers/.gradle/caches/modules-2/files-2.1/net.createmod.ponder/ponder-neoforge/1.0.87+mc1.21.1/7783eeff0389f8c6003457133b9dd98e903266c6/ponder-neoforge-1.0.87+mc1.21.1.jar:/home/sqvizers/.gradle/caches/modules-2/files-2.1/dev.engine-room.flywheel/flywheel-neoforge-1.21.1/1.0.7-48/2a96eb713800902a3de3dc4f345493661754db9f/flywheel-neoforge-1.21.1-1.0.7-48.jar:/home/sqvizers/.gradle/caches/modules-2/files-2.1/curse.maven/the-undergarden-379849/7862546/75f1753eefa0b7b8e3afd7377deaf9fe71392476/the-undergarden-379849-7862546.jar:/home/sqvizers/.gradle/caches/modules-2/files-2.1/maven.modrinth/XMlHoHNU/dcHZSOWO/9941ac67fb7cf63f4bf016222e6615063dd6a0e1/XMlHoHNU-dcHZSOWO.jar:/home/sqvizers/.gradle/caches/modules-2/files-2.1/xaero.minimap/xaerominimap-neoforge-1.21.1/25.3.10/946202f314dd3466e74ef67fc1ca339ac9de6b64/xaerominimap-neoforge-1.21.1-25.3.10.jar:/home/sqvizers/.gradle/caches/modules-2/files-2.1/xaero.map/xaeroworldmap-neoforge-1.21.1/1.40.11/2d0c74cfc731a2e6c186c1fbf7164790afac51a5/xaeroworldmap-neoforge-1.21.1-1.40.11.jar:/home/sqvizers/.gradle/caches/modules-2/files-2.1/xaero.lib/xaerolib-neoforge-1.21.1/1.1.0/47f3a48614558af5094ac3b0451acf3261b1e0f8/xaerolib-neoforge-1.21.1-1.1.0.jar:/home/sqvizers/.gradle/caches/modules-2/files-2.1/net.caffeinemc/sodium-neoforge-mod/0.8.12-beta.1+mc1.21.1/93ee773cfb8b900768ecfab221d190f904347c0a/sodium-neoforge-mod-0.8.12-beta.1+mc1.21.1.jar:/home/sqvizers/.gradle/caches/modules-2/files-2.1/org.sinytra.forgified-fabric-api/fabric-api-base/0.4.42+d1308ded19/e412b404f9e5b99d4a9d77dd5eac8ee20e0bdfdf/fabric-api-base-0.4.42+d1308ded19.jar:/home/sqvizers/.gradle/caches/modules-2/files-2.1/org.sinytra.forgified-fabric-api/fabric-renderer-api-v1/3.4.1+9125b6dc19/1f012c5b80069f1da302b0b133305a4ab90c4a68/fabric-renderer-api-v1-3.4.1+9125b6dc19.jar:/home/sqvizers/.gradle/caches/modules-2/files-2.1/org.sinytra.forgified-fabric-api/fabric-rendering-data-attachment-v1/0.3.48+73761d2e19/2dec5cb3ffb4bb3c443d61f25f28e15bb988f2b1/fabric-rendering-data-attachment-v1-0.3.48+73761d2e19.jar:/home/sqvizers/.gradle/caches/modules-2/files-2.1/org.sinytra.forgified-fabric-api/fabric-block-view-api-v2/1.0.10+9afaaf8c19/3bfe4bbaf18fc388e471c7b6c6271d06d9ed2ffa/fabric-block-view-api-v2-1.0.10+9afaaf8c19.jar:/home/sqvizers/.gradle/caches/modules-2/files-2.1/curse.maven/irisshaders-455508/8242804/1bd129cf7bce65d6b1c0543045f0620c98a0f885/irisshaders-455508-8242804.jar:/home/sqvizers/.gradle/caches/modules-2/files-2.1/maven.modrinth/effortless-building/4.1/10188c088c3e32d21275fd02d1aa31ffb6dd9f86/effortless-building-4.1.jar:/home/sqvizers/.gradle/caches/modules-2/files-2.1/dev.latvian.apps/tiny-java-server/1.0.0-build.33/90ea9fe8d5fd4ef912f4400adc4b45fbcc1d192b/tiny-java-server-1.0.0-build.33.jar:/home/sqvizers/.gradle/caches/modules-2/files-2.1/com.github.rtyley/animated-gif-lib-for-java/animated-gif-lib-1.7/61828127d1ff6117c7419a8603b6533e192c64b6/animated-gif-lib-for-java-animated-gif-lib-1.7.jar:/home/sqvizers/.gradle/caches/modules-2/files-2.1/dev.latvian.mods/better-advanced-tooltips/2101.1.0-build.1/4f9175f55758c06edba610cc8a32d317b15e8726/better-advanced-tooltips-2101.1.0-build.1.jar:/home/sqvizers/.gradle/caches/modules-2/files-2.1/mezz.jei/jei-1.21.1-neoforge/19.25.1.328/4f5c85dc4bd1065cad8ff4fb770777e72f67ea6d/jei-1.21.1-neoforge-19.25.1.328.jar:/home/sqvizers/.gradle/caches/modules-2/files-2.1/curse.maven/jade-324717/6155158/42d28674cac55cb375655d15b6bb37328e2918ec/jade-324717-6155158.jar:/home/sqvizers/.gradle/caches/modules-2/files-2.1/org.commonmark/commonmark-ext-gfm-strikethrough/0.22.0/f4710b110bb13297e2078ef0aa0243b2bfd582c6/commonmark-ext-gfm-strikethrough-0.22.0.jar:/home/sqvizers/.gradle/caches/modules-2/files-2.1/org.commonmark/commonmark-ext-ins/0.22.0/47043d5a1e8e13a85df02d23bd1a9011a07bb2a7/commonmark-ext-ins-0.22.0.jar:/home/sqvizers/.gradle/caches/modules-2/files-2.1/org.commonmark/commonmark/0.22.0/8aad0beb29c6a0978950f1e14e15c1b7df1ae937/commonmark-0.22.0.jar:/home/sqvizers/.gradle/caches/modules-2/files-2.1/com.teamresourceful/yabn/1.0.3/4fed3cbc170c4e4be757c147cdad053ee8152a5c/yabn-1.0.3.jar:/home/sqvizers/.gradle/caches/modules-2/files-2.1/com.teamresourceful/bytecodecs/1.1.2/e59d2ea278db58965b7ed93a276ca4e7b9f8a818/bytecodecs-1.1.2.jar:/home/sqvizers/.gradle/caches/modules-2/files-2.1/net.neoforged.fancymodloader/earlydisplay/4.0.43/3a941fcf258b5a7dde0445377a7206a55d11630d/earlydisplay-4.0.43.jar:/home/sqvizers/.gradle/caches/modules-2/files-2.1/net.neoforged.fancymodloader/loader/4.0.43/fb10b7bf2f568a9676ad8b426b19c23badbbd98a/loader-4.0.43.jar:/home/sqvizers/.gradle/caches/modules-2/files-2.1/net.neoforged.accesstransformers/at-modlauncher/10.0.1/5aba50202aceead086bc09fbc2751c9f05cb4890/at-modlauncher-10.0.1.jar:/home/sqvizers/.gradle/caches/modules-2/files-2.1/net.neoforged/accesstransformers/10.0.1/fd83b5725f76eae9115e9355fa1c456a6a441400/accesstransformers-10.0.1.jar:/home/sqvizers/.gradle/caches/modules-2/files-2.1/net.neoforged/bus/8.0.5/5b2d33285ab5d1554e9798ad98c40d6ea3868bd5/bus-8.0.5.jar:/home/sqvizers/.gradle/caches/modules-2/files-2.1/net.neoforged/coremods/7.0.3/9147e6f638b4272b3bd5fc8f92ad37802512c6c/coremods-7.0.3.jar:/home/sqvizers/.gradle/caches/modules-2/files-2.1/cpw.mods/modlauncher/11.0.5/b8f0d49294f733fdb6173931b263553e943dc950/modlauncher-11.0.5.jar:/home/sqvizers/.gradle/caches/modules-2/files-2.1/net.neoforged/mergetool/2.0.0/52fe1949be64e3303aabaaa21e315f551db9c9f4/mergetool-2.0.0-api.jar:/home/sqvizers/.gradle/caches/modules-2/files-2.1/com.electronwill.night-config/toml/3.8.3/90b2fd6efcb4a7d5b9810cf78f9d824994d717f2/toml-3.8.3.jar:/home/sqvizers/.gradle/caches/modules-2/files-2.1/com.electronwill.night-config/core/3.8.3/b442a95f09e349927f5a945ecb594455870fcf4f/core-3.8.3.jar:/home/sqvizers/.gradle/caches/modules-2/files-2.1/net.neoforged/JarJarSelector/0.4.1/fb3cc7a58af22ad2880adb98af6d518128c47dae/JarJarSelector-0.4.1.jar:/home/sqvizers/.gradle/caches/modules-2/files-2.1/net.neoforged/JarJarMetadata/0.4.1/f8da03683dc81694556dc3e177c5e3bb77ae6fcb/JarJarMetadata-0.4.1.jar:/home/sqvizers/.gradle/caches/modules-2/files-2.1/org.apache.maven/maven-artifact/3.8.5/4433f50c07debefaed0553bd0068f4f48d449313/maven-artifact-3.8.5.jar:/home/sqvizers/.gradle/caches/modules-2/files-2.1/net.jodah/typetools/0.6.3/a01aaa6ddaea9ec07ec4f209487b7a46a526283a/typetools-0.6.3.jar:/home/sqvizers/.gradle/caches/modules-2/files-2.1/net.minecrell/terminalconsoleappender/1.3.0/b562e9bb61235c9520e26282cdee71f8f802d1fc/terminalconsoleappender-1.3.0.jar:/home/sqvizers/.gradle/caches/modules-2/files-2.1/net.fabricmc/sponge-mixin/0.15.2+mixin.0.8.7/2af2f021d8e02a0220dc27a7a72b4666d66d44ca/sponge-mixin-0.15.2+mixin.0.8.7.jar:/home/sqvizers/.gradle/caches/modules-2/files-2.1/org.openjdk.nashorn/nashorn-core/15.4/f67f5ffaa5f5130cf6fb9b133da00c7df3b532a5/nashorn-core-15.4.jar:/home/sqvizers/.gradle/caches/modules-2/files-2.1/org.apache.commons/commons-lang3/3.14.0/1ed471194b02f2c6cb734a0cd6f6f107c673afae/commons-lang3-3.14.0.jar:/home/sqvizers/.gradle/caches/modules-2/files-2.1/cpw.mods/bootstraplauncher/2.0.2/1a2d076cbc33b0520cbacd591224427b2a20047d/bootstraplauncher-2.0.2.jar:/home/sqvizers/.gradle/caches/modules-2/files-2.1/cpw.mods/securejarhandler/3.0.8/c0ef95cecd8699a0449053ac7d9c160748d902cd/securejarhandler-3.0.8.jar:/home/sqvizers/.gradle/caches/modules-2/files-2.1/org.ow2.asm/asm-commons/9.10.1/4229e4c55fd8e01c23f9fe9884075cc628aacc50/asm-commons-9.10.1.jar:/home/sqvizers/.gradle/caches/modules-2/files-2.1/org.ow2.asm/asm-util/9.10.1/7bb9d450e8d4cbf9f9e04096c44bbfe7fba80b15/asm-util-9.10.1.jar:/home/sqvizers/.gradle/caches/modules-2/files-2.1/org.ow2.asm/asm-analysis/9.10.1/8d49f14d51f632cb1d87c88d1ceaf50db0d8af1b/asm-analysis-9.10.1.jar:/home/sqvizers/.gradle/caches/modules-2/files-2.1/org.ow2.asm/asm-tree/9.10.1/e244332a17564c1d1572449399a842de35881be2/asm-tree-9.10.1.jar:/home/sqvizers/.gradle/caches/modules-2/files-2.1/org.ow2.asm/asm/9.10.1/ada2141c0cc52ee8f5c48cd5fa4ce0e794f22236/asm-9.10.1.jar:/home/sqvizers/.gradle/caches/modules-2/files-2.1/net.neoforged/JarJarFileSystems/0.4.1/78f59f89defcd032ed788b151ca6a0d40ace796a/JarJarFileSystems-0.4.1.jar:/home/sqvizers/.gradle/caches/modules-2/files-2.1/com.tterrag.registrate/Registrate/MC1.21-1.3.0+67/66ddc4cd56472fea1ea1a24182901e6c92a51c0a/Registrate-MC1.21-1.3.0+67.jar:/home/sqvizers/.gradle/caches/modules-2/files-2.1/maven.modrinth/farmers-delight/1.21.1-1.2.9/9abe078f48781e4b87288dbc59691c8ba1152d8d/farmers-delight-1.21.1-1.2.9.jar:/home/sqvizers/.gradle/caches/modules-2/files-2.1/info.journeymap/journeymap-api-neoforge/2.0.0-1.21.1-20260205.200232-15/29bd7e39e1cdafd959707dc1cfe4e6889b1d42c9/journeymap-api-neoforge-2.0.0-1.21.1-20260205.200232-15.jar:/home/sqvizers/.gradle/caches/modules-2/files-2.1/dev.engine-room.vanillin/vanillin-neoforge-1.21.1/1.1.3-41/d92ad47c6956ffb76ab73ecc6afe92d7fce36447/vanillin-neoforge-1.21.1-1.1.3-41.jar:/home/sqvizers/.gradle/caches/modules-2/files-2.1/io.netty/netty-buffer/4.1.97.Final/f8f3d8644afa5e6e1a40a3a6aeb9d9aa970ecb4f/netty-buffer-4.1.97.Final.jar:/home/sqvizers/.gradle/caches/modules-2/files-2.1/net.sf.jopt-simple/jopt-simple/5.0.4/4fdac2fbe92dfad86aa6e9301736f6b4342a3f5c/jopt-simple-5.0.4.jar:/home/sqvizers/.gradle/caches/modules-2/files-2.1/commons-io/commons-io/2.15.1/f11560da189ab563a5c8e351941415430e9304ea/commons-io-2.15.1.jar:/home/sqvizers/.gradle/caches/modules-2/files-2.1/com.mojang/logging/1.2.7/24cb95ffb0e3433fd6e844c04e68009e504ca1c0/logging-1.2.7.jar:/home/sqvizers/.gradle/caches/modules-2/files-2.1/org.apache.logging.log4j/log4j-slf4j2-impl/2.22.1/d7e6693c2606cb7e7335047d7bb96dec52db5665/log4j-slf4j2-impl-2.22.1.jar:/home/sqvizers/.gradle/caches/modules-2/files-2.1/org.apache.logging.log4j/log4j-core/2.22.1/7183a25510a02ad00cc6a95d3b3d2a7d3c5a8dc4/log4j-core-2.22.1.jar:/home/sqvizers/.gradle/caches/modules-2/files-2.1/org.apache.logging.log4j/log4j-api/2.22.1/bea6fede6328fabafd7e68363161a7ea6605abd1/log4j-api-2.22.1.jar:/home/sqvizers/.gradle/caches/modules-2/files-2.1/com.google.guava/guava/32.1.2-jre/5e64ec7e056456bef3a4bc4c6fdaef71e8ab6318/guava-32.1.2-jre.jar:/home/sqvizers/.gradle/caches/modules-2/files-2.1/com.google.code.gson/gson/2.10.1/b3add478d4382b78ea20b1671390a858002feb6c/gson-2.10.1.jar:/home/sqvizers/.gradle/caches/modules-2/files-2.1/org.slf4j/slf4j-api/2.0.9/7cf2726fdcfbc8610f9a71fb3ed639871f315340/slf4j-api-2.0.9.jar:/home/sqvizers/.gradle/caches/modules-2/files-2.1/org.antlr/antlr4-runtime/4.13.1/17125bae1d965624e265ef49552f6465a2bfa307/antlr4-runtime-4.13.1.jar:/home/sqvizers/.gradle/caches/modules-2/files-2.1/net.minecraftforge/srgutils/0.4.15/ca408b131759478f164e010fae0d73997e125fb5/srgutils-0.4.15.jar:/home/sqvizers/.gradle/caches/modules-2/files-2.1/org.codehaus.plexus/plexus-utils/3.3.0/cf43b5391de623b36fe066a21127baef82c64022/plexus-utils-3.3.0.jar:/home/sqvizers/.gradle/caches/modules-2/files-2.1/org.jline/jline-reader/3.20.0/8f15415b022a25b473e8e16c28ae913186ffb9c4/jline-reader-3.20.0.jar:/home/sqvizers/.gradle/caches/modules-2/files-2.1/com.machinezoo.noexception/noexception/1.7.1/b65330c98e38a1f915fa54a6e5eca496505e3f0a/noexception-1.7.1.jar:/home/sqvizers/.gradle/caches/modules-2/files-2.1/io.netty/netty-common/4.1.97.Final/7cceacaf11df8dc63f23d0fb58e9d4640fc88404/netty-common-4.1.97.Final.jar:/home/sqvizers/.gradle/caches/modules-2/files-2.1/com.github.oshi/oshi-core/6.4.10/b1d8ab82d11d92fd639b56d639f8f46f739dd5fa/oshi-core-6.4.10.jar:/home/sqvizers/.gradle/caches/modules-2/files-2.1/com.google.guava/failureaccess/1.0.1/1dcf1de382a0bf95a3d8b0849546c88bac1292c9/failureaccess-1.0.1.jar:/home/sqvizers/.gradle/caches/modules-2/files-2.1/com.ibm.icu/icu4j/73.2/61ad4ef7f9131fcf6d25c34b817f90d6da06c9e9/icu4j-73.2.jar:/home/sqvizers/.gradle/caches/modules-2/files-2.1/com.mojang/authlib/6.0.54/de8bc95660e1b2fe8793fd427a7a10dcec5b3ea7/authlib-6.0.54.jar:/home/sqvizers/.gradle/caches/modules-2/files-2.1/com.mojang/blocklist/1.0.10/5c685c5ffa94c4cd39496c7184c1d122e515ecef/blocklist-1.0.10.jar:/home/sqvizers/.gradle/caches/modules-2/files-2.1/com.mojang/brigadier/1.3.10/d15b53a14cf20fdcaa98f731af5dda654452c010/brigadier-1.3.10.jar:/home/sqvizers/.gradle/caches/modules-2/files-2.1/com.mojang/datafixerupper/8.0.16/67d4de6d7f95d89bcf5862995fb854ebaec02a34/datafixerupper-8.0.16.jar:/home/sqvizers/.gradle/caches/modules-2/files-2.1/com.mojang/patchy/2.2.10/da05971b07cbb379d002cf7eaec6a2048211fefc/patchy-2.2.10.jar:/home/sqvizers/.gradle/caches/modules-2/files-2.1/com.mojang/text2speech/1.17.9/3cad216e3a7f0c19b4b394388bc9ffc446f13b14/text2speech-1.17.9.jar:/home/sqvizers/.gradle/caches/modules-2/files-2.1/commons-codec/commons-codec/1.16.0/4e3eb3d79888d76b54e28b350915b5dc3919c9de/commons-codec-1.16.0.jar:/home/sqvizers/.gradle/caches/modules-2/files-2.1/commons-logging/commons-logging/1.2/4bfc12adfe4842bf07b657f0369c4cb522955686/commons-logging-1.2.jar:/home/sqvizers/.gradle/caches/modules-2/files-2.1/io.netty/netty-codec/4.1.97.Final/384ba4d75670befbedb45c4d3b497a93639c206d/netty-codec-4.1.97.Final.jar:/home/sqvizers/.gradle/caches/modules-2/files-2.1/io.netty/netty-handler/4.1.97.Final/abb86c6906bf512bf2b797a41cd7d2e8d3cd7c36/netty-handler-4.1.97.Final.jar:/home/sqvizers/.gradle/caches/modules-2/files-2.1/io.netty/netty-resolver/4.1.97.Final/cec8348108dc76c47cf87c669d514be52c922144/netty-resolver-4.1.97.Final.jar:/home/sqvizers/.gradle/caches/modules-2/files-2.1/io.netty/netty-transport-classes-epoll/4.1.97.Final/795da37ded759e862457a82d9d92c4d39ce8ecee/netty-transport-classes-epoll-4.1.97.Final.jar:/home/sqvizers/.gradle/caches/modules-2/files-2.1/io.netty/netty-transport-native-unix-common/4.1.97.Final/d469d84265ab70095b01b40886cabdd433b6e664/netty-transport-native-unix-common-4.1.97.Final.jar:/home/sqvizers/.gradle/caches/modules-2/files-2.1/io.netty/netty-transport/4.1.97.Final/f37380d23c9bb079bc702910833b2fd532c9abd0/netty-transport-4.1.97.Final.jar:/home/sqvizers/.gradle/caches/modules-2/files-2.1/it.unimi.dsi/fastutil/8.5.12/c24946d46824bd528054bface3231d2ecb7e95e8/fastutil-8.5.12.jar:/home/sqvizers/.gradle/caches/modules-2/files-2.1/net.java.dev.jna/jna-platform/5.14.0/28934d48aed814f11e4c584da55c49fa7032b31b/jna-platform-5.14.0.jar:/home/sqvizers/.gradle/caches/modules-2/files-2.1/net.java.dev.jna/jna/5.14.0/67bf3eaea4f0718cb376a181a629e5f88fa1c9dd/jna-5.14.0.jar:/home/sqvizers/.gradle/caches/modules-2/files-2.1/org.apache.commons/commons-compress/1.26.0/659feffdd12280201c8aacb8f7be94f9a883c824/commons-compress-1.26.0.jar:/home/sqvizers/.gradle/caches/modules-2/files-2.1/org.apache.httpcomponents/httpclient/4.5.13/e5f6cae5ca7ecaac1ec2827a9e2d65ae2869cada/httpclient-4.5.13.jar:/home/sqvizers/.gradle/caches/modules-2/files-2.1/org.apache.httpcomponents/httpcore/4.4.16/51cf043c87253c9f58b539c9f7e44c8894223850/httpcore-4.4.16.jar:/home/sqvizers/.gradle/caches/modules-2/files-2.1/org.jcraft/jorbis/0.0.17/8872d22b293e8f5d7d56ff92be966e6dc28ebdc6/jorbis-0.0.17.jar:/home/sqvizers/.gradle/caches/modules-2/files-2.1/org.joml/joml/1.10.5/22566d58af70ad3d72308bab63b8339906deb649/joml-1.10.5.jar:/home/sqvizers/.gradle/caches/modules-2/files-2.1/org.lwjgl/lwjgl-freetype/3.3.3/a0db6c84a8becc8ca05f9dbfa985edc348a824c7/lwjgl-freetype-3.3.3.jar:/home/sqvizers/.gradle/caches/modules-2/files-2.1/org.lwjgl/lwjgl-freetype/3.3.3/149070a5480900347071b7074779531f25a6e3dc/lwjgl-freetype-3.3.3-natives-linux.jar:/home/sqvizers/.gradle/caches/modules-2/files-2.1/org.lwjgl/lwjgl-glfw/3.3.3/efa1eb78c5ccd840e9f329717109b5e892d72f8e/lwjgl-glfw-3.3.3.jar:/home/sqvizers/.gradle/caches/modules-2/files-2.1/org.lwjgl/lwjgl-glfw/3.3.3/a03684c5e4b1b1dbbe0d29dbbdc27b985b6840f2/lwjgl-glfw-3.3.3-natives-linux.jar:/home/sqvizers/.gradle/caches/modules-2/files-2.1/org.lwjgl/lwjgl-jemalloc/3.3.3/b543467b7ff3c6920539a88ee602d34098628be5/lwjgl-jemalloc-3.3.3.jar:/home/sqvizers/.gradle/caches/modules-2/files-2.1/org.lwjgl/lwjgl-jemalloc/3.3.3/4f86728bf449b1dd61251c4e0ac01df1389cb51e/lwjgl-jemalloc-3.3.3-natives-linux.jar:/home/sqvizers/.gradle/caches/modules-2/files-2.1/org.lwjgl/lwjgl-openal/3.3.3/daada81ceb5fc0c291fbfdd4433cb8d9423577f2/lwjgl-openal-3.3.3.jar:/home/sqvizers/.gradle/caches/modules-2/files-2.1/org.lwjgl/lwjgl-openal/3.3.3/3037360cc4595079bea240af250b6d1a527e0905/lwjgl-openal-3.3.3-natives-linux.jar:/home/sqvizers/.gradle/caches/modules-2/files-2.1/org.lwjgl/lwjgl-opengl/3.3.3/2f6b0147078396a58979125a4c947664e98293a/lwjgl-opengl-3.3.3.jar:/home/sqvizers/.gradle/caches/modules-2/files-2.1/org.lwjgl/lwjgl-opengl/3.3.3/62c70a4b00ca5391882b0f4b787c1588d24f1c86/lwjgl-opengl-3.3.3-natives-linux.jar:/home/sqvizers/.gradle/caches/modules-2/files-2.1/org.lwjgl/lwjgl-stb/3.3.3/25dd6161988d7e65f71d5065c99902402ee32746/lwjgl-stb-3.3.3.jar:/home/sqvizers/.gradle/caches/modules-2/files-2.1/org.lwjgl/lwjgl-stb/3.3.3/fd1271ccd9d85eff2fa31f3fd543e02ccfaf5041/lwjgl-stb-3.3.3-natives-linux.jar:/home/sqvizers/.gradle/caches/modules-2/files-2.1/org.lwjgl/lwjgl-tinyfd/3.3.3/82d755ca94b102e9ca77283b9e2dc46d1b15fbe5/lwjgl-tinyfd-3.3.3.jar:/home/sqvizers/.gradle/caches/modules-2/files-2.1/org.lwjgl/lwjgl-tinyfd/3.3.3/d8d58daa0c3e5fd906fee96f5fddbcbc07cc308b/lwjgl-tinyfd-3.3.3-natives-linux.jar:/home/sqvizers/.gradle/caches/modules-2/files-2.1/org.lwjgl/lwjgl/3.3.3/29589b5f87ed335a6c7e7ee6a5775f81f97ecb84/lwjgl-3.3.3.jar:/home/sqvizers/.gradle/caches/modules-2/files-2.1/org.lwjgl/lwjgl/3.3.3/1713758e3660ba66e1e954396fd18126038b33c0/lwjgl-3.3.3-natives-linux.jar:/home/sqvizers/.gradle/caches/modules-2/files-2.1/org.lz4/lz4-java/1.8.0/4b986a99445e49ea5fbf5d149c4b63f6ed6c6780/lz4-java-1.8.0.jar:/home/sqvizers/.gradle/caches/modules-2/files-2.1/org.jline/jline-terminal/3.20.0/d0ddcc708ddf527a3454c941b7b9225cc83a15ff/jline-terminal-3.20.0.jar:/home/sqvizers/.gradle/caches/modules-2/files-2.1/io.netty/netty-transport-native-epoll/4.1.97.Final/5514744c588190ffda076b35a9b8c9f24946a960/netty-transport-native-epoll-4.1.97.Final-linux-aarch_64.jar:/home/sqvizers/.gradle/caches/modules-2/files-2.1/io.netty/netty-transport-native-epoll/4.1.97.Final/54188f271e388e7f313aea995e82f58ce2cdb809/netty-transport-native-epoll-4.1.97.Final-linux-x86_64.jar:/home/sqvizers/.gradle/caches/modules-2/files-2.1/com.google.guava/listenablefuture/9999.0-empty-to-avoid-conflict-with-guava/b421526c5f297295adef1c886e5246c39d4ac629/listenablefuture-9999.0-empty-to-avoid-conflict-with-guava.jar:/home/sqvizers/.gradle/caches/modules-2/files-2.1/com.google.code.findbugs/jsr305/3.0.2/25ea2e8b0c338a877313bd4672d3fe056ea78f0d/jsr305-3.0.2.jar:/home/sqvizers/.gradle/caches/modules-2/files-2.1/org.checkerframework/checker-qual/3.33.0/de2b60b62da487644fc11f734e73c8b0b431238f/checker-qual-3.33.0.jar:/home/sqvizers/.gradle/caches/modules-2/files-2.1/com.google.errorprone/error_prone_annotations/2.18.0/89b684257096f548fa39a7df9fdaa409d4d4df91/error_prone_annotations-2.18.0.jar:/home/sqvizers/.gradle/caches/modules-2/files-2.1/com.google.j2objc/j2objc-annotations/2.8/c85270e307e7b822f1086b93689124b89768e273/j2objc-annotations-2.8.jar)
		at MC-BOOTSTRAP/com.sun.jna@5.14.0/com.sun.jna.Native.extractFromResourcePath(Native.java:1141) ~[jna-5.14.0.jar%23128!/:5.14.0 (b0)]
		at MC-BOOTSTRAP/com.sun.jna@5.14.0/com.sun.jna.NativeLibrary.loadLibrary(NativeLibrary.java:297) ~[jna-5.14.0.jar%23128!/:5.14.0 (b0)]
		at MC-BOOTSTRAP/com.sun.jna@5.14.0/com.sun.jna.NativeLibrary.getInstance(NativeLibrary.java:481) ~[jna-5.14.0.jar%23128!/:5.14.0 (b0)]
		at MC-BOOTSTRAP/com.sun.jna@5.14.0/com.sun.jna.NativeLibrary.getInstance(NativeLibrary.java:423) ~[jna-5.14.0.jar%23128!/:5.14.0 (b0)]
		at MC-BOOTSTRAP/text2speech@1.17.9/com.mojang.text2speech.NarratorLinux$FliteLibrary.loadNative(NarratorLinux.java:67) ~[text2speech-1.17.9.jar%23110!/:?]
		at MC-BOOTSTRAP/text2speech@1.17.9/com.mojang.text2speech.NarratorLinux.<init>(NarratorLinux.java:18) ~[text2speech-1.17.9.jar%23110!/:?]
		at MC-BOOTSTRAP/text2speech@1.17.9/com.mojang.text2speech.Narrator.getNarrator(Narrator.java:41) ~[text2speech-1.17.9.jar%23110!/:?]
		at TRANSFORMER/minecraft@1.21.1/net.minecraft.client.GameNarrator.<init>(GameNarrator.java:21) ~[neoforge-21.1.248.jar%23177!/:?]
		at TRANSFORMER/minecraft@1.21.1/net.minecraft.client.Minecraft.<init>(Minecraft.java:615) ~[neoforge-21.1.248.jar%23177!/:?]
		at TRANSFORMER/minecraft@1.21.1/net.minecraft.client.main.Main.main(Main.java:214) ~[neoforge-21.1.248.jar%23177!/:?]
		at java.base/jdk.internal.reflect.DirectMethodHandleAccessor.invoke(DirectMethodHandleAccessor.java:103) ~[?:?]
		at java.base/java.lang.reflect.Method.invoke(Method.java:580) ~[?:?]
		at MC-BOOTSTRAP/fml_loader@4.0.43/net.neoforged.fml.loading.targets.CommonLaunchHandler.runTarget(CommonLaunchHandler.java:136) ~[loader-4.0.43.jar%23134!/:4.0]
		at MC-BOOTSTRAP/fml_loader@4.0.43/net.neoforged.fml.loading.targets.CommonLaunchHandler.clientService(CommonLaunchHandler.java:124) ~[loader-4.0.43.jar%23134!/:4.0]
		at MC-BOOTSTRAP/fml_loader@4.0.43/net.neoforged.fml.loading.targets.NeoForgeClientDevLaunchHandler.runService(NeoForgeClientDevLaunchHandler.java:23) ~[loader-4.0.43.jar%23134!/:4.0]
		at MC-BOOTSTRAP/fml_loader@4.0.43/net.neoforged.fml.loading.targets.CommonLaunchHandler.lambda$launchService$4(CommonLaunchHandler.java:118) ~[loader-4.0.43.jar%23134!/:4.0]
		at MC-BOOTSTRAP/cpw.mods.modlauncher@11.0.5/cpw.mods.modlauncher.LaunchServiceHandlerDecorator.launch(LaunchServiceHandlerDecorator.java:30) [modlauncher-11.0.5.jar%23114!/:?]
		at MC-BOOTSTRAP/cpw.mods.modlauncher@11.0.5/cpw.mods.modlauncher.LaunchServiceHandler.launch(LaunchServiceHandler.java:53) [modlauncher-11.0.5.jar%23114!/:?]
		at MC-BOOTSTRAP/cpw.mods.modlauncher@11.0.5/cpw.mods.modlauncher.LaunchServiceHandler.launch(LaunchServiceHandler.java:71) [modlauncher-11.0.5.jar%23114!/:?]
		at MC-BOOTSTRAP/cpw.mods.modlauncher@11.0.5/cpw.mods.modlauncher.Launcher.run(Launcher.java:103) [modlauncher-11.0.5.jar%23114!/:?]
		at MC-BOOTSTRAP/cpw.mods.modlauncher@11.0.5/cpw.mods.modlauncher.Launcher.main(Launcher.java:74) [modlauncher-11.0.5.jar%23114!/:?]
		at MC-BOOTSTRAP/cpw.mods.modlauncher@11.0.5/cpw.mods.modlauncher.BootstrapLaunchConsumer.accept(BootstrapLaunchConsumer.java:26) [modlauncher-11.0.5.jar%23114!/:?]
		at MC-BOOTSTRAP/cpw.mods.modlauncher@11.0.5/cpw.mods.modlauncher.BootstrapLaunchConsumer.accept(BootstrapLaunchConsumer.java:23) [modlauncher-11.0.5.jar%23114!/:?]
		at cpw.mods.bootstraplauncher@2.0.2/cpw.mods.bootstraplauncher.BootstrapLauncher.run(BootstrapLauncher.java:210) [bootstraplauncher-2.0.2.jar:?]
		at cpw.mods.bootstraplauncher@2.0.2/cpw.mods.bootstraplauncher.BootstrapLauncher.main(BootstrapLauncher.java:69) [bootstraplauncher-2.0.2.jar:?]
		at java.base/jdk.internal.reflect.DirectMethodHandleAccessor.invoke(DirectMethodHandleAccessor.java:103) ~[?:?]
		at java.base/java.lang.reflect.Method.invoke(Method.java:580) ~[?:?]
		at net.neoforged.devlaunch.Main.main(Main.java:57) [DevLaunch-1.0.2.jar:?]
[24Sep2026 21:09:19.686] [Render thread/INFO] [KubeJS/]: Loaded 76 asset packs: gtceu:dynamic_assets, vanilla, KubeJS Virtual Resource Pack [Before Mods, assets], mod_resources, mod/sodium, mod/smartbrainlib, mod/rhino, mod/fabric_renderer_api_v1, mod/geckolib, mod/jei, mod/xaerolib, mod/aeronautics, mod/xaeroworldmap, mod/neoforge, mod/fabric_block_view_api_v2, mod/iris, mod/veil, mod/simulated, mod/guideme, mod/ldlib, mod/nuggets, mod/cloth_config, mod/offroad, mod/farmersdelight, mod/emi, mod/kubejs, mod/fabric_api_base, mod/configuration, mod/gtceu, mod/the_afterdark, mod/jade, mod/ae2, mod/nebulaeae2, mod/ae2wtlib, mod/ae2wtlib_api, mod/botania, mod/rocketnautics,dimensional_sable, mod/flywheel, mod/ponder, mod/create, mod/sable, mod/sablecompanion, mod/patchouli, mod/xaerominimap, mod/legendarysurvivaloverhaul, mod/curios, mod/ars_nouveau, mod/modularui, mod/modonomicon, mod/resourcefullib, mod/betteradvancedtooltips, mod/lambdynlights_api, mod/embers, mod/architectury, mod/ftblibrary, mod/ftbteams, mod/ftbchunks, mod/ftbquests, mod/worldstripper, mod/occultism, mod/fabric_rendering_data_attachment_v1, mod/undergarden, mod/lodestone, mod/malum, mod/infiniverse, mod/journeymap_api, mod/effortlessbuilding, mod/vanillin, mod/phoenix_chromatic_codes, mod/space_gravity, mod/forgeborncore, KubeJS Virtual Resource Pack [Internal, assets], KubeJS Virtual Resource Pack [After Mods, assets], KubeJS File Resource Pack [assets], phoenix_chromatic_codes_dynamic_fonts, KubeJS Virtual Resource Pack [Last, assets]
[24Sep2026 21:09:19.688] [Render thread/INFO] [net.minecraft.server.packs.resources.ReloadableResourceManager/]: Reloading ResourceManager: gtceu:dynamic_assets, vanilla, KubeJS Virtual Resource Pack [Before Mods, assets], mod_resources, mod/sodium, mod/smartbrainlib, mod/rhino, mod/fabric_renderer_api_v1, mod/geckolib, mod/jei, mod/xaerolib, mod/aeronautics, mod/xaeroworldmap, mod/neoforge, mod/fabric_block_view_api_v2, mod/iris, mod/veil, mod/simulated, mod/guideme, mod/ldlib, mod/nuggets, mod/cloth_config, mod/offroad, mod/farmersdelight, mod/emi, mod/kubejs, mod/fabric_api_base, mod/configuration, mod/gtceu, mod/the_afterdark, mod/jade, mod/ae2, mod/nebulaeae2, mod/ae2wtlib, mod/ae2wtlib_api, mod/botania, mod/rocketnautics,dimensional_sable, mod/flywheel, mod/ponder, mod/create, mod/sable, mod/sablecompanion, mod/patchouli, mod/xaerominimap, mod/legendarysurvivaloverhaul, mod/curios, mod/ars_nouveau, mod/modularui, mod/modonomicon, mod/resourcefullib, mod/betteradvancedtooltips, mod/lambdynlights_api, mod/embers, mod/architectury, mod/ftblibrary, mod/ftbteams, mod/ftbchunks, mod/ftbquests, mod/worldstripper, mod/occultism, mod/fabric_rendering_data_attachment_v1, mod/undergarden, mod/lodestone, mod/malum, mod/infiniverse, mod/journeymap_api, mod/effortlessbuilding, mod/vanillin, mod/phoenix_chromatic_codes, mod/space_gravity, mod/forgeborncore, KubeJS Virtual Resource Pack [Internal, assets], KubeJS Virtual Resource Pack [After Mods, assets], KubeJS File Resource Pack [assets], phoenix_chromatic_codes_dynamic_fonts, KubeJS Virtual Resource Pack [Last, assets], ldlib
[24Sep2026 21:09:19.714] [Worker-Main-6/WARN] [GeckoLib/]: Found animation file with improper file name format; animation files should end in .animation.json: 'ars_nouveau:animations/agronomic_sourcelink_animation.json'
[24Sep2026 21:09:19.714] [Worker-Main-11/INFO] [xaero.lib.XaeroLib/]: Loading XaeroLib common 1/2!
[24Sep2026 21:09:19.720] [Worker-Main-5/ERROR] [dev.ftb.mods.ftblibrary.icon.EntityIconLoader/]: Missing entity icon settings for ars_nouveau:alakarkinos
[24Sep2026 21:09:19.720] [Worker-Main-5/ERROR] [dev.ftb.mods.ftblibrary.icon.EntityIconLoader/]: Missing entity icon settings for occultism:possessed_ghast
[24Sep2026 21:09:19.720] [Worker-Main-5/ERROR] [dev.ftb.mods.ftblibrary.icon.EntityIconLoader/]: Missing entity icon settings for occultism:wild_horde_silverfish
[24Sep2026 21:09:19.720] [Worker-Main-5/ERROR] [dev.ftb.mods.ftblibrary.icon.EntityIconLoader/]: Missing entity icon settings for ars_nouveau:summon_horse
[24Sep2026 21:09:19.720] [Worker-Main-5/ERROR] [dev.ftb.mods.ftblibrary.icon.EntityIconLoader/]: Missing entity icon settings for occultism:possessed_weak_breeze
[24Sep2026 21:09:19.720] [Worker-Main-5/ERROR] [dev.ftb.mods.ftblibrary.icon.EntityIconLoader/]: Missing entity icon settings for occultism:wild_zombie
[24Sep2026 21:09:19.722] [Worker-Main-5/ERROR] [dev.ftb.mods.ftblibrary.icon.EntityIconLoader/]: Missing entity icon settings for ars_nouveau:summon_wolf
[24Sep2026 21:09:19.723] [Worker-Main-5/ERROR] [dev.ftb.mods.ftblibrary.icon.EntityIconLoader/]: Missing entity icon settings for occultism:marid
[24Sep2026 21:09:19.723] [Worker-Main-5/ERROR] [dev.ftb.mods.ftblibrary.icon.EntityIconLoader/]: Missing entity icon settings for occultism:beaver_familiar
[24Sep2026 21:09:19.723] [Worker-Main-5/ERROR] [dev.ftb.mods.ftblibrary.icon.EntityIconLoader/]: Missing entity icon settings for occultism:possessed_elder_guardian
[24Sep2026 21:09:19.723] [Worker-Main-5/ERROR] [dev.ftb.mods.ftblibrary.icon.EntityIconLoader/]: Missing entity icon settings for occultism:headless_familiar
[24Sep2026 21:09:19.723] [Worker-Main-5/ERROR] [dev.ftb.mods.ftblibrary.icon.EntityIconLoader/]: Missing entity icon settings for occultism:greedy_familiar
[24Sep2026 21:09:19.724] [Worker-Main-5/ERROR] [dev.ftb.mods.ftblibrary.icon.EntityIconLoader/]: Missing entity icon settings for forgeborncore:spirit
[24Sep2026 21:09:19.724] [Worker-Main-5/ERROR] [dev.ftb.mods.ftblibrary.icon.EntityIconLoader/]: Missing entity icon settings for occultism:possessed_enderman
[24Sep2026 21:09:19.724] [Worker-Main-5/ERROR] [dev.ftb.mods.ftblibrary.icon.EntityIconLoader/]: Missing entity icon settings for occultism:possessed_warden
[24Sep2026 21:09:19.724] [Worker-Main-5/ERROR] [dev.ftb.mods.ftblibrary.icon.EntityIconLoader/]: Missing entity icon settings for occultism:wild_horde_husk
[24Sep2026 21:09:19.724] [Worker-Main-5/ERROR] [dev.ftb.mods.ftblibrary.icon.EntityIconLoader/]: Missing entity icon settings for occultism:wild_spider
[24Sep2026 21:09:19.725] [Worker-Main-5/ERROR] [dev.ftb.mods.ftblibrary.icon.EntityIconLoader/]: Missing entity icon settings for occultism:wild_stray
[24Sep2026 21:09:19.725] [Worker-Main-5/ERROR] [dev.ftb.mods.ftblibrary.icon.EntityIconLoader/]: Missing entity icon settings for occultism:afrit_wild
[24Sep2026 21:09:19.725] [Worker-Main-5/ERROR] [dev.ftb.mods.ftblibrary.icon.EntityIconLoader/]: Missing entity icon settings for ars_nouveau:familiar_wixie
[24Sep2026 21:09:19.725] [Worker-Main-5/ERROR] [dev.ftb.mods.ftblibrary.icon.EntityIconLoader/]: Missing entity icon settings for occultism:possessed_hoglin
[24Sep2026 21:09:19.725] [Worker-Main-5/ERROR] [dev.ftb.mods.ftblibrary.icon.EntityIconLoader/]: Missing entity icon settings for occultism:possessed_endermite
[24Sep2026 21:09:19.725] [Worker-Main-5/ERROR] [dev.ftb.mods.ftblibrary.icon.EntityIconLoader/]: Missing entity icon settings for undergarden:denizen
[24Sep2026 21:09:19.726] [Worker-Main-5/ERROR] [dev.ftb.mods.ftblibrary.icon.EntityIconLoader/]: Missing entity icon settings for occultism:djinni
[24Sep2026 21:09:19.726] [Worker-Main-5/ERROR] [dev.ftb.mods.ftblibrary.icon.EntityIconLoader/]: Missing entity icon settings for undergarden:mog
[24Sep2026 21:09:19.726] [Worker-Main-5/ERROR] [dev.ftb.mods.ftblibrary.icon.EntityIconLoader/]: Missing entity icon settings for occultism:wild_cave_spider
[24Sep2026 21:09:19.726] [Worker-Main-5/ERROR] [dev.ftb.mods.ftblibrary.icon.EntityIconLoader/]: Missing entity icon settings for occultism:mercy_goat
[24Sep2026 21:09:19.726] [Worker-Main-5/ERROR] [dev.ftb.mods.ftblibrary.icon.EntityIconLoader/]: Missing entity icon settings for occultism:dragon_familiar
[24Sep2026 21:09:19.726] [Worker-Main-5/ERROR] [dev.ftb.mods.ftblibrary.icon.EntityIconLoader/]: Missing entity icon settings for occultism:deer_familiar
[24Sep2026 21:09:19.727] [Worker-Main-5/ERROR] [dev.ftb.mods.ftblibrary.icon.EntityIconLoader/]: Missing entity icon settings for ars_nouveau:wilden_stalker
[24Sep2026 21:09:19.727] [Worker-Main-5/ERROR] [dev.ftb.mods.ftblibrary.icon.EntityIconLoader/]: Missing entity icon settings for occultism:beholder_familiar
[24Sep2026 21:09:19.728] [Worker-Main-5/ERROR] [dev.ftb.mods.ftblibrary.icon.EntityIconLoader/]: Missing entity icon settings for undergarden:rotbelcher
[24Sep2026 21:09:19.728] [Worker-Main-5/ERROR] [dev.ftb.mods.ftblibrary.icon.EntityIconLoader/]: Missing entity icon settings for ars_nouveau:familiar_amethyst_golem
[24Sep2026 21:09:19.729] [Worker-Main-5/ERROR] [dev.ftb.mods.ftblibrary.icon.EntityIconLoader/]: Missing entity icon settings for ars_nouveau:blazing_weald_walker
[24Sep2026 21:09:19.729] [Worker-Main-5/ERROR] [dev.ftb.mods.ftblibrary.icon.EntityIconLoader/]: Missing entity icon settings for occultism:possessed_weak_shulker
[24Sep2026 21:09:19.729] [Worker-Main-5/ERROR] [dev.ftb.mods.ftblibrary.icon.EntityIconLoader/]: Missing entity icon settings for ars_nouveau:cascading_weald_walker
[24Sep2026 21:09:19.729] [Worker-Main-5/ERROR] [dev.ftb.mods.ftblibrary.icon.EntityIconLoader/]: Missing entity icon settings for occultism:chimera_familiar
[24Sep2026 21:09:19.730] [Worker-Main-5/ERROR] [dev.ftb.mods.ftblibrary.icon.EntityIconLoader/]: Missing entity icon settings for occultism:goat_familiar
[24Sep2026 21:09:19.731] [Worker-Main-5/ERROR] [dev.ftb.mods.ftblibrary.icon.EntityIconLoader/]: Missing entity icon settings for occultism:foliot
[24Sep2026 21:09:19.731] [Worker-Main-5/ERROR] [dev.ftb.mods.ftblibrary.icon.EntityIconLoader/]: Missing entity icon settings for occultism:possessed_blaze
[24Sep2026 21:09:19.731] [Worker-Main-5/ERROR] [dev.ftb.mods.ftblibrary.icon.EntityIconLoader/]: Missing entity icon settings for occultism:wild_husk
[24Sep2026 21:09:19.731] [Worker-Main-5/ERROR] [dev.ftb.mods.ftblibrary.icon.EntityIconLoader/]: Missing entity icon settings for occultism:otherworld_bird
[24Sep2026 21:09:19.731] [Worker-Main-5/ERROR] [dev.ftb.mods.ftblibrary.icon.EntityIconLoader/]: Missing entity icon settings for ars_nouveau:familiar_bookwyrm
[24Sep2026 21:09:19.732] [Worker-Main-5/ERROR] [dev.ftb.mods.ftblibrary.icon.EntityIconLoader/]: Missing entity icon settings for occultism:shub_niggurath_familiar
[24Sep2026 21:09:19.734] [Worker-Main-5/ERROR] [dev.ftb.mods.ftblibrary.icon.EntityIconLoader/]: Missing entity icon settings for ars_nouveau:flourishing_weald_walker
[24Sep2026 21:09:19.734] [Worker-Main-5/ERROR] [dev.ftb.mods.ftblibrary.icon.EntityIconLoader/]: Missing entity icon settings for undergarden:greater_dweller
[24Sep2026 21:09:19.734] [Worker-Main-5/ERROR] [dev.ftb.mods.ftblibrary.icon.EntityIconLoader/]: Missing entity icon settings for occultism:possessed_shulker
[24Sep2026 21:09:19.735] [Worker-Main-5/ERROR] [dev.ftb.mods.ftblibrary.icon.EntityIconLoader/]: Missing entity icon settings for occultism:wild_bogged
[24Sep2026 21:09:19.735] [Worker-Main-5/ERROR] [dev.ftb.mods.ftblibrary.icon.EntityIconLoader/]: Missing entity icon settings for forgeborncore:brawler_skeleton
[24Sep2026 21:09:19.735] [Worker-Main-5/ERROR] [dev.ftb.mods.ftblibrary.icon.EntityIconLoader/]: Missing entity icon settings for ars_nouveau:familiar_whirlisprig
[24Sep2026 21:09:19.735] [Worker-Main-5/ERROR] [dev.ftb.mods.ftblibrary.icon.EntityIconLoader/]: Missing entity icon settings for ars_nouveau:vexing_weald_walker
[24Sep2026 21:09:19.736] [Worker-Main-5/ERROR] [dev.ftb.mods.ftblibrary.icon.EntityIconLoader/]: Missing entity icon settings for occultism:possessed_breeze
[24Sep2026 21:09:19.736] [Worker-Main-5/ERROR] [dev.ftb.mods.ftblibrary.icon.EntityIconLoader/]: Missing entity icon settings for undergarden:mysterious_pot
[24Sep2026 21:09:19.736] [Worker-Main-5/ERROR] [dev.ftb.mods.ftblibrary.icon.EntityIconLoader/]: Missing entity icon settings for occultism:wild_horde_creeper
[24Sep2026 21:09:19.736] [Worker-Main-5/ERROR] [dev.ftb.mods.ftblibrary.icon.EntityIconLoader/]: Missing entity icon settings for occultism:bat_familiar
[24Sep2026 21:09:19.736] [Worker-Main-5/ERROR] [dev.ftb.mods.ftblibrary.icon.EntityIconLoader/]: Missing entity icon settings for occultism:wild_horde_drowned
[24Sep2026 21:09:19.736] [Worker-Main-5/ERROR] [dev.ftb.mods.ftblibrary.icon.EntityIconLoader/]: Missing entity icon settings for undergarden:gwib
[24Sep2026 21:09:19.736] [Worker-Main-5/ERROR] [dev.ftb.mods.ftblibrary.icon.EntityIconLoader/]: Missing entity icon settings for occultism:possessed_strong_breeze
[24Sep2026 21:09:19.736] [Worker-Main-5/ERROR] [dev.ftb.mods.ftblibrary.icon.EntityIconLoader/]: Missing entity icon settings for undergarden:smog_mog
[24Sep2026 21:09:19.737] [Worker-Main-5/ERROR] [dev.ftb.mods.ftblibrary.icon.EntityIconLoader/]: Missing entity icon settings for occultism:shub_niggurath_spawn
[24Sep2026 21:09:19.737] [Worker-Main-5/ERROR] [dev.ftb.mods.ftblibrary.icon.EntityIconLoader/]: Missing entity icon settings for occultism:afrit
[24Sep2026 21:09:19.737] [Worker-Main-5/ERROR] [dev.ftb.mods.ftblibrary.icon.EntityIconLoader/]: Missing entity icon settings for ars_nouveau:familiar_starbuncle
[24Sep2026 21:09:19.737] [Worker-Main-5/ERROR] [dev.ftb.mods.ftblibrary.icon.EntityIconLoader/]: Missing entity icon settings for ars_nouveau:drygmy
[24Sep2026 21:09:19.740] [Worker-Main-5/ERROR] [dev.ftb.mods.ftblibrary.icon.EntityIconLoader/]: Missing entity icon settings for occultism:demonic_husband
[24Sep2026 21:09:19.744] [Worker-Main-5/ERROR] [dev.ftb.mods.ftblibrary.icon.EntityIconLoader/]: Missing entity icon settings for ars_nouveau:wilden_hunter
[24Sep2026 21:09:19.745] [Worker-Main-5/ERROR] [dev.ftb.mods.ftblibrary.icon.EntityIconLoader/]: Missing entity icon settings for occultism:guardian_familiar
[24Sep2026 21:09:19.745] [Worker-Main-5/ERROR] [dev.ftb.mods.ftblibrary.icon.EntityIconLoader/]: Missing entity icon settings for occultism:cthulhu_familiar
[24Sep2026 21:09:19.745] [Worker-Main-5/ERROR] [dev.ftb.mods.ftblibrary.icon.EntityIconLoader/]: Missing entity icon settings for occultism:possessed_phantom
[24Sep2026 21:09:19.755] [Worker-Main-5/ERROR] [dev.ftb.mods.ftblibrary.icon.EntityIconLoader/]: Missing entity icon settings for occultism:possessed_witch
[24Sep2026 21:09:19.755] [Worker-Main-5/ERROR] [dev.ftb.mods.ftblibrary.icon.EntityIconLoader/]: Missing entity icon settings for occultism:wondering_trader
[24Sep2026 21:09:19.756] [Worker-Main-5/ERROR] [dev.ftb.mods.ftblibrary.icon.EntityIconLoader/]: Missing entity icon settings for occultism:possessed_evoker
[24Sep2026 21:09:19.756] [Worker-Main-5/ERROR] [dev.ftb.mods.ftblibrary.icon.EntityIconLoader/]: Missing entity icon settings for ars_nouveau:wilden_boss
[24Sep2026 21:09:19.762] [Worker-Main-5/ERROR] [dev.ftb.mods.ftblibrary.icon.EntityIconLoader/]: Missing entity icon settings for occultism:blacksmith_familiar
[24Sep2026 21:09:19.762] [Worker-Main-5/ERROR] [dev.ftb.mods.ftblibrary.icon.EntityIconLoader/]: Missing entity icon settings for occultism:possessed_guardian
[24Sep2026 21:09:19.763] [Worker-Main-5/ERROR] [dev.ftb.mods.ftblibrary.icon.EntityIconLoader/]: Missing entity icon settings for occultism:possessed_zombie_piglin
[24Sep2026 21:09:19.763] [Worker-Main-5/ERROR] [dev.ftb.mods.ftblibrary.icon.EntityIconLoader/]: Missing entity icon settings for occultism:wild_hunt_skeleton
[24Sep2026 21:09:19.763] [Worker-Main-5/ERROR] [dev.ftb.mods.ftblibrary.icon.EntityIconLoader/]: Missing entity icon settings for ars_nouveau:wilden_guardian
[24Sep2026 21:09:19.764] [Worker-Main-3/WARN] [GeckoLib/]: Found animation file with improper file name format; animation files should end in .animation.json: 'ars_nouveau:animations/alchemical_sourcelink_animation.json'
[24Sep2026 21:09:19.765] [Worker-Main-5/ERROR] [dev.ftb.mods.ftblibrary.icon.EntityIconLoader/]: Missing entity icon settings for occultism:wild_slime
[24Sep2026 21:09:19.765] [Worker-Main-14/WARN] [GeckoLib/]: Found animation file with improper file name format; animation files should end in .animation.json: 'ars_nouveau:animations/alteration_apparatus_animations.json'
[24Sep2026 21:09:19.766] [Worker-Main-9/WARN] [GeckoLib/]: Found animation file with improper file name format; animation files should end in .animation.json: 'ars_nouveau:animations/amethyst_golem_animations.json'
[24Sep2026 21:09:19.767] [Worker-Main-5/ERROR] [dev.ftb.mods.ftblibrary.icon.EntityIconLoader/]: Entity undergarden:gwibling is using legacy invisible texture, please update it to use the new system!
[24Sep2026 21:09:19.767] [Worker-Main-5/ERROR] [dev.ftb.mods.ftblibrary.icon.EntityIconLoader/]: Missing entity icon settings for embers:ancient_golem
[24Sep2026 21:09:19.767] [Worker-Main-1/INFO] [dev.devce.rocketnautics.RocketNautics/]: Cosmonautics Setup
[24Sep2026 21:09:19.767] [Worker-Main-5/ERROR] [dev.ftb.mods.ftblibrary.icon.EntityIconLoader/]: Missing entity icon settings for occultism:possessed_skeleton
[24Sep2026 21:09:19.767] [Worker-Main-5/ERROR] [dev.ftb.mods.ftblibrary.icon.EntityIconLoader/]: Missing entity icon settings for occultism:mummy_familiar
[24Sep2026 21:09:19.768] [Worker-Main-5/ERROR] [dev.ftb.mods.ftblibrary.icon.EntityIconLoader/]: Missing entity icon settings for occultism:wild_silverfish
[24Sep2026 21:09:19.768] [Worker-Main-5/ERROR] [dev.ftb.mods.ftblibrary.icon.EntityIconLoader/]: Missing entity icon settings for occultism:wild_hunt_wither_skeleton
[24Sep2026 21:09:19.768] [Worker-Main-5/ERROR] [dev.ftb.mods.ftblibrary.icon.EntityIconLoader/]: Missing entity icon settings for occultism:demonic_wife
[24Sep2026 21:09:19.768] [Worker-Main-5/ERROR] [dev.ftb.mods.ftblibrary.icon.EntityIconLoader/]: Missing entity icon settings for undergarden:forgotten
[24Sep2026 21:09:19.769] [Worker-Main-5/ERROR] [dev.ftb.mods.ftblibrary.icon.EntityIconLoader/]: Missing entity icon settings for ars_nouveau:familiar_drygmy
[24Sep2026 21:09:19.769] [Worker-Main-5/ERROR] [dev.ftb.mods.ftblibrary.icon.EntityIconLoader/]: Missing entity icon settings for occultism:wild_skeleton
[24Sep2026 21:09:19.769] [Worker-Main-10/WARN] [GeckoLib/]: Found animation file with improper file name format; animation files should end in .animation.json: 'ars_nouveau:animations/animated_block_animations.json'
[24Sep2026 21:09:19.770] [Worker-Main-5/ERROR] [dev.ftb.mods.ftblibrary.icon.EntityIconLoader/]: Missing entity icon settings for ars_nouveau:amethyst_golem
[24Sep2026 21:09:19.771] [Worker-Main-5/ERROR] [dev.ftb.mods.ftblibrary.icon.EntityIconLoader/]: Missing entity icon settings for botania:doppleganger
[24Sep2026 21:09:19.771] [Worker-Main-5/ERROR] [dev.ftb.mods.ftblibrary.icon.EntityIconLoader/]: Missing entity icon settings for ars_nouveau:gift_starby
[24Sep2026 21:09:19.771] [Worker-Main-5/ERROR] [dev.ftb.mods.ftblibrary.icon.EntityIconLoader/]: Missing entity icon settings for occultism:marid_unbound
[24Sep2026 21:09:19.772] [Worker-Main-5/ERROR] [dev.ftb.mods.ftblibrary.icon.EntityIconLoader/]: Missing entity icon settings for occultism:possessed_bee
[24Sep2026 21:09:19.772] [Worker-Main-5/ERROR] [dev.ftb.mods.ftblibrary.icon.EntityIconLoader/]: Missing entity icon settings for smartbrainlib:sbl_skeleton
[24Sep2026 21:09:19.772] [Worker-Main-5/ERROR] [dev.ftb.mods.ftblibrary.icon.EntityIconLoader/]: Missing entity icon settings for occultism:fairy_familiar
[24Sep2026 21:09:19.772] [Worker-Main-5/ERROR] [dev.ftb.mods.ftblibrary.icon.EntityIconLoader/]: Missing entity icon settings for ars_nouveau:summon_skeleton
[24Sep2026 21:09:19.772] [Worker-Main-5/ERROR] [dev.ftb.mods.ftblibrary.icon.EntityIconLoader/]: Missing entity icon settings for occultism:devil_familiar
[24Sep2026 21:09:19.784] [Worker-Main-3/WARN] [GeckoLib/]: Found animation file with improper file name format; animation files should end in .animation.json: 'ars_nouveau:animations/arcane_core_animations.json'
[24Sep2026 21:09:19.785] [Worker-Main-3/WARN] [GeckoLib/]: Found animation file with improper file name format; animation files should end in .animation.json: 'ars_nouveau:animations/arcane_pedestal_animations.json'
[24Sep2026 21:09:19.785] [Worker-Main-6/WARN] [GeckoLib/]: Found animation file with improper file name format; animation files should end in .animation.json: 'ars_nouveau:animations/basic_spell_turret_animations.json'
[24Sep2026 21:09:19.785] [Worker-Main-3/WARN] [GeckoLib/]: Found animation file with improper file name format; animation files should end in .animation.json: 'ars_nouveau:animations/book_wyrm_animation.json'
[24Sep2026 21:09:19.786] [Worker-Main-6/WARN] [GeckoLib/]: Found animation file with improper file name format; animation files should end in .animation.json: 'ars_nouveau:animations/book_wyrm_lectern_animations.json'
[24Sep2026 21:09:19.786] [Worker-Main-10/WARN] [GeckoLib/]: Found animation file with improper file name format; animation files should end in .animation.json: 'ars_nouveau:animations/decor_blossom_animations.json'
[24Sep2026 21:09:19.792] [Worker-Main-3/WARN] [GeckoLib/]: Found animation file with improper file name format; animation files should end in .animation.json: 'ars_nouveau:animations/empty.json'
[24Sep2026 21:09:19.792] [Worker-Main-10/WARN] [GeckoLib/]: Found animation file with improper file name format; animation files should end in .animation.json: 'ars_nouveau:animations/drygmy_animations.json'
[24Sep2026 21:09:19.795] [Worker-Main-9/WARN] [GeckoLib/]: Found animation file with improper file name format; animation files should end in .animation.json: 'ars_nouveau:animations/enchanting_apparatus_animations.json'
[24Sep2026 21:09:19.802] [Worker-Main-7/INFO] [net.phoenix.chromatic_codes.PhoenixChromaticCodes/]: Phoenix's Chromatic Codes is heating up on NeoForge!
[24Sep2026 21:09:19.806] [Worker-Main-11/INFO] [com.klikli_dev.occultism.Occultism/]: Common setup complete.
[24Sep2026 21:09:19.823] [NeoForge Version Check/INFO] [net.neoforged.fml.VersionChecker/]: [ae2wtlib] Starting version check at https://api.modrinth.com/updates/applied-energistics-2-wireless-terminals/forge_updates.json?neoforge=only
[24Sep2026 21:09:19.827] [Worker-Main-12/WARN] [GeckoLib/]: Found animation file with improper file name format; animation files should end in .animation.json: 'ars_nouveau:animations/imbuement_chamber_animations.json'
[24Sep2026 21:09:19.836] [Worker-Main-6/WARN] [GeckoLib/]: Found animation file with improper file name format; animation files should end in .animation.json: 'ars_nouveau:animations/lily_animations.json'
[24Sep2026 21:09:19.836] [Worker-Main-11/WARN] [GeckoLib/]: Found animation file with improper file name format; animation files should end in .animation.json: 'ars_nouveau:animations/mana_relay_animation.json'
[24Sep2026 21:09:19.836] [Worker-Main-12/WARN] [GeckoLib/]: Found animation file with improper file name format; animation files should end in .animation.json: 'ars_nouveau:animations/mana_splitter_animation.json'
[24Sep2026 21:09:19.836] [Worker-Main-12/WARN] [GeckoLib/]: Found animation file with improper file name format; animation files should end in .animation.json: 'ars_nouveau:animations/nook_animation.json'
[24Sep2026 21:09:19.837] [Worker-Main-9/WARN] [GeckoLib/]: Found animation file with improper file name format; animation files should end in .animation.json: 'ars_nouveau:animations/potion_melder_animation.json'
[24Sep2026 21:09:19.837] [Worker-Main-14/WARN] [GeckoLib/]: Found animation file with improper file name format; animation files should end in .animation.json: 'ars_nouveau:animations/press_animations.json'
[24Sep2026 21:09:19.837] [Worker-Main-14/WARN] [GeckoLib/]: Found animation file with improper file name format; animation files should end in .animation.json: 'ars_nouveau:animations/ritual.json'
[24Sep2026 21:09:19.838] [Worker-Main-3/WARN] [GeckoLib/]: Found animation file with improper file name format; animation files should end in .animation.json: 'ars_nouveau:animations/rune.json'
[24Sep2026 21:09:19.838] [Worker-Main-12/WARN] [GeckoLib/]: Found animation file with improper file name format; animation files should end in .animation.json: 'ars_nouveau:animations/scribes_table_animations.json'
[24Sep2026 21:09:19.838] [Worker-Main-3/WARN] [GeckoLib/]: Found animation file with improper file name format; animation files should end in .animation.json: 'ars_nouveau:animations/scryers_eye_animation.json'
[24Sep2026 21:09:19.839] [Worker-Main-14/WARN] [GeckoLib/]: Found animation file with improper file name format; animation files should end in .animation.json: 'ars_nouveau:animations/source_deposit_animations.json'
[24Sep2026 21:09:19.837] [Worker-Main-9/WARN] [GeckoLib/]: Found animation file with improper file name format; animation files should end in .animation.json: 'ars_nouveau:animations/redstone_relay_animations.json'
[24Sep2026 21:09:19.839] [Worker-Main-9/WARN] [GeckoLib/]: Found animation file with improper file name format; animation files should end in .animation.json: 'ars_nouveau:animations/source_relay_animations.json'
[24Sep2026 21:09:19.839] [Worker-Main-14/WARN] [GeckoLib/]: Found animation file with improper file name format; animation files should end in .animation.json: 'ars_nouveau:animations/source_splitter_animations.json'
[24Sep2026 21:09:19.839] [Worker-Main-9/WARN] [GeckoLib/]: Found animation file with improper file name format; animation files should end in .animation.json: 'ars_nouveau:animations/source_warp_animations.json'
[24Sep2026 21:09:19.839] [Worker-Main-9/WARN] [GeckoLib/]: Found animation file with improper file name format; animation files should end in .animation.json: 'ars_nouveau:animations/spell_turret_animations.json'
[24Sep2026 21:09:19.840] [Worker-Main-9/WARN] [GeckoLib/]: Found animation file with improper file name format; animation files should end in .animation.json: 'ars_nouveau:animations/spell_turret_timer_animations.json'
[24Sep2026 21:09:19.840] [Worker-Main-9/WARN] [GeckoLib/]: Found animation file with improper file name format; animation files should end in .animation.json: 'ars_nouveau:animations/spike_animations.json'
[24Sep2026 21:09:19.840] [Worker-Main-9/WARN] [GeckoLib/]: Found animation file with improper file name format; animation files should end in .animation.json: 'ars_nouveau:animations/starbuncle_animations.json'
[24Sep2026 21:09:19.839] [Worker-Main-3/WARN] [GeckoLib/]: Found animation file with improper file name format; animation files should end in .animation.json: 'ars_nouveau:animations/source_collector_animations.json'
[24Sep2026 21:09:19.841] [Worker-Main-3/WARN] [GeckoLib/]: Found animation file with improper file name format; animation files should end in .animation.json: 'ars_nouveau:animations/storage_catalog_animations.json'
[24Sep2026 21:09:19.842] [Worker-Main-14/WARN] [GeckoLib/]: Found animation file with improper file name format; animation files should end in .animation.json: 'ars_nouveau:animations/volcanic_sourcelink_animations.json'
[24Sep2026 21:09:19.842] [Worker-Main-12/WARN] [GeckoLib/]: Found animation file with improper file name format; animation files should end in .animation.json: 'ars_nouveau:animations/wand_animation.json'
[24Sep2026 21:09:19.842] [Worker-Main-14/WARN] [GeckoLib/]: Found animation file with improper file name format; animation files should end in .animation.json: 'ars_nouveau:animations/weald_waddler_animations.json'
[24Sep2026 21:09:19.842] [Worker-Main-14/WARN] [GeckoLib/]: Found animation file with improper file name format; animation files should end in .animation.json: 'ars_nouveau:animations/weald_walker_animations.json'
[24Sep2026 21:09:19.843] [Worker-Main-14/WARN] [GeckoLib/]: Found animation file with improper file name format; animation files should end in .animation.json: 'ars_nouveau:animations/whirlisprig_animations.json'
[24Sep2026 21:09:19.843] [Worker-Main-14/WARN] [GeckoLib/]: Found animation file with improper file name format; animation files should end in .animation.json: 'ars_nouveau:animations/whirlisprig_blossom_animations.json'
[24Sep2026 21:09:19.844] [Worker-Main-12/WARN] [GeckoLib/]: Found animation file with improper file name format; animation files should end in .animation.json: 'ars_nouveau:animations/wilden_defender_animations.json'
[24Sep2026 21:09:19.844] [Worker-Main-9/WARN] [GeckoLib/]: Found animation file with improper file name format; animation files should end in .animation.json: 'ars_nouveau:animations/wilden_hunter_animations.json'
[24Sep2026 21:09:19.845] [Worker-Main-6/WARN] [GeckoLib/]: Found animation file with improper file name format; animation files should end in .animation.json: 'ars_nouveau:animations/wilden_stalker_animations.json'
[24Sep2026 21:09:19.843] [Worker-Main-14/WARN] [GeckoLib/]: Found animation file with improper file name format; animation files should end in .animation.json: 'ars_nouveau:animations/wilden_chimera_animations.json'
[24Sep2026 21:09:19.841] [Worker-Main-3/WARN] [GeckoLib/]: Found animation file with improper file name format; animation files should end in .animation.json: 'ars_nouveau:animations/vitalic_sourcelink_animation.json'
[24Sep2026 21:09:19.847] [Worker-Main-3/WARN] [GeckoLib/]: Found animation file with improper file name format; animation files should end in .animation.json: 'ars_nouveau:animations/wixie_animations.json'
[24Sep2026 21:09:19.890] [Worker-Main-8/INFO] [net.minecraft.client.gui.font.providers.UnihexProvider/]: Found unifont_all_no_pua-15.1.05.hex, loading
[24Sep2026 21:09:19.890] [Worker-Main-13/INFO] [net.minecraft.client.gui.font.providers.UnihexProvider/]: Found unifont_jp_patch-15.1.05.hex, loading
[24Sep2026 21:09:20.826] [Render thread/INFO] [GTCEu/]: GregTech Model loading took 1101ms
[24Sep2026 21:09:20.971] [Render thread/INFO] [KubeJS Client/]: Client resource reload complete!
[24Sep2026 21:09:21.086] [Worker-Main-4/INFO] [Modular UI/]: Reloading Themes...
[24Sep2026 21:09:21.110] [Worker-Main-4/INFO] [Modular UI/]: Found themes.json's at [mod/modularui]
[24Sep2026 21:09:21.380] [Worker-Main-1/ERROR] [net.minecraft.client.resources.model.ModelManager/]: Failed to load model rocketnautics:models/block/engine_core.json
com.google.gson.JsonParseException: 'from' specifier exceeds the allowed boundaries: ( 8.000E+0 -2.000E+1 -3.000E+0)
	at TRANSFORMER/minecraft@1.21.1/net.minecraft.client.renderer.block.model.BlockElement$Deserializer.getFrom(BlockElement.java:185) ~[neoforge-21.1.248.jar%23177!/:?]
	at TRANSFORMER/minecraft@1.21.1/net.minecraft.client.renderer.block.model.BlockElement$Deserializer.deserialize(BlockElement.java:82) ~[neoforge-21.1.248.jar%23177!/:?]
	at TRANSFORMER/minecraft@1.21.1/net.minecraft.client.renderer.block.model.BlockElement$Deserializer.deserialize(BlockElement.java:76) ~[neoforge-21.1.248.jar%23177!/:?]
	at MC-BOOTSTRAP/com.google.gson@2.10.1/com.google.gson.internal.bind.TreeTypeAdapter.read(TreeTypeAdapter.java:76) ~[gson-2.10.1.jar%2396!/:?]
	at MC-BOOTSTRAP/com.google.gson@2.10.1/com.google.gson.Gson.fromJson(Gson.java:1227) ~[gson-2.10.1.jar%2396!/:?]
	at MC-BOOTSTRAP/com.google.gson@2.10.1/com.google.gson.Gson.fromJson(Gson.java:1329) ~[gson-2.10.1.jar%2396!/:?]
	at MC-BOOTSTRAP/com.google.gson@2.10.1/com.google.gson.Gson.fromJson(Gson.java:1300) ~[gson-2.10.1.jar%2396!/:?]
	at MC-BOOTSTRAP/com.google.gson@2.10.1/com.google.gson.internal.bind.TreeTypeAdapter$GsonContextImpl.deserialize(TreeTypeAdapter.java:179) ~[gson-2.10.1.jar%2396!/:?]
	at TRANSFORMER/minecraft@1.21.1/net.minecraft.client.renderer.block.model.BlockModel$Deserializer.getElements(BlockModel.java:409) ~[neoforge-21.1.248.jar%23177!/:?]
	at TRANSFORMER/minecraft@1.21.1/net.minecraft.client.renderer.block.model.BlockModel$Deserializer.deserialize(BlockModel.java:338) ~[neoforge-21.1.248.jar%23177!/:?]
	at TRANSFORMER/neoforge@21.1.248/net.neoforged.neoforge.client.model.ExtendedBlockModelDeserializer.deserialize(ExtendedBlockModelDeserializer.java:51) ~[neoforge-21.1.248.jar%23178!/:?]
	at TRANSFORMER/neoforge@21.1.248/net.neoforged.neoforge.client.model.ExtendedBlockModelDeserializer.deserialize(ExtendedBlockModelDeserializer.java:37) ~[neoforge-21.1.248.jar%23178!/:?]
	at MC-BOOTSTRAP/com.google.gson@2.10.1/com.google.gson.internal.bind.TreeTypeAdapter.read(TreeTypeAdapter.java:76) ~[gson-2.10.1.jar%2396!/:?]
	at TRANSFORMER/minecraft@1.21.1/net.minecraft.util.GsonHelper.fromNullableJson(GsonHelper.java:507) ~[neoforge-21.1.248.jar%23177!/:?]
	at TRANSFORMER/minecraft@1.21.1/net.minecraft.util.GsonHelper.fromJson(GsonHelper.java:514) ~[neoforge-21.1.248.jar%23177!/:?]
	at TRANSFORMER/minecraft@1.21.1/net.minecraft.util.GsonHelper.fromJson(GsonHelper.java:566) ~[neoforge-21.1.248.jar%23177!/:?]
	at TRANSFORMER/minecraft@1.21.1/net.minecraft.client.renderer.block.model.BlockModel.fromStream(BlockModel.java:83) ~[neoforge-21.1.248.jar%23177!/:?]
	at TRANSFORMER/minecraft@1.21.1/net.minecraft.client.resources.model.ModelManager.lambda$loadBlockModels$8(ModelManager.java:144) ~[neoforge-21.1.248.jar%23177!/:?]
	at java.base/java.util.concurrent.CompletableFuture$AsyncSupply.run(CompletableFuture.java:1768) [?:?]
	at java.base/java.util.concurrent.CompletableFuture$AsyncSupply.exec(CompletableFuture.java:1760) [?:?]
	at java.base/java.util.concurrent.ForkJoinTask.doExec(ForkJoinTask.java:387) [?:?]
	at java.base/java.util.concurrent.ForkJoinPool$WorkQueue.topLevelExec(ForkJoinPool.java:1312) [?:?]
	at java.base/java.util.concurrent.ForkJoinPool.scan(ForkJoinPool.java:1843) [?:?]
	at java.base/java.util.concurrent.ForkJoinPool.runWorker(ForkJoinPool.java:1808) [?:?]
	at java.base/java.util.concurrent.ForkJoinWorkerThread.run(ForkJoinWorkerThread.java:188) [?:?]
[24Sep2026 21:09:21.486] [Worker-Main-10/INFO] [xaero.lib.XaeroLib/]: Loading XaeroLib client 1/2!
[24Sep2026 21:09:21.653] [ForkJoinPool.commonPool-worker-3/WARN] [Iris/]: [Iris Update Check] This version doesn't have an update index, skipping.
[24Sep2026 21:09:21.694] [Worker-Main-6/INFO] [xaero.map.WorldMap/]: Loading Xaero's World Map - Stage 1/2
[24Sep2026 21:09:21.703] [NeoForge Version Check/INFO] [net.neoforged.fml.VersionChecker/]: [ae2wtlib] Found status: OUTDATED Current: 19.5.0 Target: 19.5.1
[24Sep2026 21:09:21.706] [NeoForge Version Check/INFO] [net.neoforged.fml.VersionChecker/]: [create] Starting version check at https://api.modrinth.com/updates/create/forge_updates.json?neoforge=only
[24Sep2026 21:09:21.733] [Worker-Main-10/WARN] [xaero.lib.XaeroLib/]: io exception while checking patreon: Online mod data expired! Date: Thu Sep 24 08:30:19 CEST 2026
[24Sep2026 21:09:21.777] [Worker-Main-9/INFO] [xaero.minimap.XaeroMinimap/]: Loading Xaero's Minimap - Stage 1/2
[24Sep2026 21:09:21.863] [NeoForge Version Check/INFO] [net.neoforged.fml.VersionChecker/]: [create] Found status: OUTDATED Current: 6.0.10 Target: 6.0.10+mc1.21.1
[24Sep2026 21:09:21.908] [Worker-Main-14/INFO] [com.klikli_dev.occultism.Occultism/]: Client setup complete.
[24Sep2026 21:09:22.297] [Worker-Main-11/WARN] [net.minecraft.client.renderer.texture.atlas.sources.SingleFile/]: Missing sprite: gtmfo:textures/block/bismuth_bronze_casing_ctm.png
[24Sep2026 21:09:22.297] [Render thread/INFO] [xaero.lib.XaeroLib/]: Loading XaeroLib common 2/2!
[24Sep2026 21:09:22.299] [Render thread/INFO] [xaero.lib.XaeroLib/]: Loading XaeroLib client 2/2!
[24Sep2026 21:09:22.366] [Render thread/INFO] [KubeJS/]: Started the local web server at http://localhost:61423
[24Sep2026 21:09:22.369] [Render thread/INFO] [xaero.map.WorldMap/]: Loading Xaero's World Map - Stage 2/2
[24Sep2026 21:09:22.376] [Render thread/INFO] [xaero.map.WorldMap/]: New world map region cache hash code: 1113524036
[24Sep2026 21:09:22.515] [Render thread/ERROR] [xaero.map.WorldMap/]: io exception while checking versions: Online mod data expired! Date: Thu Sep 24 08:30:19 CEST 2026
[24Sep2026 21:09:22.519] [Render thread/INFO] [xaero.map.WorldMap/]: Registered player tracker system: map_synced
[24Sep2026 21:09:22.523] [Render thread/INFO] [xaero.map.WorldMap/]: Xaero's WorldMap Mod: Xaero's minimap found!
[24Sep2026 21:09:22.528] [Render thread/INFO] [xaero.map.WorldMap/]: Registered player tracker system: minimap_synced
[24Sep2026 21:09:22.529] [Render thread/INFO] [xaero.map.WorldMap/]: No Optifine!
[24Sep2026 21:09:22.529] [Render thread/INFO] [xaero.map.WorldMap/]: Xaero's World Map: No Vivecraft!
[24Sep2026 21:09:22.529] [Render thread/INFO] [xaero.map.WorldMap/]: Xaero's World Map: Iris found!
[24Sep2026 21:09:22.618] [Render thread/INFO] [xaero.minimap.XaeroMinimap/]: Loading Xaero's Minimap - Stage 2/2
[24Sep2026 21:09:22.640] [Worker-Main-15/WARN] [net.minecraft.client.renderer.texture.SpriteContents/]: Invalid frame index on sprite kubejs:item/circuits/godium_circuit_board frame 7: 7
[24Sep2026 21:09:22.643] [Worker-Main-15/WARN] [net.minecraft.client.renderer.texture.SpriteContents/]: Invalid frame index on sprite kubejs:item/circuits/godium_circuit_board frame 8: 8
[24Sep2026 21:09:22.643] [Worker-Main-15/WARN] [net.minecraft.client.renderer.texture.SpriteContents/]: Invalid frame index on sprite kubejs:item/circuits/godium_circuit_board frame 9: 7
[24Sep2026 21:09:22.690] [Worker-Main-5/WARN] [net.minecraft.client.renderer.texture.SpriteLoader/]: Texture legendarysurvivaloverhaul:item/juice/healing_item_regen with size 18x18 limits mip level from 4 to 1
[24Sep2026 21:09:22.694] [Worker-Main-5/WARN] [net.minecraft.client.renderer.texture.SpriteLoader/]: Texture forgeborncore:block/obj/space_layer with size 1625x813 limits mip level from 1 to 0
[24Sep2026 21:09:22.837] [Render thread/WARN] [xaero.hud.minimap.MinimapLogs/]: io exception while checking versions: Online mod data expired! Date: Thu Sep 24 08:30:19 CEST 2026
[24Sep2026 21:09:22.839] [Render thread/INFO] [xaero.hud.minimap.MinimapLogs/]: Registered player tracker system: minimap_synced
[24Sep2026 21:09:22.839] [Render thread/INFO] [xaero.hud.minimap.MinimapLogs/]: Xaero's Minimap: World Map found!
[24Sep2026 21:09:22.840] [Render thread/INFO] [xaero.hud.minimap.MinimapLogs/]: No Optifine!
[24Sep2026 21:09:22.840] [Render thread/INFO] [xaero.hud.minimap.MinimapLogs/]: Xaero's Minimap: No Vivecraft!
[24Sep2026 21:09:22.840] [Render thread/INFO] [xaero.hud.minimap.MinimapLogs/]: Xaero's Minimap: Iris found!
[24Sep2026 21:09:23.334] [Worker-Main-2/WARN] [net.minecraft.client.resources.model.BlockStateModelLoader/]: Exception loading blockstate definition: 'ars_nouveau:blockstates/particle_block.json' missing model for variant: 'ars_nouveau:particle_block#waterlogged=true'
[24Sep2026 21:09:23.334] [Worker-Main-2/WARN] [net.minecraft.client.resources.model.BlockStateModelLoader/]: Exception loading blockstate definition: 'ars_nouveau:blockstates/particle_block.json' missing model for variant: 'ars_nouveau:particle_block#waterlogged=false'
[24Sep2026 21:09:23.343] [Worker-Main-2/WARN] [net.minecraft.client.resources.model.BlockStateModelLoader/]: Exception loading blockstate definition: 'ars_nouveau:blockstates/planarium_projector.json' missing model for variant: 'ars_nouveau:planarium_projector#'
[24Sep2026 21:09:23.384] [Worker-Main-2/WARN] [net.minecraft.client.resources.model.BlockStateModelLoader/]: Exception loading blockstate definition: 'embers:blockstates/dwarven_mithril_crystal_seed.json' missing model for variant: 'embers:dwarven_mithril_crystal_seed#waterlogged=true'
[24Sep2026 21:09:23.384] [Worker-Main-2/WARN] [net.minecraft.client.resources.model.BlockStateModelLoader/]: Exception loading blockstate definition: 'embers:blockstates/dwarven_mithril_crystal_seed.json' missing model for variant: 'embers:dwarven_mithril_crystal_seed#waterlogged=false'
[24Sep2026 21:09:23.422] [Worker-Main-2/WARN] [net.minecraft.client.resources.model.BlockStateModelLoader/]: Exception loading blockstate definition: 'occultism:blockstates/otherglass.json' missing model for variant: 'occultism:otherglass#'
[24Sep2026 21:09:23.631] [Worker-Main-2/WARN] [net.minecraft.client.resources.model.ModelBakery/]: Unable to load model: 'modularui:item/test_item' referenced from: modularui:item/test_item: java.io.FileNotFoundException: modularui:models/item/test_item.json
[24Sep2026 21:09:23.635] [Worker-Main-2/WARN] [net.minecraft.client.resources.model.ModelBakery/]: Unable to load model: 'rocketnautics:item/credits_book' referenced from: rocketnautics:item/credits_book: java.io.FileNotFoundException: rocketnautics:models/item/credits_book.json
[24Sep2026 21:09:23.642] [Worker-Main-2/WARN] [net.minecraft.client.resources.model.ModelBakery/]: Unable to load model: 'occultism:item/ritual_dummy_misc' referenced from: occultism:item/jei_dummy/none: java.io.FileNotFoundException: occultism:models/item/ritual_dummy_misc.json
[24Sep2026 21:09:23.656] [Worker-Main-2/WARN] [net.minecraft.client.resources.model.ModelBakery/]: Unable to load model: 'ars_nouveau:item/planarium_projector' referenced from: ars_nouveau:item/planarium_projector: java.io.FileNotFoundException: ars_nouveau:models/item/planarium_projector.json
[24Sep2026 21:09:26.494] [Worker-Main-2/WARN] [net.minecraft.client.resources.model.ModelManager/]: Missing textures in model kubejs:gt_quantum#inventory:
    minecraft:textures/atlas/blocks.png:minecraft:assets/item/gt_quantum
[24Sep2026 21:09:26.494] [Worker-Main-2/WARN] [net.minecraft.client.resources.model.ModelManager/]: Missing textures in model kubejs:enchanted_fabric#inventory:
    minecraft:textures/atlas/blocks.png:kubejs:item/enchanted_fabric
[24Sep2026 21:09:26.494] [Worker-Main-2/WARN] [net.minecraft.client.resources.model.ModelManager/]: Missing textures in model kubejs:raw_terrasteel_crystal#inventory:
    minecraft:textures/atlas/blocks.png:kubejs:item/raw_terrasteel_crystal
[24Sep2026 21:09:26.494] [Worker-Main-2/WARN] [net.minecraft.client.resources.model.ModelManager/]: Missing textures in model forgeborncore:tiny_elementium_dust#inventory:
    minecraft:textures/atlas/blocks.png:forgeborncore:item/material_sets/elementium/dust_tiny
[24Sep2026 21:09:26.494] [Worker-Main-2/WARN] [net.minecraft.client.resources.model.ModelManager/]: Missing textures in model kubejs:plant_rope#inventory:
    minecraft:textures/atlas/blocks.png:kubejs:item/plant_rope
[24Sep2026 21:09:26.494] [Worker-Main-2/WARN] [net.minecraft.client.resources.model.ModelManager/]: Missing textures in model kubejs:cursed_cloth#inventory:
    minecraft:textures/atlas/blocks.png:kubejs:item/cursed_cloth
[24Sep2026 21:09:26.494] [Worker-Main-2/WARN] [net.minecraft.client.resources.model.ModelManager/]: Missing textures in model forgeborncore:elementium_dust#inventory:
    minecraft:textures/atlas/blocks.png:forgeborncore:item/material_sets/elementium/dust
[24Sep2026 21:09:29.255] [Render thread/INFO] [Veil/]: Loaded 0 shader modifications
[24Sep2026 21:09:29.384] [Render thread/INFO] [Veil/]: Loaded 30 shaders from: pinwheel/shaders/program
[24Sep2026 21:09:29.454] [Worker-Main-14/INFO] [com.rekindled.embers.Embers/]: Registered Embers Jade server data provider
[24Sep2026 21:09:29.458] [Worker-Main-14/INFO] [com.rekindled.embers.Embers/]: Registered Embers Jade block component provider
[24Sep2026 21:09:29.485] [Worker-Main-14/INFO] [snownee.jade.Jade/]: Start loading plugin from com.gregtechceu.gtceu.integration.jade.GTJadePlugin
[24Sep2026 21:09:29.498] [Worker-Main-14/INFO] [snownee.jade.Jade/]: Bootstrapped plugin from com.gregtechceu.gtceu.integration.jade.GTJadePlugin in 8.474 ms
[24Sep2026 21:09:29.499] [Worker-Main-14/INFO] [snownee.jade.Jade/]: Loaded plugin from com.gregtechceu.gtceu.integration.jade.GTJadePlugin in 10.05 ms
[24Sep2026 21:09:29.499] [Worker-Main-14/INFO] [snownee.jade.Jade/]: Start loading plugin from snownee.jade.addon.vanilla.VanillaPlugin
[24Sep2026 21:09:29.508] [Worker-Main-14/INFO] [snownee.jade.Jade/]: Bootstrapped plugin from snownee.jade.addon.vanilla.VanillaPlugin in 8.413 ms
[24Sep2026 21:09:29.512] [Worker-Main-14/INFO] [snownee.jade.Jade/]: Loaded plugin from snownee.jade.addon.vanilla.VanillaPlugin in 11.87 ms
[24Sep2026 21:09:29.512] [Worker-Main-14/INFO] [snownee.jade.Jade/]: Start loading plugin from snownee.jade.addon.universal.UniversalPlugin
[24Sep2026 21:09:29.515] [Worker-Main-14/INFO] [snownee.jade.Jade/]: Bootstrapped plugin from snownee.jade.addon.universal.UniversalPlugin in 2.687 ms
[24Sep2026 21:09:29.515] [Worker-Main-14/INFO] [snownee.jade.Jade/]: Loaded plugin from snownee.jade.addon.universal.UniversalPlugin in 3.016 ms
[24Sep2026 21:09:29.516] [Worker-Main-14/INFO] [snownee.jade.Jade/]: Start loading plugin from snownee.jade.addon.debug.DebugPlugin
[24Sep2026 21:09:29.517] [Worker-Main-2/INFO] [PonderIndex/]: Registering Ponder Scenes took 73.17 ms
[24Sep2026 21:09:29.517] [Worker-Main-14/INFO] [snownee.jade.Jade/]: Bootstrapped plugin from snownee.jade.addon.debug.DebugPlugin in 1.141 ms
[24Sep2026 21:09:29.517] [Worker-Main-14/INFO] [snownee.jade.Jade/]: Loaded plugin from snownee.jade.addon.debug.DebugPlugin in 1.324 ms
[24Sep2026 21:09:29.517] [Worker-Main-14/INFO] [snownee.jade.Jade/]: Start loading plugin from snownee.jade.addon.core.CorePlugin
[24Sep2026 21:09:29.520] [Worker-Main-14/INFO] [snownee.jade.Jade/]: Bootstrapped plugin from snownee.jade.addon.core.CorePlugin in 1.790 ms
[24Sep2026 21:09:29.520] [Worker-Main-14/INFO] [snownee.jade.Jade/]: Loaded plugin from snownee.jade.addon.core.CorePlugin in 1.948 ms
[24Sep2026 21:09:29.520] [Worker-Main-14/INFO] [snownee.jade.Jade/]: Start loading plugin from snownee.jade.addon.access.AccessibilityPlugin
[24Sep2026 21:09:29.521] [Worker-Main-2/INFO] [PonderIndex/]: Registering Ponder Tags took 4.384 ms
[24Sep2026 21:09:29.521] [Worker-Main-14/INFO] [snownee.jade.Jade/]: Bootstrapped plugin from snownee.jade.addon.access.AccessibilityPlugin in 1.419 ms
[24Sep2026 21:09:29.522] [Worker-Main-14/INFO] [snownee.jade.Jade/]: Loaded plugin from snownee.jade.addon.access.AccessibilityPlugin in 1.534 ms
[24Sep2026 21:09:29.522] [Worker-Main-14/INFO] [snownee.jade.Jade/]: Start loading plugin from appeng.integration.modules.jade.JadeModule
[24Sep2026 21:09:29.533] [Worker-Main-14/INFO] [snownee.jade.Jade/]: Bootstrapped plugin from appeng.integration.modules.jade.JadeModule in 10.69 ms
[24Sep2026 21:09:29.533] [Worker-Main-14/INFO] [snownee.jade.Jade/]: Loaded plugin from appeng.integration.modules.jade.JadeModule in 11.00 ms
[24Sep2026 21:09:29.533] [Worker-Main-14/INFO] [snownee.jade.Jade/]: Start loading plugin from com.hollingsworth.arsnouveau.client.waila.WailaArsNouveauPlugin
[24Sep2026 21:09:29.534] [Worker-Main-14/INFO] [snownee.jade.Jade/]: Bootstrapped plugin from com.hollingsworth.arsnouveau.client.waila.WailaArsNouveauPlugin in 352.8 μs
[24Sep2026 21:09:29.534] [Worker-Main-14/INFO] [snownee.jade.Jade/]: Loaded plugin from com.hollingsworth.arsnouveau.client.waila.WailaArsNouveauPlugin in 631.5 μs
[24Sep2026 21:09:29.534] [Worker-Main-14/INFO] [snownee.jade.Jade/]: Start loading plugin from com.klikli_dev.occultism.integration.waila.OccultismPlugin
[24Sep2026 21:09:29.535] [Worker-Main-14/INFO] [snownee.jade.Jade/]: Bootstrapped plugin from com.klikli_dev.occultism.integration.waila.OccultismPlugin in 652.7 μs
[24Sep2026 21:09:29.535] [Worker-Main-14/INFO] [snownee.jade.Jade/]: Loaded plugin from com.klikli_dev.occultism.integration.waila.OccultismPlugin in 828.2 μs
[24Sep2026 21:09:29.535] [Worker-Main-14/INFO] [snownee.jade.Jade/]: Start loading plugin from quek.undergarden.compat.jade.UndergardenJadeCompat
[24Sep2026 21:09:29.536] [Worker-Main-14/INFO] [snownee.jade.Jade/]: Bootstrapped plugin from quek.undergarden.compat.jade.UndergardenJadeCompat in 385.2 μs
[24Sep2026 21:09:29.536] [Worker-Main-14/INFO] [snownee.jade.Jade/]: Loaded plugin from quek.undergarden.compat.jade.UndergardenJadeCompat in 493.4 μs
[24Sep2026 21:09:29.749] [Render thread/INFO] [KubeJS Startup/]: Capturing errors for startup scripts disabled
[24Sep2026 21:09:29.749] [Render thread/INFO] [KubeJS Client/]: Capturing errors for client scripts disabled
[24Sep2026 21:09:30.053] [Render thread/ERROR] [net.minecraft.client.sounds.SoundManager/]: Missing subtitle translation{key='subtitles.embers.block.wildfire_stirling.start', args=[]} for sound event: embers:block.wildfire_stirling.start
[24Sep2026 21:09:30.053] [Render thread/ERROR] [net.minecraft.client.sounds.SoundManager/]: Missing subtitle translation{key='subtitles.rocketnautics.rocket_thrust', args=[]} for sound event: rocketnautics:rocket_thrust
[24Sep2026 21:09:30.054] [Render thread/ERROR] [net.minecraft.client.sounds.SoundManager/]: Missing subtitle translation{key='subtitles.embers.block.wildfire_stirling.stop', args=[]} for sound event: embers:block.wildfire_stirling.stop
[24Sep2026 21:09:30.055] [Render thread/WARN] [net.minecraft.client.sounds.SoundEngine/]: Missing sound for event: minecraft:item.goat_horn.play
[24Sep2026 21:09:30.055] [Render thread/WARN] [net.minecraft.client.sounds.SoundEngine/]: Missing sound for event: minecraft:entity.goat.screaming.horn_break
[24Sep2026 21:09:30.087] [Render thread/INFO] [com.mojang.blaze3d.audio.Library/]: OpenAL initialized on device Ryzen HD Audio Controller Analog Stereo
[24Sep2026 21:09:30.088] [Render thread/INFO] [net.minecraft.client.sounds.SoundEngine/SOUNDS]: Sound engine started
[24Sep2026 21:09:31.042] [Render thread/INFO] [net.minecraft.client.renderer.texture.TextureAtlas/]: Created: 4096x2048x4 minecraft:textures/atlas/blocks.png-atlas
[24Sep2026 21:09:31.373] [Render thread/INFO] [net.minecraft.client.renderer.texture.TextureAtlas/]: Created: 512x512x4 minecraft:textures/atlas/signs.png-atlas
[24Sep2026 21:09:31.373] [Render thread/INFO] [net.minecraft.client.renderer.texture.TextureAtlas/]: Created: 512x512x4 minecraft:textures/atlas/shield_patterns.png-atlas
[24Sep2026 21:09:31.374] [Render thread/INFO] [net.minecraft.client.renderer.texture.TextureAtlas/]: Created: 1024x512x4 minecraft:textures/atlas/banner_patterns.png-atlas
[24Sep2026 21:09:31.374] [Render thread/INFO] [net.minecraft.client.renderer.texture.TextureAtlas/]: Created: 2048x2048x4 minecraft:textures/atlas/armor_trims.png-atlas
[24Sep2026 21:09:31.377] [Render thread/INFO] [net.minecraft.client.renderer.texture.TextureAtlas/]: Created: 128x64x4 minecraft:textures/atlas/decorated_pot.png-atlas
[24Sep2026 21:09:31.378] [Render thread/INFO] [net.minecraft.client.renderer.texture.TextureAtlas/]: Created: 256x256x4 minecraft:textures/atlas/chest.png-atlas
[24Sep2026 21:09:31.378] [Render thread/INFO] [net.minecraft.client.renderer.texture.TextureAtlas/]: Created: 512x256x4 minecraft:textures/atlas/beds.png-atlas
[24Sep2026 21:09:31.378] [Render thread/INFO] [net.minecraft.client.renderer.texture.TextureAtlas/]: Created: 512x256x4 minecraft:textures/atlas/shulker_boxes.png-atlas
[24Sep2026 21:09:31.481] [Render thread/INFO] [net.minecraft.client.renderer.texture.TextureAtlas/]: Created: 1024x512x0 minecraft:textures/atlas/particles.png-atlas
[24Sep2026 21:09:31.483] [Render thread/WARN] [net.minecraft.client.particle.ParticleEngine/]: Missing particle sprites: aeronautics:gust_0
[24Sep2026 21:09:31.483] [Render thread/INFO] [net.minecraft.client.renderer.texture.TextureAtlas/]: Created: 512x512x0 minecraft:textures/atlas/paintings.png-atlas
[24Sep2026 21:09:31.484] [Render thread/INFO] [net.minecraft.client.renderer.texture.TextureAtlas/]: Created: 256x256x0 minecraft:textures/atlas/mob_effects.png-atlas
[24Sep2026 21:09:31.484] [Render thread/INFO] [net.minecraft.client.renderer.texture.TextureAtlas/]: Created: 64x64x0 minecraft:textures/atlas/map_decorations.png-atlas
[24Sep2026 21:09:31.484] [Render thread/INFO] [net.minecraft.client.renderer.texture.TextureAtlas/]: Created: 8192x8192x0 minecraft:textures/atlas/gui.png-atlas
[24Sep2026 21:09:31.551] [Render thread/WARN] [net.minecraft.client.renderer.ShaderInstance/]: Shader rendertype_entity_translucent_emissive could not find sampler named Sampler2 in the specified shader program.
[24Sep2026 21:09:31.604] [Render thread/WARN] [net.minecraft.client.renderer.ShaderInstance/]: Shader botania:pylon could not find uniform named IViewRotMat in the specified shader program.
[24Sep2026 21:09:31.606] [Render thread/WARN] [net.minecraft.client.renderer.ShaderInstance/]: Shader botania:film_grain_particle could not find sampler named Sampler2 in the specified shader program.
[24Sep2026 21:09:31.609] [Render thread/WARN] [net.minecraft.client.renderer.ShaderInstance/]: Shader ars_nouveau:rainbow_entity could not find uniform named IViewRotMat in the specified shader program.
[24Sep2026 21:09:31.610] [Render thread/WARN] [net.minecraft.client.renderer.ShaderInstance/]: Shader ars_nouveau:blamed_entity could not find uniform named IViewRotMat in the specified shader program.
[24Sep2026 21:09:31.613] [Render thread/WARN] [net.minecraft.client.renderer.ShaderInstance/]: Shader embers:rendertype_entity_solid_mithril could not find uniform named IViewRotMat in the specified shader program.
[24Sep2026 21:09:31.614] [Render thread/WARN] [net.minecraft.client.renderer.ShaderInstance/]: Shader embers:rendertype_entity_solid_mithril could not find uniform named PlayerPos in the specified shader program.
[24Sep2026 21:09:31.618] [Render thread/INFO] [team.lodestar.lodestone.LodestoneLib/]: Registering shaders for mod: lodestone
[24Sep2026 21:09:31.627] [Render thread/WARN] [net.minecraft.client.renderer.ShaderInstance/]: Shader lodestone:shapes/scrolling_texture could not find uniform named GameTime in the specified shader program.
[24Sep2026 21:09:31.627] [Render thread/WARN] [net.minecraft.client.renderer.ShaderInstance/]: Shader lodestone:shapes/scrolling_texture could not find uniform named Speed in the specified shader program.
[24Sep2026 21:09:31.627] [Render thread/WARN] [team.lodestar.lodestone.LodestoneLib/]: Shader json lodestone:shapes/scrolling_texture has a uniform Speed that is not present in the shader instance uniform map. This may cause issues.
[24Sep2026 21:09:31.628] [Render thread/WARN] [net.minecraft.client.renderer.ShaderInstance/]: Shader lodestone:shapes/scrolling_triangle_texture could not find uniform named GameTime in the specified shader program.
[24Sep2026 21:09:31.628] [Render thread/WARN] [net.minecraft.client.renderer.ShaderInstance/]: Shader lodestone:shapes/scrolling_triangle_texture could not find uniform named Speed in the specified shader program.
[24Sep2026 21:09:31.628] [Render thread/WARN] [team.lodestar.lodestone.LodestoneLib/]: Shader json lodestone:shapes/scrolling_triangle_texture has a uniform Speed that is not present in the shader instance uniform map. This may cause issues.
[24Sep2026 21:09:31.629] [Render thread/INFO] [team.lodestar.lodestone.LodestoneLib/]: Loaded geometry program: lodestone:nineslice/nine_slice
[24Sep2026 21:09:31.630] [Render thread/INFO] [team.lodestar.lodestone.LodestoneLib/]: Loaded geometry program: lodestone:nineslice/distorted/distorted_nine_slice_texture
[24Sep2026 21:09:31.635] [Render thread/INFO] [team.lodestar.lodestone.LodestoneLib/]: Registering shaders for mod: malum
[24Sep2026 21:09:31.668] [Render thread/INFO] [net.minecraft.client.renderer.texture.TextureAtlas/]: Created: 256x256x0 jei:textures/atlas/gui.png-atlas
[24Sep2026 21:09:31.675] [Render thread/INFO] [xaero.lib.XaeroLib/]: Successfully reloaded the XaeroLib shaders!
[24Sep2026 21:09:31.676] [Render thread/INFO] [net.neoforged.neoforge.client.entity.animation.json.AnimationLoader/]: Loaded 0 entity animations
[24Sep2026 21:09:31.676] [Render thread/INFO] [Veil/]: Loaded 3 framebuffers
[24Sep2026 21:09:31.687] [Render thread/INFO] [Veil/]: Loaded 7 post pipelines
[24Sep2026 21:09:31.692] [Render thread/INFO] [Veil/]: Loaded 4 render types
[24Sep2026 21:09:31.692] [Render thread/INFO] [Veil/]: Enabled bloom pipeline
[24Sep2026 21:09:31.692] [Render thread/INFO] [Veil/]: Loaded 0 quasar particles
[24Sep2026 21:09:31.692] [Render thread/INFO] [Veil/]: Loaded 0 templates
[24Sep2026 21:09:31.692] [Render thread/INFO] [Veil/]: Loaded 0 modules
[24Sep2026 21:09:31.695] [Render thread/INFO] [guideme.internal.GuideReloadListener/]: Data driven guides: []
[24Sep2026 21:09:31.702] [Render thread/INFO] [net.minecraft.client.renderer.texture.TextureAtlas/]: Created: 16x16x0 gtceu:textures/atlas/gui.png-atlas
[24Sep2026 21:09:31.720] [Render thread/INFO] [flywheel/backend/shaders/]: Loaded 79 shader sources in 14.478 ms
[24Sep2026 21:09:31.734] [Render thread/INFO] [com.simibubi.create.Create/]: Loaded 58 train hat configurations.
[24Sep2026 21:09:31.736] [Render thread/INFO] [patchouli/]: BookContentResourceListenerLoader preloaded 555 jsons
[24Sep2026 21:09:31.757] [Render thread/INFO] [net.minecraft.client.renderer.texture.TextureAtlas/]: Created: 16x16x0 modularui:textures/atlas/gui.png-atlas
[24Sep2026 21:09:31.830] [Render thread/INFO] [Iris/]: Creating pipeline for dimension minecraft:overworld
[24Sep2026 21:09:49.223] [Render thread/INFO] [com.simibubi.create.Create/]: Created 280 recipes which will be injected into the game
[24Sep2026 21:09:49.226] [Render thread/INFO] [com.simibubi.create.Create/]: Created 6 tags which will be injected into the game
[24Sep2026 21:09:49.251] [Render thread/INFO] [KubeJS Server/]: Capturing errors for server scripts enabled
[24Sep2026 21:09:49.261] [Render thread/INFO] [KubeJS Server/]: Loaded script server_scripts:gregtech_lines/plant_line/PeelingRecipes.js in 0.002 s
[24Sep2026 21:09:49.262] [Render thread/INFO] [KubeJS Server/]: Loaded script server_scripts:gregtech_lines/plant_line/SlicerRecipes.js in 0.001 s
[24Sep2026 21:09:49.263] [Render thread/INFO] [KubeJS Server/]: Loaded script server_scripts:gregtech_lines/plant_line/SortingRecipes.js in 0.0 s
[24Sep2026 21:09:49.263] [Render thread/INFO] [KubeJS Server/]: Loaded script server_scripts:gregtech_lines/plant_line/SqueezingRecipes.js in 0.0 s
[24Sep2026 21:09:49.263] [Render thread/INFO] [KubeJS Server/]: server_scripts:main.js#2: Hello, World! (Loaded server example script)
[24Sep2026 21:09:49.263] [Render thread/INFO] [KubeJS Server/]: Loaded script server_scripts:main.js in 0.0 s
[24Sep2026 21:09:49.273] [Render thread/INFO] [KubeJS Server/]: Loaded 5/5 KubeJS server scripts in 0.021 s with 0 errors and 0 warnings
[24Sep2026 21:09:49.273] [Render thread/INFO] [KubeJS/]: Loaded 77 data packs: create:dynamic_data, gtceu:dynamic_data, vanilla, KubeJS Virtual Resource Pack [Before Mods, data], mod_data, mod/sodium, mod/smartbrainlib, mod/rhino, mod/fabric_renderer_api_v1, mod/geckolib, mod/jei, mod/xaerolib, mod/aeronautics, mod/xaeroworldmap, mod/neoforge, mod/fabric_block_view_api_v2, mod/iris, mod/veil, mod/simulated, mod/guideme, mod/ldlib, mod/nuggets, mod/cloth_config, mod/offroad, mod/farmersdelight, mod/emi, mod/kubejs, mod/fabric_api_base, mod/configuration, mod/gtceu, mod/the_afterdark, mod/jade, mod/ae2, mod/nebulaeae2, mod/ae2wtlib, mod/ae2wtlib_api, mod/botania, mod/rocketnautics,dimensional_sable, mod/flywheel, mod/ponder, mod/create, mod/sable, mod/sablecompanion, mod/patchouli, mod/xaerominimap, mod/legendarysurvivaloverhaul, mod/curios, mod/ars_nouveau, mod/modularui, mod/modonomicon, mod/resourcefullib, mod/betteradvancedtooltips, mod/lambdynlights_api, mod/embers, mod/architectury, mod/ftblibrary, mod/ftbteams, mod/ftbchunks, mod/ftbquests, mod/worldstripper, mod/occultism, mod/fabric_rendering_data_attachment_v1, mod/undergarden, mod/lodestone, mod/malum, mod/infiniverse, mod/journeymap_api, mod/effortlessbuilding, mod/vanillin, mod/phoenix_chromatic_codes, mod/space_gravity, KubeJS Virtual Resource Pack [Internal, data], KubeJS Virtual Resource Pack [Registries, data], KubeJS Virtual Resource Pack [After Mods, data], KubeJS File Resource Pack [data], mod/forgeborncore, KubeJS Virtual Resource Pack [Last, data]
[24Sep2026 21:09:53.464] [Render thread/ERROR] [GTCEu/]: Output item is not one of:
Item, Supplier<Item>, ItemStack, MaterialEntry, MachineDefinition
id: gtceu:port_otherrock
[24Sep2026 21:09:53.464] [Render thread/ERROR] [GTCEu/]: Output item is not one of:
Item, Supplier<Item>, ItemStack, MaterialEntry, MachineDefinition
id: gtceu:port_otherstone
[24Sep2026 21:09:53.464] [Render thread/ERROR] [GTCEu/]: Output item is not one of:
Item, Supplier<Item>, ItemStack, MaterialEntry, MachineDefinition
id: gtceu:port_otherworld_sapling_natural
[24Sep2026 21:09:53.464] [Render thread/ERROR] [GTCEu/]: Output item is not one of:
Item, Supplier<Item>, ItemStack, MaterialEntry, MachineDefinition
id: gtceu:port_otherflower
[24Sep2026 21:09:53.588] [Render thread/INFO] [GTCEu/]: Registering dungeon loot...
[24Sep2026 21:09:53.592] [Render thread/INFO] [GTCEu/]: GregTech Data loading took 3948ms
[24Sep2026 21:09:54.080] [Worker-Main-14/INFO] [AE2:C/]: Scanning class appeng.server.testplots.AutoCraftingTestPlots for plots
[24Sep2026 21:09:54.082] [Worker-Main-14/INFO] [AE2:C/]: Scanning class appeng.server.testplots.SpawnExtraGridTestTools for plots
[24Sep2026 21:09:54.083] [Worker-Main-14/INFO] [AE2:C/]: Scanning class appeng.server.testplots.PatternProviderPlots for plots
[24Sep2026 21:09:54.083] [Worker-Main-14/INFO] [AE2:C/]: Scanning class appeng.server.testplots.CrystalResonanceGeneratorTestPlots for plots
[24Sep2026 21:09:54.083] [Worker-Main-14/INFO] [AE2:C/]: Scanning class appeng.server.testplots.InterfaceTestPlots for plots
[24Sep2026 21:09:54.083] [Worker-Main-14/INFO] [AE2:C/]: Scanning class appeng.server.testplots.PatternProviderLockModePlots for plots
[24Sep2026 21:09:54.083] [Worker-Main-14/INFO] [AE2:C/]: Scanning class appeng.server.testplots.ItemP2PTestPlots for plots
[24Sep2026 21:09:54.083] [Worker-Main-14/INFO] [AE2:C/]: Scanning class appeng.server.testplots.InvalidPatternTestPlot for plots
[24Sep2026 21:09:54.083] [Worker-Main-14/INFO] [AE2:C/]: Scanning class appeng.server.testplots.MemoryCardTestPlots for plots
[24Sep2026 21:09:54.083] [Worker-Main-14/INFO] [AE2:C/]: Scanning class appeng.server.testplots.AnnihilationPlaneTests for plots
[24Sep2026 21:09:54.083] [Worker-Main-14/INFO] [AE2:C/]: Scanning class appeng.server.testplots.InscriberTestPlots for plots
[24Sep2026 21:09:54.085] [Worker-Main-14/INFO] [AE2:C/]: Scanning class appeng.server.testplots.GuidebookPlot for plots
[24Sep2026 21:09:54.085] [Worker-Main-14/INFO] [AE2:C/]: Scanning class appeng.server.testplots.SubnetPlots for plots
[24Sep2026 21:09:54.086] [Worker-Main-14/INFO] [AE2:C/]: Scanning class appeng.server.testplots.P2PTestPlots for plots
[24Sep2026 21:09:54.086] [Worker-Main-14/INFO] [AE2:C/]: Scanning class appeng.server.testplots.QnbTestPlots for plots
[24Sep2026 21:09:54.086] [Worker-Main-14/INFO] [AE2:C/]: Scanning class appeng.server.testplots.ExternalEnergyTestPlots for plots
[24Sep2026 21:09:54.086] [Worker-Main-14/INFO] [AE2:C/]: Scanning class appeng.server.testplots.ChannelTests for plots
[24Sep2026 21:09:54.086] [Worker-Main-14/INFO] [AE2:C/]: Scanning class appeng.server.testplots.TestPlots for plots
[24Sep2026 21:09:54.087] [Worker-Main-14/INFO] [AE2:C/]: Scanning class appeng.server.testplots.SpatialTestPlots for plots
[24Sep2026 21:09:54.087] [Worker-Main-14/INFO] [AE2:C/]: Scanning class de.mari_023.ae2wtlib.AE2wtlibTestPlots for plots
[24Sep2026 21:09:54.271] [Worker-Main-12/ERROR] [net.minecraft.tags.TagLoader/]: Couldn't load tag c:glass_panes as it is missing following references: 
	#minecraft:glass_panes (from mod/embers)
[24Sep2026 21:09:54.282] [Worker-Main-12/ERROR] [net.minecraft.tags.TagLoader/]: Couldn't load tag botania:vitreous_pickaxe_silktouched as it is missing following references: 
	#c:glass_panes (from mod/botania)
[24Sep2026 21:09:54.284] [Worker-Main-12/ERROR] [net.minecraft.tags.TagLoader/]: Couldn't load tag c:storage_blocks/aluminium as it is missing following references: 
	#c:storage_blocks/aluminum (from mod/embers)
[24Sep2026 21:09:54.285] [Worker-Main-12/ERROR] [net.minecraft.tags.TagLoader/]: Couldn't load tag embers:emitter_connection as it is missing following references: 
	#c:glass_panes (from mod/embers)
[24Sep2026 21:09:54.288] [Worker-Main-12/ERROR] [net.minecraft.tags.TagLoader/]: Couldn't load tag botania:mineable/vitreous_pickaxe as it is missing following references: 
	#c:glass_panes (from mod/botania)
[24Sep2026 21:09:54.290] [Worker-Main-12/ERROR] [net.minecraft.tags.TagLoader/]: Couldn't load tag sable:super_light as it is missing following references: 
	#c:glass_panes (from mod/sable)
[24Sep2026 21:09:54.291] [Worker-Main-12/ERROR] [net.minecraft.tags.TagLoader/]: Couldn't load tag sable:quarter_volume as it is missing following references: 
	#c:glass_panes (from mod/sable)
[24Sep2026 21:09:54.292] [Worker-Main-12/ERROR] [net.minecraft.tags.TagLoader/]: Couldn't load tag occultism:pentacle_materials as it is missing following references: 
	#c:glass_panes (from mod/occultism)
[24Sep2026 21:09:54.300] [Worker-Main-1/ERROR] [net.minecraft.tags.TagLoader/]: Couldn't load tag c:storage_blocks/aluminium as it is missing following references: 
	#c:storage_blocks/aluminum (from mod/embers)
[24Sep2026 21:09:54.798] [Render thread/ERROR] [KubeJS/]: Couldn't load tag c:glass_panes as it is missing following references: 
	#minecraft:glass_panes (from mod/embers)
[24Sep2026 21:09:54.803] [Render thread/ERROR] [KubeJS/]: Couldn't load tag botania:vitreous_pickaxe_silktouched as it is missing following references: 
	#c:glass_panes (from mod/botania)
[24Sep2026 21:09:54.805] [Render thread/ERROR] [KubeJS/]: Couldn't load tag c:storage_blocks/aluminium as it is missing following references: 
	#c:storage_blocks/aluminum (from mod/embers)
[24Sep2026 21:09:54.805] [Render thread/ERROR] [KubeJS/]: Couldn't load tag embers:emitter_connection as it is missing following references: 
	#c:glass_panes (from mod/embers)
[24Sep2026 21:09:54.807] [Render thread/ERROR] [KubeJS/]: Couldn't load tag botania:mineable/vitreous_pickaxe as it is missing following references: 
	#c:glass_panes (from mod/botania)
[24Sep2026 21:09:54.808] [Render thread/ERROR] [KubeJS/]: Couldn't load tag sable:super_light as it is missing following references: 
	#c:glass_panes (from mod/sable)
[24Sep2026 21:09:54.809] [Render thread/ERROR] [KubeJS/]: Couldn't load tag sable:quarter_volume as it is missing following references: 
	#c:glass_panes (from mod/sable)
[24Sep2026 21:09:54.809] [Render thread/ERROR] [KubeJS/]: Couldn't load tag occultism:pentacle_materials as it is missing following references: 
	#c:glass_panes (from mod/occultism)
[24Sep2026 21:09:54.825] [Render thread/WARN] [net.minecraft.core.MappedRegistry/]: Not all defined tags for registry ResourceKey[minecraft:root / minecraft:block] are present in data pack: botania:mineable/vitreous_pickaxe, botania:vitreous_pickaxe_silktouched, c:mineable/crowbar, c:mineable/hammer, c:mineable/saw
[24Sep2026 21:09:54.879] [Render thread/ERROR] [KubeJS/]: Couldn't load tag c:storage_blocks/aluminium as it is missing following references: 
	#c:storage_blocks/aluminum (from mod/embers)
[24Sep2026 21:09:55.014] [Render thread/INFO] [KubeJS Server/]: Processing recipes...
[24Sep2026 21:09:55.016] [Render thread/INFO] [KubeJS Server/]: Initializing recipe event...
[24Sep2026 21:09:55.215] [Render thread/WARN] [KubeJS Server/]: KubeRecipe.java#90: Failed to parse recipe 'malum:malum/spirit_repair/undergarden/slingshot[malum:spirit_repair]'! Falling back to vanilla: Failed to read required component 'spirits: spirit_ingredient[]' - java.lang.IllegalStateException: Unknown registry key in ResourceKey[minecraft:root / malum:spirit_types]: minecraft:earthen
[24Sep2026 21:09:55.965] [Render thread/WARN] [KubeJS Server/]: KubeRecipe.java#90: Failed to parse recipe 'malum:malum/spirit_repair/botania/elementium[malum:spirit_repair]'! Falling back to vanilla: Failed to read required component 'spirits: spirit_ingredient[]' - java.lang.IllegalStateException: Unknown registry key in ResourceKey[minecraft:root / malum:spirit_types]: minecraft:arcane
[24Sep2026 21:09:56.235] [Render thread/WARN] [KubeJS Server/]: KubeRecipe.java#90: Failed to parse recipe 'malum:malum/spirit_repair/botania/manasteel[malum:spirit_repair]'! Falling back to vanilla: Failed to read required component 'spirits: spirit_ingredient[]' - java.lang.IllegalStateException: Unknown registry key in ResourceKey[minecraft:root / malum:spirit_types]: minecraft:arcane
[24Sep2026 21:09:56.302] [Render thread/INFO] [KubeJS Server/]: Found 44,536 recipes (skipped 871) in 1.283 s
[24Sep2026 21:09:56.336] [Render thread/INFO] [KubeJS Server/]: Posted recipe events in 33 ms
[24Sep2026 21:09:56.381] [Render thread/INFO] [KubeJS Server/]: KubeJS modifications to recipe manager finished in 44.50 ms
[24Sep2026 21:09:56.458] [Render thread/ERROR] [net.minecraft.world.item.crafting.RecipeManager/]: Parsing error loading recipe malum:malum/spirit_repair/undergarden/forgotten
com.google.gson.JsonParseException: No key itemIdRegex in MapLike[{}]; Unknown registry key in ResourceKey[minecraft:root / malum:spirit_types]: minecraft:eldritch; Unknown registry key in ResourceKey[minecraft:root / malum:spirit_types]: minecraft:arcane; Unknown registry key in ResourceKey[minecraft:root / malum:spirit_types]: minecraft:earthen; No key validItems in MapLike[{"type":"malum:spirit_repair","itemIdRegex":"forgotten_.+","modIdRegex":"undergarden","durabilityPercentage":0.75,"inputs":[],"repairMaterial":{"item":"undergarden:forgotten_ingot","count":1},"spirits":[{"type":"earthen","count":20},{"type":"arcane","count":12},{"type":"eldritch","count":2}],"regex":{}}]
	at MC-BOOTSTRAP/datafixerupper@8.0.16/com.mojang.serialization.DataResult$Error.getOrThrow(DataResult.java:287) ~[datafixerupper-8.0.16.jar%23107!/:?]
	at TRANSFORMER/minecraft@1.21.1/net.minecraft.world.item.crafting.RecipeManager.apply(RecipeManager.java:60) ~[neoforge-21.1.248.jar%23177!/:?]
	at TRANSFORMER/minecraft@1.21.1/net.minecraft.world.item.crafting.RecipeManager.apply(RecipeManager.java:36) ~[neoforge-21.1.248.jar%23177!/:?]
	at TRANSFORMER/minecraft@1.21.1/net.minecraft.server.packs.resources.SimplePreparableReloadListener.lambda$reload$1(SimplePreparableReloadListener.java:19) ~[neoforge-21.1.248.jar%23177!/:?]
	at java.base/java.util.concurrent.CompletableFuture$UniAccept.tryFire(CompletableFuture.java:718) ~[?:?]
	at java.base/java.util.concurrent.CompletableFuture$Completion.run(CompletableFuture.java:482) ~[?:?]
	at TRANSFORMER/minecraft@1.21.1/net.minecraft.server.packs.resources.SimpleReloadInstance.lambda$new$3(SimpleReloadInstance.java:86) ~[neoforge-21.1.248.jar%23177!/:?]
	at TRANSFORMER/minecraft@1.21.1/net.minecraft.util.thread.BlockableEventLoop.doRunTask(BlockableEventLoop.java:151) ~[neoforge-21.1.248.jar%23177!/:?]
	at TRANSFORMER/minecraft@1.21.1/net.minecraft.util.thread.ReentrantBlockableEventLoop.doRunTask(ReentrantBlockableEventLoop.java:24) ~[neoforge-21.1.248.jar%23177!/:?]
	at TRANSFORMER/minecraft@1.21.1/net.minecraft.util.thread.BlockableEventLoop.pollTask(BlockableEventLoop.java:122) ~[neoforge-21.1.248.jar%23177!/:?]
	at TRANSFORMER/minecraft@1.21.1/net.minecraft.util.thread.BlockableEventLoop.managedBlock(BlockableEventLoop.java:135) ~[neoforge-21.1.248.jar%23177!/:?]
	at TRANSFORMER/minecraft@1.21.1/net.minecraft.client.gui.screens.worldselection.WorldOpenFlows.loadWorldDataBlocking(WorldOpenFlows.java:201) ~[neoforge-21.1.248.jar%23177!/:?]
	at TRANSFORMER/minecraft@1.21.1/net.minecraft.client.gui.screens.worldselection.WorldOpenFlows.loadWorldStem(WorldOpenFlows.java:142) ~[neoforge-21.1.248.jar%23177!/:?]
	at TRANSFORMER/minecraft@1.21.1/net.minecraft.client.gui.screens.worldselection.WorldOpenFlows.openWorldLoadLevelStem(WorldOpenFlows.java:346) ~[neoforge-21.1.248.jar%23177!/:?]
	at TRANSFORMER/minecraft@1.21.1/net.minecraft.client.gui.screens.worldselection.WorldOpenFlows.openWorldCheckVersionCompatibility(WorldOpenFlows.java:335) ~[neoforge-21.1.248.jar%23177!/:?]
	at TRANSFORMER/minecraft@1.21.1/net.minecraft.client.gui.screens.worldselection.WorldOpenFlows.openWorldLoadLevelData(WorldOpenFlows.java:297) ~[neoforge-21.1.248.jar%23177!/:?]
	at TRANSFORMER/minecraft@1.21.1/net.minecraft.client.gui.screens.worldselection.WorldOpenFlows.openWorld(WorldOpenFlows.java:261) ~[neoforge-21.1.248.jar%23177!/:?]
	at TRANSFORMER/minecraft@1.21.1/net.minecraft.client.gui.screens.worldselection.WorldSelectionList$WorldListEntry.joinWorld(WorldSelectionList.java:516) ~[neoforge-21.1.248.jar%23177!/:?]
	at TRANSFORMER/minecraft@1.21.1/net.minecraft.client.gui.screens.worldselection.WorldSelectionList$WorldListEntry.mouseClicked(WorldSelectionList.java:499) ~[neoforge-21.1.248.jar%23177!/:?]
	at TRANSFORMER/minecraft@1.21.1/net.minecraft.client.gui.components.AbstractSelectionList.mouseClicked(AbstractSelectionList.java:303) ~[neoforge-21.1.248.jar%23177!/:?]
	at TRANSFORMER/minecraft@1.21.1/net.minecraft.client.gui.components.events.ContainerEventHandler.mouseClicked(ContainerEventHandler.java:52) ~[neoforge-21.1.248.jar%23177!/:?]
	at TRANSFORMER/minecraft@1.21.1/net.minecraft.client.MouseHandler.lambda$onPress$0(MouseHandler.java:103) ~[neoforge-21.1.248.jar%23177!/:?]
	at TRANSFORMER/minecraft@1.21.1/net.minecraft.client.gui.screens.Screen.wrapScreenError(Screen.java:471) ~[neoforge-21.1.248.jar%23177!/:?]
	at TRANSFORMER/minecraft@1.21.1/net.minecraft.client.MouseHandler.onPress(MouseHandler.java:100) ~[neoforge-21.1.248.jar%23177!/:?]
	at TRANSFORMER/minecraft@1.21.1/net.minecraft.client.MouseHandler.lambda$setup$4(MouseHandler.java:212) ~[neoforge-21.1.248.jar%23177!/:?]
	at TRANSFORMER/minecraft@1.21.1/net.minecraft.util.thread.BlockableEventLoop.execute(BlockableEventLoop.java:98) ~[neoforge-21.1.248.jar%23177!/:?]
	at TRANSFORMER/minecraft@1.21.1/net.minecraft.client.MouseHandler.lambda$setup$5(MouseHandler.java:212) ~[neoforge-21.1.248.jar%23177!/:?]
	at MC-BOOTSTRAP/org.lwjgl.glfw@3.3.3+5/org.lwjgl.glfw.GLFWMouseButtonCallbackI.callback(GLFWMouseButtonCallbackI.java:43) ~[lwjgl-glfw-3.3.3.jar%23160!/:build 5]
	at MC-BOOTSTRAP/org.lwjgl@3.3.3+5/org.lwjgl.system.JNI.invokeV(Native Method) ~[lwjgl-3.3.3.jar%23172!/:build 5]
	at MC-BOOTSTRAP/org.lwjgl.glfw@3.3.3+5/org.lwjgl.glfw.GLFW.glfwWaitEventsTimeout(GLFW.java:3509) ~[lwjgl-glfw-3.3.3.jar%23160!/:build 5]
	at TRANSFORMER/minecraft@1.21.1/com.mojang.blaze3d.systems.RenderSystem.limitDisplayFPS(RenderSystem.java:162) ~[neoforge-21.1.248.jar%23177!/:?]
	at TRANSFORMER/minecraft@1.21.1/net.minecraft.client.Minecraft.runTick(Minecraft.java:1226) ~[neoforge-21.1.248.jar%23177!/:?]
	at TRANSFORMER/minecraft@1.21.1/net.minecraft.client.Minecraft.run(Minecraft.java:813) ~[neoforge-21.1.248.jar%23177!/:?]
	at TRANSFORMER/minecraft@1.21.1/net.minecraft.client.main.Main.main(Main.java:230) ~[neoforge-21.1.248.jar%23177!/:?]
	at java.base/jdk.internal.reflect.DirectMethodHandleAccessor.invoke(DirectMethodHandleAccessor.java:103) ~[?:?]
	at java.base/java.lang.reflect.Method.invoke(Method.java:580) ~[?:?]
	at MC-BOOTSTRAP/fml_loader@4.0.43/net.neoforged.fml.loading.targets.CommonLaunchHandler.runTarget(CommonLaunchHandler.java:136) ~[loader-4.0.43.jar%23134!/:4.0]
	at MC-BOOTSTRAP/fml_loader@4.0.43/net.neoforged.fml.loading.targets.CommonLaunchHandler.clientService(CommonLaunchHandler.java:124) ~[loader-4.0.43.jar%23134!/:4.0]
	at MC-BOOTSTRAP/fml_loader@4.0.43/net.neoforged.fml.loading.targets.NeoForgeClientDevLaunchHandler.runService(NeoForgeClientDevLaunchHandler.java:23) ~[loader-4.0.43.jar%23134!/:4.0]
	at MC-BOOTSTRAP/fml_loader@4.0.43/net.neoforged.fml.loading.targets.CommonLaunchHandler.lambda$launchService$4(CommonLaunchHandler.java:118) ~[loader-4.0.43.jar%23134!/:4.0]
	at MC-BOOTSTRAP/cpw.mods.modlauncher@11.0.5/cpw.mods.modlauncher.LaunchServiceHandlerDecorator.launch(LaunchServiceHandlerDecorator.java:30) [modlauncher-11.0.5.jar%23114!/:?]
	at MC-BOOTSTRAP/cpw.mods.modlauncher@11.0.5/cpw.mods.modlauncher.LaunchServiceHandler.launch(LaunchServiceHandler.java:53) [modlauncher-11.0.5.jar%23114!/:?]
	at MC-BOOTSTRAP/cpw.mods.modlauncher@11.0.5/cpw.mods.modlauncher.LaunchServiceHandler.launch(LaunchServiceHandler.java:71) [modlauncher-11.0.5.jar%23114!/:?]
	at MC-BOOTSTRAP/cpw.mods.modlauncher@11.0.5/cpw.mods.modlauncher.Launcher.run(Launcher.java:103) [modlauncher-11.0.5.jar%23114!/:?]
	at MC-BOOTSTRAP/cpw.mods.modlauncher@11.0.5/cpw.mods.modlauncher.Launcher.main(Launcher.java:74) [modlauncher-11.0.5.jar%23114!/:?]
	at MC-BOOTSTRAP/cpw.mods.modlauncher@11.0.5/cpw.mods.modlauncher.BootstrapLaunchConsumer.accept(BootstrapLaunchConsumer.java:26) [modlauncher-11.0.5.jar%23114!/:?]
	at MC-BOOTSTRAP/cpw.mods.modlauncher@11.0.5/cpw.mods.modlauncher.BootstrapLaunchConsumer.accept(BootstrapLaunchConsumer.java:23) [modlauncher-11.0.5.jar%23114!/:?]
	at cpw.mods.bootstraplauncher@2.0.2/cpw.mods.bootstraplauncher.BootstrapLauncher.run(BootstrapLauncher.java:210) [bootstraplauncher-2.0.2.jar:?]
	at cpw.mods.bootstraplauncher@2.0.2/cpw.mods.bootstraplauncher.BootstrapLauncher.main(BootstrapLauncher.java:69) [bootstraplauncher-2.0.2.jar:?]
	at java.base/jdk.internal.reflect.DirectMethodHandleAccessor.invoke(DirectMethodHandleAccessor.java:103) ~[?:?]
	at java.base/java.lang.reflect.Method.invoke(Method.java:580) ~[?:?]
	at net.neoforged.devlaunch.Main.main(Main.java:57) [DevLaunch-1.0.2.jar:?]
[24Sep2026 21:09:56.484] [Render thread/WARN] [net.minecraft.util.random.Weight/]: Found 0 weight, make sure this is intentional!
[24Sep2026 21:09:56.512] [Render thread/ERROR] [net.minecraft.world.item.crafting.RecipeManager/]: Parsing error loading recipe malum:malum/spirit_repair/undergarden/slingshot
com.google.gson.JsonParseException: Unknown registry key in ResourceKey[minecraft:root / malum:spirit_types]: minecraft:earthen
	at MC-BOOTSTRAP/datafixerupper@8.0.16/com.mojang.serialization.DataResult$Error.getOrThrow(DataResult.java:287) ~[datafixerupper-8.0.16.jar%23107!/:?]
	at TRANSFORMER/minecraft@1.21.1/net.minecraft.world.item.crafting.RecipeManager.apply(RecipeManager.java:60) ~[neoforge-21.1.248.jar%23177!/:?]
	at TRANSFORMER/minecraft@1.21.1/net.minecraft.world.item.crafting.RecipeManager.apply(RecipeManager.java:36) ~[neoforge-21.1.248.jar%23177!/:?]
	at TRANSFORMER/minecraft@1.21.1/net.minecraft.server.packs.resources.SimplePreparableReloadListener.lambda$reload$1(SimplePreparableReloadListener.java:19) ~[neoforge-21.1.248.jar%23177!/:?]
	at java.base/java.util.concurrent.CompletableFuture$UniAccept.tryFire(CompletableFuture.java:718) ~[?:?]
	at java.base/java.util.concurrent.CompletableFuture$Completion.run(CompletableFuture.java:482) ~[?:?]
	at TRANSFORMER/minecraft@1.21.1/net.minecraft.server.packs.resources.SimpleReloadInstance.lambda$new$3(SimpleReloadInstance.java:86) ~[neoforge-21.1.248.jar%23177!/:?]
	at TRANSFORMER/minecraft@1.21.1/net.minecraft.util.thread.BlockableEventLoop.doRunTask(BlockableEventLoop.java:151) ~[neoforge-21.1.248.jar%23177!/:?]
	at TRANSFORMER/minecraft@1.21.1/net.minecraft.util.thread.ReentrantBlockableEventLoop.doRunTask(ReentrantBlockableEventLoop.java:24) ~[neoforge-21.1.248.jar%23177!/:?]
	at TRANSFORMER/minecraft@1.21.1/net.minecraft.util.thread.BlockableEventLoop.pollTask(BlockableEventLoop.java:122) ~[neoforge-21.1.248.jar%23177!/:?]
	at TRANSFORMER/minecraft@1.21.1/net.minecraft.util.thread.BlockableEventLoop.managedBlock(BlockableEventLoop.java:135) ~[neoforge-21.1.248.jar%23177!/:?]
	at TRANSFORMER/minecraft@1.21.1/net.minecraft.client.gui.screens.worldselection.WorldOpenFlows.loadWorldDataBlocking(WorldOpenFlows.java:201) ~[neoforge-21.1.248.jar%23177!/:?]
	at TRANSFORMER/minecraft@1.21.1/net.minecraft.client.gui.screens.worldselection.WorldOpenFlows.loadWorldStem(WorldOpenFlows.java:142) ~[neoforge-21.1.248.jar%23177!/:?]
	at TRANSFORMER/minecraft@1.21.1/net.minecraft.client.gui.screens.worldselection.WorldOpenFlows.openWorldLoadLevelStem(WorldOpenFlows.java:346) ~[neoforge-21.1.248.jar%23177!/:?]
	at TRANSFORMER/minecraft@1.21.1/net.minecraft.client.gui.screens.worldselection.WorldOpenFlows.openWorldCheckVersionCompatibility(WorldOpenFlows.java:335) ~[neoforge-21.1.248.jar%23177!/:?]
	at TRANSFORMER/minecraft@1.21.1/net.minecraft.client.gui.screens.worldselection.WorldOpenFlows.openWorldLoadLevelData(WorldOpenFlows.java:297) ~[neoforge-21.1.248.jar%23177!/:?]
	at TRANSFORMER/minecraft@1.21.1/net.minecraft.client.gui.screens.worldselection.WorldOpenFlows.openWorld(WorldOpenFlows.java:261) ~[neoforge-21.1.248.jar%23177!/:?]
	at TRANSFORMER/minecraft@1.21.1/net.minecraft.client.gui.screens.worldselection.WorldSelectionList$WorldListEntry.joinWorld(WorldSelectionList.java:516) ~[neoforge-21.1.248.jar%23177!/:?]
	at TRANSFORMER/minecraft@1.21.1/net.minecraft.client.gui.screens.worldselection.WorldSelectionList$WorldListEntry.mouseClicked(WorldSelectionList.java:499) ~[neoforge-21.1.248.jar%23177!/:?]
	at TRANSFORMER/minecraft@1.21.1/net.minecraft.client.gui.components.AbstractSelectionList.mouseClicked(AbstractSelectionList.java:303) ~[neoforge-21.1.248.jar%23177!/:?]
	at TRANSFORMER/minecraft@1.21.1/net.minecraft.client.gui.components.events.ContainerEventHandler.mouseClicked(ContainerEventHandler.java:52) ~[neoforge-21.1.248.jar%23177!/:?]
	at TRANSFORMER/minecraft@1.21.1/net.minecraft.client.MouseHandler.lambda$onPress$0(MouseHandler.java:103) ~[neoforge-21.1.248.jar%23177!/:?]
	at TRANSFORMER/minecraft@1.21.1/net.minecraft.client.gui.screens.Screen.wrapScreenError(Screen.java:471) ~[neoforge-21.1.248.jar%23177!/:?]
	at TRANSFORMER/minecraft@1.21.1/net.minecraft.client.MouseHandler.onPress(MouseHandler.java:100) ~[neoforge-21.1.248.jar%23177!/:?]
	at TRANSFORMER/minecraft@1.21.1/net.minecraft.client.MouseHandler.lambda$setup$4(MouseHandler.java:212) ~[neoforge-21.1.248.jar%23177!/:?]
	at TRANSFORMER/minecraft@1.21.1/net.minecraft.util.thread.BlockableEventLoop.execute(BlockableEventLoop.java:98) ~[neoforge-21.1.248.jar%23177!/:?]
	at TRANSFORMER/minecraft@1.21.1/net.minecraft.client.MouseHandler.lambda$setup$5(MouseHandler.java:212) ~[neoforge-21.1.248.jar%23177!/:?]
	at MC-BOOTSTRAP/org.lwjgl.glfw@3.3.3+5/org.lwjgl.glfw.GLFWMouseButtonCallbackI.callback(GLFWMouseButtonCallbackI.java:43) ~[lwjgl-glfw-3.3.3.jar%23160!/:build 5]
	at MC-BOOTSTRAP/org.lwjgl@3.3.3+5/org.lwjgl.system.JNI.invokeV(Native Method) ~[lwjgl-3.3.3.jar%23172!/:build 5]
	at MC-BOOTSTRAP/org.lwjgl.glfw@3.3.3+5/org.lwjgl.glfw.GLFW.glfwWaitEventsTimeout(GLFW.java:3509) ~[lwjgl-glfw-3.3.3.jar%23160!/:build 5]
	at TRANSFORMER/minecraft@1.21.1/com.mojang.blaze3d.systems.RenderSystem.limitDisplayFPS(RenderSystem.java:162) ~[neoforge-21.1.248.jar%23177!/:?]
	at TRANSFORMER/minecraft@1.21.1/net.minecraft.client.Minecraft.runTick(Minecraft.java:1226) ~[neoforge-21.1.248.jar%23177!/:?]
	at TRANSFORMER/minecraft@1.21.1/net.minecraft.client.Minecraft.run(Minecraft.java:813) ~[neoforge-21.1.248.jar%23177!/:?]
	at TRANSFORMER/minecraft@1.21.1/net.minecraft.client.main.Main.main(Main.java:230) ~[neoforge-21.1.248.jar%23177!/:?]
	at java.base/jdk.internal.reflect.DirectMethodHandleAccessor.invoke(DirectMethodHandleAccessor.java:103) ~[?:?]
	at java.base/java.lang.reflect.Method.invoke(Method.java:580) ~[?:?]
	at MC-BOOTSTRAP/fml_loader@4.0.43/net.neoforged.fml.loading.targets.CommonLaunchHandler.runTarget(CommonLaunchHandler.java:136) ~[loader-4.0.43.jar%23134!/:4.0]
	at MC-BOOTSTRAP/fml_loader@4.0.43/net.neoforged.fml.loading.targets.CommonLaunchHandler.clientService(CommonLaunchHandler.java:124) ~[loader-4.0.43.jar%23134!/:4.0]
	at MC-BOOTSTRAP/fml_loader@4.0.43/net.neoforged.fml.loading.targets.NeoForgeClientDevLaunchHandler.runService(NeoForgeClientDevLaunchHandler.java:23) ~[loader-4.0.43.jar%23134!/:4.0]
	at MC-BOOTSTRAP/fml_loader@4.0.43/net.neoforged.fml.loading.targets.CommonLaunchHandler.lambda$launchService$4(CommonLaunchHandler.java:118) ~[loader-4.0.43.jar%23134!/:4.0]
	at MC-BOOTSTRAP/cpw.mods.modlauncher@11.0.5/cpw.mods.modlauncher.LaunchServiceHandlerDecorator.launch(LaunchServiceHandlerDecorator.java:30) [modlauncher-11.0.5.jar%23114!/:?]
	at MC-BOOTSTRAP/cpw.mods.modlauncher@11.0.5/cpw.mods.modlauncher.LaunchServiceHandler.launch(LaunchServiceHandler.java:53) [modlauncher-11.0.5.jar%23114!/:?]
	at MC-BOOTSTRAP/cpw.mods.modlauncher@11.0.5/cpw.mods.modlauncher.LaunchServiceHandler.launch(LaunchServiceHandler.java:71) [modlauncher-11.0.5.jar%23114!/:?]
	at MC-BOOTSTRAP/cpw.mods.modlauncher@11.0.5/cpw.mods.modlauncher.Launcher.run(Launcher.java:103) [modlauncher-11.0.5.jar%23114!/:?]
	at MC-BOOTSTRAP/cpw.mods.modlauncher@11.0.5/cpw.mods.modlauncher.Launcher.main(Launcher.java:74) [modlauncher-11.0.5.jar%23114!/:?]
	at MC-BOOTSTRAP/cpw.mods.modlauncher@11.0.5/cpw.mods.modlauncher.BootstrapLaunchConsumer.accept(BootstrapLaunchConsumer.java:26) [modlauncher-11.0.5.jar%23114!/:?]
	at MC-BOOTSTRAP/cpw.mods.modlauncher@11.0.5/cpw.mods.modlauncher.BootstrapLaunchConsumer.accept(BootstrapLaunchConsumer.java:23) [modlauncher-11.0.5.jar%23114!/:?]
	at cpw.mods.bootstraplauncher@2.0.2/cpw.mods.bootstraplauncher.BootstrapLauncher.run(BootstrapLauncher.java:210) [bootstraplauncher-2.0.2.jar:?]
	at cpw.mods.bootstraplauncher@2.0.2/cpw.mods.bootstraplauncher.BootstrapLauncher.main(BootstrapLauncher.java:69) [bootstraplauncher-2.0.2.jar:?]
	at java.base/jdk.internal.reflect.DirectMethodHandleAccessor.invoke(DirectMethodHandleAccessor.java:103) ~[?:?]
	at java.base/java.lang.reflect.Method.invoke(Method.java:580) ~[?:?]
	at net.neoforged.devlaunch.Main.main(Main.java:57) [DevLaunch-1.0.2.jar:?]
[24Sep2026 21:09:56.560] [Render thread/ERROR] [net.minecraft.world.item.crafting.RecipeManager/]: Parsing error loading recipe malum:malum/spirit_repair/occultism/purple_chalk
com.google.gson.JsonParseException: No key validItems in MapLike[{"type":"malum:spirit_repair","durabilityPercentage":1,"repairMaterial":{"count":2,"tag":"c:dusts/obsidian"},"spirits":[{"type":"malum:arcane","count":8}],"inputs":["occultism:chalk_purple"]}]
	at MC-BOOTSTRAP/datafixerupper@8.0.16/com.mojang.serialization.DataResult$Error.getOrThrow(DataResult.java:287) ~[datafixerupper-8.0.16.jar%23107!/:?]
	at TRANSFORMER/minecraft@1.21.1/net.minecraft.world.item.crafting.RecipeManager.apply(RecipeManager.java:60) ~[neoforge-21.1.248.jar%23177!/:?]
	at TRANSFORMER/minecraft@1.21.1/net.minecraft.world.item.crafting.RecipeManager.apply(RecipeManager.java:36) ~[neoforge-21.1.248.jar%23177!/:?]
	at TRANSFORMER/minecraft@1.21.1/net.minecraft.server.packs.resources.SimplePreparableReloadListener.lambda$reload$1(SimplePreparableReloadListener.java:19) ~[neoforge-21.1.248.jar%23177!/:?]
	at java.base/java.util.concurrent.CompletableFuture$UniAccept.tryFire(CompletableFuture.java:718) ~[?:?]
	at java.base/java.util.concurrent.CompletableFuture$Completion.run(CompletableFuture.java:482) ~[?:?]
	at TRANSFORMER/minecraft@1.21.1/net.minecraft.server.packs.resources.SimpleReloadInstance.lambda$new$3(SimpleReloadInstance.java:86) ~[neoforge-21.1.248.jar%23177!/:?]
	at TRANSFORMER/minecraft@1.21.1/net.minecraft.util.thread.BlockableEventLoop.doRunTask(BlockableEventLoop.java:151) ~[neoforge-21.1.248.jar%23177!/:?]
	at TRANSFORMER/minecraft@1.21.1/net.minecraft.util.thread.ReentrantBlockableEventLoop.doRunTask(ReentrantBlockableEventLoop.java:24) ~[neoforge-21.1.248.jar%23177!/:?]
	at TRANSFORMER/minecraft@1.21.1/net.minecraft.util.thread.BlockableEventLoop.pollTask(BlockableEventLoop.java:122) ~[neoforge-21.1.248.jar%23177!/:?]
	at TRANSFORMER/minecraft@1.21.1/net.minecraft.util.thread.BlockableEventLoop.managedBlock(BlockableEventLoop.java:135) ~[neoforge-21.1.248.jar%23177!/:?]
	at TRANSFORMER/minecraft@1.21.1/net.minecraft.client.gui.screens.worldselection.WorldOpenFlows.loadWorldDataBlocking(WorldOpenFlows.java:201) ~[neoforge-21.1.248.jar%23177!/:?]
	at TRANSFORMER/minecraft@1.21.1/net.minecraft.client.gui.screens.worldselection.WorldOpenFlows.loadWorldStem(WorldOpenFlows.java:142) ~[neoforge-21.1.248.jar%23177!/:?]
	at TRANSFORMER/minecraft@1.21.1/net.minecraft.client.gui.screens.worldselection.WorldOpenFlows.openWorldLoadLevelStem(WorldOpenFlows.java:346) ~[neoforge-21.1.248.jar%23177!/:?]
	at TRANSFORMER/minecraft@1.21.1/net.minecraft.client.gui.screens.worldselection.WorldOpenFlows.openWorldCheckVersionCompatibility(WorldOpenFlows.java:335) ~[neoforge-21.1.248.jar%23177!/:?]
	at TRANSFORMER/minecraft@1.21.1/net.minecraft.client.gui.screens.worldselection.WorldOpenFlows.openWorldLoadLevelData(WorldOpenFlows.java:297) ~[neoforge-21.1.248.jar%23177!/:?]
	at TRANSFORMER/minecraft@1.21.1/net.minecraft.client.gui.screens.worldselection.WorldOpenFlows.openWorld(WorldOpenFlows.java:261) ~[neoforge-21.1.248.jar%23177!/:?]
	at TRANSFORMER/minecraft@1.21.1/net.minecraft.client.gui.screens.worldselection.WorldSelectionList$WorldListEntry.joinWorld(WorldSelectionList.java:516) ~[neoforge-21.1.248.jar%23177!/:?]
	at TRANSFORMER/minecraft@1.21.1/net.minecraft.client.gui.screens.worldselection.WorldSelectionList$WorldListEntry.mouseClicked(WorldSelectionList.java:499) ~[neoforge-21.1.248.jar%23177!/:?]
	at TRANSFORMER/minecraft@1.21.1/net.minecraft.client.gui.components.AbstractSelectionList.mouseClicked(AbstractSelectionList.java:303) ~[neoforge-21.1.248.jar%23177!/:?]
	at TRANSFORMER/minecraft@1.21.1/net.minecraft.client.gui.components.events.ContainerEventHandler.mouseClicked(ContainerEventHandler.java:52) ~[neoforge-21.1.248.jar%23177!/:?]
	at TRANSFORMER/minecraft@1.21.1/net.minecraft.client.MouseHandler.lambda$onPress$0(MouseHandler.java:103) ~[neoforge-21.1.248.jar%23177!/:?]
	at TRANSFORMER/minecraft@1.21.1/net.minecraft.client.gui.screens.Screen.wrapScreenError(Screen.java:471) ~[neoforge-21.1.248.jar%23177!/:?]
	at TRANSFORMER/minecraft@1.21.1/net.minecraft.client.MouseHandler.onPress(MouseHandler.java:100) ~[neoforge-21.1.248.jar%23177!/:?]
	at TRANSFORMER/minecraft@1.21.1/net.minecraft.client.MouseHandler.lambda$setup$4(MouseHandler.java:212) ~[neoforge-21.1.248.jar%23177!/:?]
	at TRANSFORMER/minecraft@1.21.1/net.minecraft.util.thread.BlockableEventLoop.execute(BlockableEventLoop.java:98) ~[neoforge-21.1.248.jar%23177!/:?]
	at TRANSFORMER/minecraft@1.21.1/net.minecraft.client.MouseHandler.lambda$setup$5(MouseHandler.java:212) ~[neoforge-21.1.248.jar%23177!/:?]
	at MC-BOOTSTRAP/org.lwjgl.glfw@3.3.3+5/org.lwjgl.glfw.GLFWMouseButtonCallbackI.callback(GLFWMouseButtonCallbackI.java:43) ~[lwjgl-glfw-3.3.3.jar%23160!/:build 5]
	at MC-BOOTSTRAP/org.lwjgl@3.3.3+5/org.lwjgl.system.JNI.invokeV(Native Method) ~[lwjgl-3.3.3.jar%23172!/:build 5]
	at MC-BOOTSTRAP/org.lwjgl.glfw@3.3.3+5/org.lwjgl.glfw.GLFW.glfwWaitEventsTimeout(GLFW.java:3509) ~[lwjgl-glfw-3.3.3.jar%23160!/:build 5]
	at TRANSFORMER/minecraft@1.21.1/com.mojang.blaze3d.systems.RenderSystem.limitDisplayFPS(RenderSystem.java:162) ~[neoforge-21.1.248.jar%23177!/:?]
	at TRANSFORMER/minecraft@1.21.1/net.minecraft.client.Minecraft.runTick(Minecraft.java:1226) ~[neoforge-21.1.248.jar%23177!/:?]
	at TRANSFORMER/minecraft@1.21.1/net.minecraft.client.Minecraft.run(Minecraft.java:813) ~[neoforge-21.1.248.jar%23177!/:?]
	at TRANSFORMER/minecraft@1.21.1/net.minecraft.client.main.Main.main(Main.java:230) ~[neoforge-21.1.248.jar%23177!/:?]
	at java.base/jdk.internal.reflect.DirectMethodHandleAccessor.invoke(DirectMethodHandleAccessor.java:103) ~[?:?]
	at java.base/java.lang.reflect.Method.invoke(Method.java:580) ~[?:?]
	at MC-BOOTSTRAP/fml_loader@4.0.43/net.neoforged.fml.loading.targets.CommonLaunchHandler.runTarget(CommonLaunchHandler.java:136) ~[loader-4.0.43.jar%23134!/:4.0]
	at MC-BOOTSTRAP/fml_loader@4.0.43/net.neoforged.fml.loading.targets.CommonLaunchHandler.clientService(CommonLaunchHandler.java:124) ~[loader-4.0.43.jar%23134!/:4.0]
	at MC-BOOTSTRAP/fml_loader@4.0.43/net.neoforged.fml.loading.targets.NeoForgeClientDevLaunchHandler.runService(NeoForgeClientDevLaunchHandler.java:23) ~[loader-4.0.43.jar%23134!/:4.0]
	at MC-BOOTSTRAP/fml_loader@4.0.43/net.neoforged.fml.loading.targets.CommonLaunchHandler.lambda$launchService$4(CommonLaunchHandler.java:118) ~[loader-4.0.43.jar%23134!/:4.0]
	at MC-BOOTSTRAP/cpw.mods.modlauncher@11.0.5/cpw.mods.modlauncher.LaunchServiceHandlerDecorator.launch(LaunchServiceHandlerDecorator.java:30) [modlauncher-11.0.5.jar%23114!/:?]
	at MC-BOOTSTRAP/cpw.mods.modlauncher@11.0.5/cpw.mods.modlauncher.LaunchServiceHandler.launch(LaunchServiceHandler.java:53) [modlauncher-11.0.5.jar%23114!/:?]
	at MC-BOOTSTRAP/cpw.mods.modlauncher@11.0.5/cpw.mods.modlauncher.LaunchServiceHandler.launch(LaunchServiceHandler.java:71) [modlauncher-11.0.5.jar%23114!/:?]
	at MC-BOOTSTRAP/cpw.mods.modlauncher@11.0.5/cpw.mods.modlauncher.Launcher.run(Launcher.java:103) [modlauncher-11.0.5.jar%23114!/:?]
	at MC-BOOTSTRAP/cpw.mods.modlauncher@11.0.5/cpw.mods.modlauncher.Launcher.main(Launcher.java:74) [modlauncher-11.0.5.jar%23114!/:?]
	at MC-BOOTSTRAP/cpw.mods.modlauncher@11.0.5/cpw.mods.modlauncher.BootstrapLaunchConsumer.accept(BootstrapLaunchConsumer.java:26) [modlauncher-11.0.5.jar%23114!/:?]
	at MC-BOOTSTRAP/cpw.mods.modlauncher@11.0.5/cpw.mods.modlauncher.BootstrapLaunchConsumer.accept(BootstrapLaunchConsumer.java:23) [modlauncher-11.0.5.jar%23114!/:?]
	at cpw.mods.bootstraplauncher@2.0.2/cpw.mods.bootstraplauncher.BootstrapLauncher.run(BootstrapLauncher.java:210) [bootstraplauncher-2.0.2.jar:?]
	at cpw.mods.bootstraplauncher@2.0.2/cpw.mods.bootstraplauncher.BootstrapLauncher.main(BootstrapLauncher.java:69) [bootstraplauncher-2.0.2.jar:?]
	at java.base/jdk.internal.reflect.DirectMethodHandleAccessor.invoke(DirectMethodHandleAccessor.java:103) ~[?:?]
	at java.base/java.lang.reflect.Method.invoke(Method.java:580) ~[?:?]
	at net.neoforged.devlaunch.Main.main(Main.java:57) [DevLaunch-1.0.2.jar:?]
[24Sep2026 21:09:56.705] [Render thread/ERROR] [net.minecraft.world.item.crafting.RecipeManager/]: Parsing error loading recipe malum:malum/spirit_repair/botania/terrasteel
com.google.gson.JsonParseException: Unknown registry key in ResourceKey[minecraft:root / malum:spirit_types]: minecraft:arcane; No key validItems in MapLike[{"type":"malum:spirit_repair","durabilityPercentage":1,"repairMaterial":{"item":"botania:terrasteel_ingot","count":1},"spirits":[{"type":"arcane","count":32}],"regex":{"itemIdRegex":"terra.+","modIdRegex":"botania"}}]
	at MC-BOOTSTRAP/datafixerupper@8.0.16/com.mojang.serialization.DataResult$Error.getOrThrow(DataResult.java:287) ~[datafixerupper-8.0.16.jar%23107!/:?]
	at TRANSFORMER/minecraft@1.21.1/net.minecraft.world.item.crafting.RecipeManager.apply(RecipeManager.java:60) ~[neoforge-21.1.248.jar%23177!/:?]
	at TRANSFORMER/minecraft@1.21.1/net.minecraft.world.item.crafting.RecipeManager.apply(RecipeManager.java:36) ~[neoforge-21.1.248.jar%23177!/:?]
	at TRANSFORMER/minecraft@1.21.1/net.minecraft.server.packs.resources.SimplePreparableReloadListener.lambda$reload$1(SimplePreparableReloadListener.java:19) ~[neoforge-21.1.248.jar%23177!/:?]
	at java.base/java.util.concurrent.CompletableFuture$UniAccept.tryFire(CompletableFuture.java:718) ~[?:?]
	at java.base/java.util.concurrent.CompletableFuture$Completion.run(CompletableFuture.java:482) ~[?:?]
	at TRANSFORMER/minecraft@1.21.1/net.minecraft.server.packs.resources.SimpleReloadInstance.lambda$new$3(SimpleReloadInstance.java:86) ~[neoforge-21.1.248.jar%23177!/:?]
	at TRANSFORMER/minecraft@1.21.1/net.minecraft.util.thread.BlockableEventLoop.doRunTask(BlockableEventLoop.java:151) ~[neoforge-21.1.248.jar%23177!/:?]
	at TRANSFORMER/minecraft@1.21.1/net.minecraft.util.thread.ReentrantBlockableEventLoop.doRunTask(ReentrantBlockableEventLoop.java:24) ~[neoforge-21.1.248.jar%23177!/:?]
	at TRANSFORMER/minecraft@1.21.1/net.minecraft.util.thread.BlockableEventLoop.pollTask(BlockableEventLoop.java:122) ~[neoforge-21.1.248.jar%23177!/:?]
	at TRANSFORMER/minecraft@1.21.1/net.minecraft.util.thread.BlockableEventLoop.managedBlock(BlockableEventLoop.java:135) ~[neoforge-21.1.248.jar%23177!/:?]
	at TRANSFORMER/minecraft@1.21.1/net.minecraft.client.gui.screens.worldselection.WorldOpenFlows.loadWorldDataBlocking(WorldOpenFlows.java:201) ~[neoforge-21.1.248.jar%23177!/:?]
	at TRANSFORMER/minecraft@1.21.1/net.minecraft.client.gui.screens.worldselection.WorldOpenFlows.loadWorldStem(WorldOpenFlows.java:142) ~[neoforge-21.1.248.jar%23177!/:?]
	at TRANSFORMER/minecraft@1.21.1/net.minecraft.client.gui.screens.worldselection.WorldOpenFlows.openWorldLoadLevelStem(WorldOpenFlows.java:346) ~[neoforge-21.1.248.jar%23177!/:?]
	at TRANSFORMER/minecraft@1.21.1/net.minecraft.client.gui.screens.worldselection.WorldOpenFlows.openWorldCheckVersionCompatibility(WorldOpenFlows.java:335) ~[neoforge-21.1.248.jar%23177!/:?]
	at TRANSFORMER/minecraft@1.21.1/net.minecraft.client.gui.screens.worldselection.WorldOpenFlows.openWorldLoadLevelData(WorldOpenFlows.java:297) ~[neoforge-21.1.248.jar%23177!/:?]
	at TRANSFORMER/minecraft@1.21.1/net.minecraft.client.gui.screens.worldselection.WorldOpenFlows.openWorld(WorldOpenFlows.java:261) ~[neoforge-21.1.248.jar%23177!/:?]
	at TRANSFORMER/minecraft@1.21.1/net.minecraft.client.gui.screens.worldselection.WorldSelectionList$WorldListEntry.joinWorld(WorldSelectionList.java:516) ~[neoforge-21.1.248.jar%23177!/:?]
	at TRANSFORMER/minecraft@1.21.1/net.minecraft.client.gui.screens.worldselection.WorldSelectionList$WorldListEntry.mouseClicked(WorldSelectionList.java:499) ~[neoforge-21.1.248.jar%23177!/:?]
	at TRANSFORMER/minecraft@1.21.1/net.minecraft.client.gui.components.AbstractSelectionList.mouseClicked(AbstractSelectionList.java:303) ~[neoforge-21.1.248.jar%23177!/:?]
	at TRANSFORMER/minecraft@1.21.1/net.minecraft.client.gui.components.events.ContainerEventHandler.mouseClicked(ContainerEventHandler.java:52) ~[neoforge-21.1.248.jar%23177!/:?]
	at TRANSFORMER/minecraft@1.21.1/net.minecraft.client.MouseHandler.lambda$onPress$0(MouseHandler.java:103) ~[neoforge-21.1.248.jar%23177!/:?]
	at TRANSFORMER/minecraft@1.21.1/net.minecraft.client.gui.screens.Screen.wrapScreenError(Screen.java:471) ~[neoforge-21.1.248.jar%23177!/:?]
	at TRANSFORMER/minecraft@1.21.1/net.minecraft.client.MouseHandler.onPress(MouseHandler.java:100) ~[neoforge-21.1.248.jar%23177!/:?]
	at TRANSFORMER/minecraft@1.21.1/net.minecraft.client.MouseHandler.lambda$setup$4(MouseHandler.java:212) ~[neoforge-21.1.248.jar%23177!/:?]
	at TRANSFORMER/minecraft@1.21.1/net.minecraft.util.thread.BlockableEventLoop.execute(BlockableEventLoop.java:98) ~[neoforge-21.1.248.jar%23177!/:?]
	at TRANSFORMER/minecraft@1.21.1/net.minecraft.client.MouseHandler.lambda$setup$5(MouseHandler.java:212) ~[neoforge-21.1.248.jar%23177!/:?]
	at MC-BOOTSTRAP/org.lwjgl.glfw@3.3.3+5/org.lwjgl.glfw.GLFWMouseButtonCallbackI.callback(GLFWMouseButtonCallbackI.java:43) ~[lwjgl-glfw-3.3.3.jar%23160!/:build 5]
	at MC-BOOTSTRAP/org.lwjgl@3.3.3+5/org.lwjgl.system.JNI.invokeV(Native Method) ~[lwjgl-3.3.3.jar%23172!/:build 5]
	at MC-BOOTSTRAP/org.lwjgl.glfw@3.3.3+5/org.lwjgl.glfw.GLFW.glfwWaitEventsTimeout(GLFW.java:3509) ~[lwjgl-glfw-3.3.3.jar%23160!/:build 5]
	at TRANSFORMER/minecraft@1.21.1/com.mojang.blaze3d.systems.RenderSystem.limitDisplayFPS(RenderSystem.java:162) ~[neoforge-21.1.248.jar%23177!/:?]
	at TRANSFORMER/minecraft@1.21.1/net.minecraft.client.Minecraft.runTick(Minecraft.java:1226) ~[neoforge-21.1.248.jar%23177!/:?]
	at TRANSFORMER/minecraft@1.21.1/net.minecraft.client.Minecraft.run(Minecraft.java:813) ~[neoforge-21.1.248.jar%23177!/:?]
	at TRANSFORMER/minecraft@1.21.1/net.minecraft.client.main.Main.main(Main.java:230) ~[neoforge-21.1.248.jar%23177!/:?]
	at java.base/jdk.internal.reflect.DirectMethodHandleAccessor.invoke(DirectMethodHandleAccessor.java:103) ~[?:?]
	at java.base/java.lang.reflect.Method.invoke(Method.java:580) ~[?:?]
	at MC-BOOTSTRAP/fml_loader@4.0.43/net.neoforged.fml.loading.targets.CommonLaunchHandler.runTarget(CommonLaunchHandler.java:136) ~[loader-4.0.43.jar%23134!/:4.0]
	at MC-BOOTSTRAP/fml_loader@4.0.43/net.neoforged.fml.loading.targets.CommonLaunchHandler.clientService(CommonLaunchHandler.java:124) ~[loader-4.0.43.jar%23134!/:4.0]
	at MC-BOOTSTRAP/fml_loader@4.0.43/net.neoforged.fml.loading.targets.NeoForgeClientDevLaunchHandler.runService(NeoForgeClientDevLaunchHandler.java:23) ~[loader-4.0.43.jar%23134!/:4.0]
	at MC-BOOTSTRAP/fml_loader@4.0.43/net.neoforged.fml.loading.targets.CommonLaunchHandler.lambda$launchService$4(CommonLaunchHandler.java:118) ~[loader-4.0.43.jar%23134!/:4.0]
	at MC-BOOTSTRAP/cpw.mods.modlauncher@11.0.5/cpw.mods.modlauncher.LaunchServiceHandlerDecorator.launch(LaunchServiceHandlerDecorator.java:30) [modlauncher-11.0.5.jar%23114!/:?]
	at MC-BOOTSTRAP/cpw.mods.modlauncher@11.0.5/cpw.mods.modlauncher.LaunchServiceHandler.launch(LaunchServiceHandler.java:53) [modlauncher-11.0.5.jar%23114!/:?]
	at MC-BOOTSTRAP/cpw.mods.modlauncher@11.0.5/cpw.mods.modlauncher.LaunchServiceHandler.launch(LaunchServiceHandler.java:71) [modlauncher-11.0.5.jar%23114!/:?]
	at MC-BOOTSTRAP/cpw.mods.modlauncher@11.0.5/cpw.mods.modlauncher.Launcher.run(Launcher.java:103) [modlauncher-11.0.5.jar%23114!/:?]
	at MC-BOOTSTRAP/cpw.mods.modlauncher@11.0.5/cpw.mods.modlauncher.Launcher.main(Launcher.java:74) [modlauncher-11.0.5.jar%23114!/:?]
	at MC-BOOTSTRAP/cpw.mods.modlauncher@11.0.5/cpw.mods.modlauncher.BootstrapLaunchConsumer.accept(BootstrapLaunchConsumer.java:26) [modlauncher-11.0.5.jar%23114!/:?]
	at MC-BOOTSTRAP/cpw.mods.modlauncher@11.0.5/cpw.mods.modlauncher.BootstrapLaunchConsumer.accept(BootstrapLaunchConsumer.java:23) [modlauncher-11.0.5.jar%23114!/:?]
	at cpw.mods.bootstraplauncher@2.0.2/cpw.mods.bootstraplauncher.BootstrapLauncher.run(BootstrapLauncher.java:210) [bootstraplauncher-2.0.2.jar:?]
	at cpw.mods.bootstraplauncher@2.0.2/cpw.mods.bootstraplauncher.BootstrapLauncher.main(BootstrapLauncher.java:69) [bootstraplauncher-2.0.2.jar:?]
	at java.base/jdk.internal.reflect.DirectMethodHandleAccessor.invoke(DirectMethodHandleAccessor.java:103) ~[?:?]
	at java.base/java.lang.reflect.Method.invoke(Method.java:580) ~[?:?]
	at net.neoforged.devlaunch.Main.main(Main.java:57) [DevLaunch-1.0.2.jar:?]
[24Sep2026 21:09:56.903] [Render thread/ERROR] [net.minecraft.world.item.crafting.RecipeManager/]: Parsing error loading recipe malum:malum/spirit_repair/occultism/red_chalk
com.google.gson.JsonParseException: No key validItems in MapLike[{"type":"malum:spirit_repair","durabilityPercentage":1,"repairMaterial":{"count":1,"item":"occultism:afrit_essence"},"spirits":[{"type":"malum:arcane","count":8}],"inputs":["occultism:chalk_red"]}]
	at MC-BOOTSTRAP/datafixerupper@8.0.16/com.mojang.serialization.DataResult$Error.getOrThrow(DataResult.java:287) ~[datafixerupper-8.0.16.jar%23107!/:?]
	at TRANSFORMER/minecraft@1.21.1/net.minecraft.world.item.crafting.RecipeManager.apply(RecipeManager.java:60) ~[neoforge-21.1.248.jar%23177!/:?]
	at TRANSFORMER/minecraft@1.21.1/net.minecraft.world.item.crafting.RecipeManager.apply(RecipeManager.java:36) ~[neoforge-21.1.248.jar%23177!/:?]
	at TRANSFORMER/minecraft@1.21.1/net.minecraft.server.packs.resources.SimplePreparableReloadListener.lambda$reload$1(SimplePreparableReloadListener.java:19) ~[neoforge-21.1.248.jar%23177!/:?]
	at java.base/java.util.concurrent.CompletableFuture$UniAccept.tryFire(CompletableFuture.java:718) ~[?:?]
	at java.base/java.util.concurrent.CompletableFuture$Completion.run(CompletableFuture.java:482) ~[?:?]
	at TRANSFORMER/minecraft@1.21.1/net.minecraft.server.packs.resources.SimpleReloadInstance.lambda$new$3(SimpleReloadInstance.java:86) ~[neoforge-21.1.248.jar%23177!/:?]
	at TRANSFORMER/minecraft@1.21.1/net.minecraft.util.thread.BlockableEventLoop.doRunTask(BlockableEventLoop.java:151) ~[neoforge-21.1.248.jar%23177!/:?]
	at TRANSFORMER/minecraft@1.21.1/net.minecraft.util.thread.ReentrantBlockableEventLoop.doRunTask(ReentrantBlockableEventLoop.java:24) ~[neoforge-21.1.248.jar%23177!/:?]
	at TRANSFORMER/minecraft@1.21.1/net.minecraft.util.thread.BlockableEventLoop.pollTask(BlockableEventLoop.java:122) ~[neoforge-21.1.248.jar%23177!/:?]
	at TRANSFORMER/minecraft@1.21.1/net.minecraft.util.thread.BlockableEventLoop.managedBlock(BlockableEventLoop.java:135) ~[neoforge-21.1.248.jar%23177!/:?]
	at TRANSFORMER/minecraft@1.21.1/net.minecraft.client.gui.screens.worldselection.WorldOpenFlows.loadWorldDataBlocking(WorldOpenFlows.java:201) ~[neoforge-21.1.248.jar%23177!/:?]
	at TRANSFORMER/minecraft@1.21.1/net.minecraft.client.gui.screens.worldselection.WorldOpenFlows.loadWorldStem(WorldOpenFlows.java:142) ~[neoforge-21.1.248.jar%23177!/:?]
	at TRANSFORMER/minecraft@1.21.1/net.minecraft.client.gui.screens.worldselection.WorldOpenFlows.openWorldLoadLevelStem(WorldOpenFlows.java:346) ~[neoforge-21.1.248.jar%23177!/:?]
	at TRANSFORMER/minecraft@1.21.1/net.minecraft.client.gui.screens.worldselection.WorldOpenFlows.openWorldCheckVersionCompatibility(WorldOpenFlows.java:335) ~[neoforge-21.1.248.jar%23177!/:?]
	at TRANSFORMER/minecraft@1.21.1/net.minecraft.client.gui.screens.worldselection.WorldOpenFlows.openWorldLoadLevelData(WorldOpenFlows.java:297) ~[neoforge-21.1.248.jar%23177!/:?]
	at TRANSFORMER/minecraft@1.21.1/net.minecraft.client.gui.screens.worldselection.WorldOpenFlows.openWorld(WorldOpenFlows.java:261) ~[neoforge-21.1.248.jar%23177!/:?]
	at TRANSFORMER/minecraft@1.21.1/net.minecraft.client.gui.screens.worldselection.WorldSelectionList$WorldListEntry.joinWorld(WorldSelectionList.java:516) ~[neoforge-21.1.248.jar%23177!/:?]
	at TRANSFORMER/minecraft@1.21.1/net.minecraft.client.gui.screens.worldselection.WorldSelectionList$WorldListEntry.mouseClicked(WorldSelectionList.java:499) ~[neoforge-21.1.248.jar%23177!/:?]
	at TRANSFORMER/minecraft@1.21.1/net.minecraft.client.gui.components.AbstractSelectionList.mouseClicked(AbstractSelectionList.java:303) ~[neoforge-21.1.248.jar%23177!/:?]
	at TRANSFORMER/minecraft@1.21.1/net.minecraft.client.gui.components.events.ContainerEventHandler.mouseClicked(ContainerEventHandler.java:52) ~[neoforge-21.1.248.jar%23177!/:?]
	at TRANSFORMER/minecraft@1.21.1/net.minecraft.client.MouseHandler.lambda$onPress$0(MouseHandler.java:103) ~[neoforge-21.1.248.jar%23177!/:?]
	at TRANSFORMER/minecraft@1.21.1/net.minecraft.client.gui.screens.Screen.wrapScreenError(Screen.java:471) ~[neoforge-21.1.248.jar%23177!/:?]
	at TRANSFORMER/minecraft@1.21.1/net.minecraft.client.MouseHandler.onPress(MouseHandler.java:100) ~[neoforge-21.1.248.jar%23177!/:?]
	at TRANSFORMER/minecraft@1.21.1/net.minecraft.client.MouseHandler.lambda$setup$4(MouseHandler.java:212) ~[neoforge-21.1.248.jar%23177!/:?]
	at TRANSFORMER/minecraft@1.21.1/net.minecraft.util.thread.BlockableEventLoop.execute(BlockableEventLoop.java:98) ~[neoforge-21.1.248.jar%23177!/:?]
	at TRANSFORMER/minecraft@1.21.1/net.minecraft.client.MouseHandler.lambda$setup$5(MouseHandler.java:212) ~[neoforge-21.1.248.jar%23177!/:?]
	at MC-BOOTSTRAP/org.lwjgl.glfw@3.3.3+5/org.lwjgl.glfw.GLFWMouseButtonCallbackI.callback(GLFWMouseButtonCallbackI.java:43) ~[lwjgl-glfw-3.3.3.jar%23160!/:build 5]
	at MC-BOOTSTRAP/org.lwjgl@3.3.3+5/org.lwjgl.system.JNI.invokeV(Native Method) ~[lwjgl-3.3.3.jar%23172!/:build 5]
	at MC-BOOTSTRAP/org.lwjgl.glfw@3.3.3+5/org.lwjgl.glfw.GLFW.glfwWaitEventsTimeout(GLFW.java:3509) ~[lwjgl-glfw-3.3.3.jar%23160!/:build 5]
	at TRANSFORMER/minecraft@1.21.1/com.mojang.blaze3d.systems.RenderSystem.limitDisplayFPS(RenderSystem.java:162) ~[neoforge-21.1.248.jar%23177!/:?]
	at TRANSFORMER/minecraft@1.21.1/net.minecraft.client.Minecraft.runTick(Minecraft.java:1226) ~[neoforge-21.1.248.jar%23177!/:?]
	at TRANSFORMER/minecraft@1.21.1/net.minecraft.client.Minecraft.run(Minecraft.java:813) ~[neoforge-21.1.248.jar%23177!/:?]
	at TRANSFORMER/minecraft@1.21.1/net.minecraft.client.main.Main.main(Main.java:230) ~[neoforge-21.1.248.jar%23177!/:?]
	at java.base/jdk.internal.reflect.DirectMethodHandleAccessor.invoke(DirectMethodHandleAccessor.java:103) ~[?:?]
	at java.base/java.lang.reflect.Method.invoke(Method.java:580) ~[?:?]
	at MC-BOOTSTRAP/fml_loader@4.0.43/net.neoforged.fml.loading.targets.CommonLaunchHandler.runTarget(CommonLaunchHandler.java:136) ~[loader-4.0.43.jar%23134!/:4.0]
	at MC-BOOTSTRAP/fml_loader@4.0.43/net.neoforged.fml.loading.targets.CommonLaunchHandler.clientService(CommonLaunchHandler.java:124) ~[loader-4.0.43.jar%23134!/:4.0]
	at MC-BOOTSTRAP/fml_loader@4.0.43/net.neoforged.fml.loading.targets.NeoForgeClientDevLaunchHandler.runService(NeoForgeClientDevLaunchHandler.java:23) ~[loader-4.0.43.jar%23134!/:4.0]
	at MC-BOOTSTRAP/fml_loader@4.0.43/net.neoforged.fml.loading.targets.CommonLaunchHandler.lambda$launchService$4(CommonLaunchHandler.java:118) ~[loader-4.0.43.jar%23134!/:4.0]
	at MC-BOOTSTRAP/cpw.mods.modlauncher@11.0.5/cpw.mods.modlauncher.LaunchServiceHandlerDecorator.launch(LaunchServiceHandlerDecorator.java:30) [modlauncher-11.0.5.jar%23114!/:?]
	at MC-BOOTSTRAP/cpw.mods.modlauncher@11.0.5/cpw.mods.modlauncher.LaunchServiceHandler.launch(LaunchServiceHandler.java:53) [modlauncher-11.0.5.jar%23114!/:?]
	at MC-BOOTSTRAP/cpw.mods.modlauncher@11.0.5/cpw.mods.modlauncher.LaunchServiceHandler.launch(LaunchServiceHandler.java:71) [modlauncher-11.0.5.jar%23114!/:?]
	at MC-BOOTSTRAP/cpw.mods.modlauncher@11.0.5/cpw.mods.modlauncher.Launcher.run(Launcher.java:103) [modlauncher-11.0.5.jar%23114!/:?]
	at MC-BOOTSTRAP/cpw.mods.modlauncher@11.0.5/cpw.mods.modlauncher.Launcher.main(Launcher.java:74) [modlauncher-11.0.5.jar%23114!/:?]
	at MC-BOOTSTRAP/cpw.mods.modlauncher@11.0.5/cpw.mods.modlauncher.BootstrapLaunchConsumer.accept(BootstrapLaunchConsumer.java:26) [modlauncher-11.0.5.jar%23114!/:?]
	at MC-BOOTSTRAP/cpw.mods.modlauncher@11.0.5/cpw.mods.modlauncher.BootstrapLaunchConsumer.accept(BootstrapLaunchConsumer.java:23) [modlauncher-11.0.5.jar%23114!/:?]
	at cpw.mods.bootstraplauncher@2.0.2/cpw.mods.bootstraplauncher.BootstrapLauncher.run(BootstrapLauncher.java:210) [bootstraplauncher-2.0.2.jar:?]
	at cpw.mods.bootstraplauncher@2.0.2/cpw.mods.bootstraplauncher.BootstrapLauncher.main(BootstrapLauncher.java:69) [bootstraplauncher-2.0.2.jar:?]
	at java.base/jdk.internal.reflect.DirectMethodHandleAccessor.invoke(DirectMethodHandleAccessor.java:103) ~[?:?]
	at java.base/java.lang.reflect.Method.invoke(Method.java:580) ~[?:?]
	at net.neoforged.devlaunch.Main.main(Main.java:57) [DevLaunch-1.0.2.jar:?]
[24Sep2026 21:09:56.949] [Render thread/ERROR] [net.minecraft.world.item.crafting.RecipeManager/]: Parsing error loading recipe malum:malum/spirit_repair/occultism/gold_chalk
com.google.gson.JsonParseException: No key validItems in MapLike[{"type":"malum:spirit_repair","durabilityPercentage":1,"repairMaterial":{"count":1,"tag":"c:dusts/gold"},"spirits":[{"type":"malum:arcane","count":8}],"inputs":["occultism:chalk_gold"]}]
	at MC-BOOTSTRAP/datafixerupper@8.0.16/com.mojang.serialization.DataResult$Error.getOrThrow(DataResult.java:287) ~[datafixerupper-8.0.16.jar%23107!/:?]
	at TRANSFORMER/minecraft@1.21.1/net.minecraft.world.item.crafting.RecipeManager.apply(RecipeManager.java:60) ~[neoforge-21.1.248.jar%23177!/:?]
	at TRANSFORMER/minecraft@1.21.1/net.minecraft.world.item.crafting.RecipeManager.apply(RecipeManager.java:36) ~[neoforge-21.1.248.jar%23177!/:?]
	at TRANSFORMER/minecraft@1.21.1/net.minecraft.server.packs.resources.SimplePreparableReloadListener.lambda$reload$1(SimplePreparableReloadListener.java:19) ~[neoforge-21.1.248.jar%23177!/:?]
	at java.base/java.util.concurrent.CompletableFuture$UniAccept.tryFire(CompletableFuture.java:718) ~[?:?]
	at java.base/java.util.concurrent.CompletableFuture$Completion.run(CompletableFuture.java:482) ~[?:?]
	at TRANSFORMER/minecraft@1.21.1/net.minecraft.server.packs.resources.SimpleReloadInstance.lambda$new$3(SimpleReloadInstance.java:86) ~[neoforge-21.1.248.jar%23177!/:?]
	at TRANSFORMER/minecraft@1.21.1/net.minecraft.util.thread.BlockableEventLoop.doRunTask(BlockableEventLoop.java:151) ~[neoforge-21.1.248.jar%23177!/:?]
	at TRANSFORMER/minecraft@1.21.1/net.minecraft.util.thread.ReentrantBlockableEventLoop.doRunTask(ReentrantBlockableEventLoop.java:24) ~[neoforge-21.1.248.jar%23177!/:?]
	at TRANSFORMER/minecraft@1.21.1/net.minecraft.util.thread.BlockableEventLoop.pollTask(BlockableEventLoop.java:122) ~[neoforge-21.1.248.jar%23177!/:?]
	at TRANSFORMER/minecraft@1.21.1/net.minecraft.util.thread.BlockableEventLoop.managedBlock(BlockableEventLoop.java:135) ~[neoforge-21.1.248.jar%23177!/:?]
	at TRANSFORMER/minecraft@1.21.1/net.minecraft.client.gui.screens.worldselection.WorldOpenFlows.loadWorldDataBlocking(WorldOpenFlows.java:201) ~[neoforge-21.1.248.jar%23177!/:?]
	at TRANSFORMER/minecraft@1.21.1/net.minecraft.client.gui.screens.worldselection.WorldOpenFlows.loadWorldStem(WorldOpenFlows.java:142) ~[neoforge-21.1.248.jar%23177!/:?]
	at TRANSFORMER/minecraft@1.21.1/net.minecraft.client.gui.screens.worldselection.WorldOpenFlows.openWorldLoadLevelStem(WorldOpenFlows.java:346) ~[neoforge-21.1.248.jar%23177!/:?]
	at TRANSFORMER/minecraft@1.21.1/net.minecraft.client.gui.screens.worldselection.WorldOpenFlows.openWorldCheckVersionCompatibility(WorldOpenFlows.java:335) ~[neoforge-21.1.248.jar%23177!/:?]
	at TRANSFORMER/minecraft@1.21.1/net.minecraft.client.gui.screens.worldselection.WorldOpenFlows.openWorldLoadLevelData(WorldOpenFlows.java:297) ~[neoforge-21.1.248.jar%23177!/:?]
	at TRANSFORMER/minecraft@1.21.1/net.minecraft.client.gui.screens.worldselection.WorldOpenFlows.openWorld(WorldOpenFlows.java:261) ~[neoforge-21.1.248.jar%23177!/:?]
	at TRANSFORMER/minecraft@1.21.1/net.minecraft.client.gui.screens.worldselection.WorldSelectionList$WorldListEntry.joinWorld(WorldSelectionList.java:516) ~[neoforge-21.1.248.jar%23177!/:?]
	at TRANSFORMER/minecraft@1.21.1/net.minecraft.client.gui.screens.worldselection.WorldSelectionList$WorldListEntry.mouseClicked(WorldSelectionList.java:499) ~[neoforge-21.1.248.jar%23177!/:?]
	at TRANSFORMER/minecraft@1.21.1/net.minecraft.client.gui.components.AbstractSelectionList.mouseClicked(AbstractSelectionList.java:303) ~[neoforge-21.1.248.jar%23177!/:?]
	at TRANSFORMER/minecraft@1.21.1/net.minecraft.client.gui.components.events.ContainerEventHandler.mouseClicked(ContainerEventHandler.java:52) ~[neoforge-21.1.248.jar%23177!/:?]
	at TRANSFORMER/minecraft@1.21.1/net.minecraft.client.MouseHandler.lambda$onPress$0(MouseHandler.java:103) ~[neoforge-21.1.248.jar%23177!/:?]
	at TRANSFORMER/minecraft@1.21.1/net.minecraft.client.gui.screens.Screen.wrapScreenError(Screen.java:471) ~[neoforge-21.1.248.jar%23177!/:?]
	at TRANSFORMER/minecraft@1.21.1/net.minecraft.client.MouseHandler.onPress(MouseHandler.java:100) ~[neoforge-21.1.248.jar%23177!/:?]
	at TRANSFORMER/minecraft@1.21.1/net.minecraft.client.MouseHandler.lambda$setup$4(MouseHandler.java:212) ~[neoforge-21.1.248.jar%23177!/:?]
	at TRANSFORMER/minecraft@1.21.1/net.minecraft.util.thread.BlockableEventLoop.execute(BlockableEventLoop.java:98) ~[neoforge-21.1.248.jar%23177!/:?]
	at TRANSFORMER/minecraft@1.21.1/net.minecraft.client.MouseHandler.lambda$setup$5(MouseHandler.java:212) ~[neoforge-21.1.248.jar%23177!/:?]
	at MC-BOOTSTRAP/org.lwjgl.glfw@3.3.3+5/org.lwjgl.glfw.GLFWMouseButtonCallbackI.callback(GLFWMouseButtonCallbackI.java:43) ~[lwjgl-glfw-3.3.3.jar%23160!/:build 5]
	at MC-BOOTSTRAP/org.lwjgl@3.3.3+5/org.lwjgl.system.JNI.invokeV(Native Method) ~[lwjgl-3.3.3.jar%23172!/:build 5]
	at MC-BOOTSTRAP/org.lwjgl.glfw@3.3.3+5/org.lwjgl.glfw.GLFW.glfwWaitEventsTimeout(GLFW.java:3509) ~[lwjgl-glfw-3.3.3.jar%23160!/:build 5]
	at TRANSFORMER/minecraft@1.21.1/com.mojang.blaze3d.systems.RenderSystem.limitDisplayFPS(RenderSystem.java:162) ~[neoforge-21.1.248.jar%23177!/:?]
	at TRANSFORMER/minecraft@1.21.1/net.minecraft.client.Minecraft.runTick(Minecraft.java:1226) ~[neoforge-21.1.248.jar%23177!/:?]
	at TRANSFORMER/minecraft@1.21.1/net.minecraft.client.Minecraft.run(Minecraft.java:813) ~[neoforge-21.1.248.jar%23177!/:?]
	at TRANSFORMER/minecraft@1.21.1/net.minecraft.client.main.Main.main(Main.java:230) ~[neoforge-21.1.248.jar%23177!/:?]
	at java.base/jdk.internal.reflect.DirectMethodHandleAccessor.invoke(DirectMethodHandleAccessor.java:103) ~[?:?]
	at java.base/java.lang.reflect.Method.invoke(Method.java:580) ~[?:?]
	at MC-BOOTSTRAP/fml_loader@4.0.43/net.neoforged.fml.loading.targets.CommonLaunchHandler.runTarget(CommonLaunchHandler.java:136) ~[loader-4.0.43.jar%23134!/:4.0]
	at MC-BOOTSTRAP/fml_loader@4.0.43/net.neoforged.fml.loading.targets.CommonLaunchHandler.clientService(CommonLaunchHandler.java:124) ~[loader-4.0.43.jar%23134!/:4.0]
	at MC-BOOTSTRAP/fml_loader@4.0.43/net.neoforged.fml.loading.targets.NeoForgeClientDevLaunchHandler.runService(NeoForgeClientDevLaunchHandler.java:23) ~[loader-4.0.43.jar%23134!/:4.0]
	at MC-BOOTSTRAP/fml_loader@4.0.43/net.neoforged.fml.loading.targets.CommonLaunchHandler.lambda$launchService$4(CommonLaunchHandler.java:118) ~[loader-4.0.43.jar%23134!/:4.0]
	at MC-BOOTSTRAP/cpw.mods.modlauncher@11.0.5/cpw.mods.modlauncher.LaunchServiceHandlerDecorator.launch(LaunchServiceHandlerDecorator.java:30) [modlauncher-11.0.5.jar%23114!/:?]
	at MC-BOOTSTRAP/cpw.mods.modlauncher@11.0.5/cpw.mods.modlauncher.LaunchServiceHandler.launch(LaunchServiceHandler.java:53) [modlauncher-11.0.5.jar%23114!/:?]
	at MC-BOOTSTRAP/cpw.mods.modlauncher@11.0.5/cpw.mods.modlauncher.LaunchServiceHandler.launch(LaunchServiceHandler.java:71) [modlauncher-11.0.5.jar%23114!/:?]
	at MC-BOOTSTRAP/cpw.mods.modlauncher@11.0.5/cpw.mods.modlauncher.Launcher.run(Launcher.java:103) [modlauncher-11.0.5.jar%23114!/:?]
	at MC-BOOTSTRAP/cpw.mods.modlauncher@11.0.5/cpw.mods.modlauncher.Launcher.main(Launcher.java:74) [modlauncher-11.0.5.jar%23114!/:?]
	at MC-BOOTSTRAP/cpw.mods.modlauncher@11.0.5/cpw.mods.modlauncher.BootstrapLaunchConsumer.accept(BootstrapLaunchConsumer.java:26) [modlauncher-11.0.5.jar%23114!/:?]
	at MC-BOOTSTRAP/cpw.mods.modlauncher@11.0.5/cpw.mods.modlauncher.BootstrapLaunchConsumer.accept(BootstrapLaunchConsumer.java:23) [modlauncher-11.0.5.jar%23114!/:?]
	at cpw.mods.bootstraplauncher@2.0.2/cpw.mods.bootstraplauncher.BootstrapLauncher.run(BootstrapLauncher.java:210) [bootstraplauncher-2.0.2.jar:?]
	at cpw.mods.bootstraplauncher@2.0.2/cpw.mods.bootstraplauncher.BootstrapLauncher.main(BootstrapLauncher.java:69) [bootstraplauncher-2.0.2.jar:?]
	at java.base/jdk.internal.reflect.DirectMethodHandleAccessor.invoke(DirectMethodHandleAccessor.java:103) ~[?:?]
	at java.base/java.lang.reflect.Method.invoke(Method.java:580) ~[?:?]
	at net.neoforged.devlaunch.Main.main(Main.java:57) [DevLaunch-1.0.2.jar:?]
[24Sep2026 21:09:57.147] [Render thread/ERROR] [net.minecraft.world.item.crafting.RecipeManager/]: Parsing error loading recipe malum:malum/spirit_repair/undergarden/utherium
com.google.gson.JsonParseException: Unknown registry key in ResourceKey[minecraft:root / malum:spirit_types]: minecraft:infernal; Unknown registry key in ResourceKey[minecraft:root / malum:spirit_types]: minecraft:arcane; No key validItems in MapLike[{"type":"malum:spirit_repair","durabilityPercentage":0.5,"inputs":[],"repairMaterial":{"item":"undergarden:utherium_crystal","count":2},"spirits":[{"type":"arcane","count":12},{"type":"infernal","count":12}],"regex":{"itemIdRegex":"utherium_.+","modIdRegex":"undergarden"}}]
	at MC-BOOTSTRAP/datafixerupper@8.0.16/com.mojang.serialization.DataResult$Error.getOrThrow(DataResult.java:287) ~[datafixerupper-8.0.16.jar%23107!/:?]
	at TRANSFORMER/minecraft@1.21.1/net.minecraft.world.item.crafting.RecipeManager.apply(RecipeManager.java:60) ~[neoforge-21.1.248.jar%23177!/:?]
	at TRANSFORMER/minecraft@1.21.1/net.minecraft.world.item.crafting.RecipeManager.apply(RecipeManager.java:36) ~[neoforge-21.1.248.jar%23177!/:?]
	at TRANSFORMER/minecraft@1.21.1/net.minecraft.server.packs.resources.SimplePreparableReloadListener.lambda$reload$1(SimplePreparableReloadListener.java:19) ~[neoforge-21.1.248.jar%23177!/:?]
	at java.base/java.util.concurrent.CompletableFuture$UniAccept.tryFire(CompletableFuture.java:718) ~[?:?]
	at java.base/java.util.concurrent.CompletableFuture$Completion.run(CompletableFuture.java:482) ~[?:?]
	at TRANSFORMER/minecraft@1.21.1/net.minecraft.server.packs.resources.SimpleReloadInstance.lambda$new$3(SimpleReloadInstance.java:86) ~[neoforge-21.1.248.jar%23177!/:?]
	at TRANSFORMER/minecraft@1.21.1/net.minecraft.util.thread.BlockableEventLoop.doRunTask(BlockableEventLoop.java:151) ~[neoforge-21.1.248.jar%23177!/:?]
	at TRANSFORMER/minecraft@1.21.1/net.minecraft.util.thread.ReentrantBlockableEventLoop.doRunTask(ReentrantBlockableEventLoop.java:24) ~[neoforge-21.1.248.jar%23177!/:?]
	at TRANSFORMER/minecraft@1.21.1/net.minecraft.util.thread.BlockableEventLoop.pollTask(BlockableEventLoop.java:122) ~[neoforge-21.1.248.jar%23177!/:?]
	at TRANSFORMER/minecraft@1.21.1/net.minecraft.util.thread.BlockableEventLoop.managedBlock(BlockableEventLoop.java:135) ~[neoforge-21.1.248.jar%23177!/:?]
	at TRANSFORMER/minecraft@1.21.1/net.minecraft.client.gui.screens.worldselection.WorldOpenFlows.loadWorldDataBlocking(WorldOpenFlows.java:201) ~[neoforge-21.1.248.jar%23177!/:?]
	at TRANSFORMER/minecraft@1.21.1/net.minecraft.client.gui.screens.worldselection.WorldOpenFlows.loadWorldStem(WorldOpenFlows.java:142) ~[neoforge-21.1.248.jar%23177!/:?]
	at TRANSFORMER/minecraft@1.21.1/net.minecraft.client.gui.screens.worldselection.WorldOpenFlows.openWorldLoadLevelStem(WorldOpenFlows.java:346) ~[neoforge-21.1.248.jar%23177!/:?]
	at TRANSFORMER/minecraft@1.21.1/net.minecraft.client.gui.screens.worldselection.WorldOpenFlows.openWorldCheckVersionCompatibility(WorldOpenFlows.java:335) ~[neoforge-21.1.248.jar%23177!/:?]
	at TRANSFORMER/minecraft@1.21.1/net.minecraft.client.gui.screens.worldselection.WorldOpenFlows.openWorldLoadLevelData(WorldOpenFlows.java:297) ~[neoforge-21.1.248.jar%23177!/:?]
	at TRANSFORMER/minecraft@1.21.1/net.minecraft.client.gui.screens.worldselection.WorldOpenFlows.openWorld(WorldOpenFlows.java:261) ~[neoforge-21.1.248.jar%23177!/:?]
	at TRANSFORMER/minecraft@1.21.1/net.minecraft.client.gui.screens.worldselection.WorldSelectionList$WorldListEntry.joinWorld(WorldSelectionList.java:516) ~[neoforge-21.1.248.jar%23177!/:?]
	at TRANSFORMER/minecraft@1.21.1/net.minecraft.client.gui.screens.worldselection.WorldSelectionList$WorldListEntry.mouseClicked(WorldSelectionList.java:499) ~[neoforge-21.1.248.jar%23177!/:?]
	at TRANSFORMER/minecraft@1.21.1/net.minecraft.client.gui.components.AbstractSelectionList.mouseClicked(AbstractSelectionList.java:303) ~[neoforge-21.1.248.jar%23177!/:?]
	at TRANSFORMER/minecraft@1.21.1/net.minecraft.client.gui.components.events.ContainerEventHandler.mouseClicked(ContainerEventHandler.java:52) ~[neoforge-21.1.248.jar%23177!/:?]
	at TRANSFORMER/minecraft@1.21.1/net.minecraft.client.MouseHandler.lambda$onPress$0(MouseHandler.java:103) ~[neoforge-21.1.248.jar%23177!/:?]
	at TRANSFORMER/minecraft@1.21.1/net.minecraft.client.gui.screens.Screen.wrapScreenError(Screen.java:471) ~[neoforge-21.1.248.jar%23177!/:?]
	at TRANSFORMER/minecraft@1.21.1/net.minecraft.client.MouseHandler.onPress(MouseHandler.java:100) ~[neoforge-21.1.248.jar%23177!/:?]
	at TRANSFORMER/minecraft@1.21.1/net.minecraft.client.MouseHandler.lambda$setup$4(MouseHandler.java:212) ~[neoforge-21.1.248.jar%23177!/:?]
	at TRANSFORMER/minecraft@1.21.1/net.minecraft.util.thread.BlockableEventLoop.execute(BlockableEventLoop.java:98) ~[neoforge-21.1.248.jar%23177!/:?]
	at TRANSFORMER/minecraft@1.21.1/net.minecraft.client.MouseHandler.lambda$setup$5(MouseHandler.java:212) ~[neoforge-21.1.248.jar%23177!/:?]
	at MC-BOOTSTRAP/org.lwjgl.glfw@3.3.3+5/org.lwjgl.glfw.GLFWMouseButtonCallbackI.callback(GLFWMouseButtonCallbackI.java:43) ~[lwjgl-glfw-3.3.3.jar%23160!/:build 5]
	at MC-BOOTSTRAP/org.lwjgl@3.3.3+5/org.lwjgl.system.JNI.invokeV(Native Method) ~[lwjgl-3.3.3.jar%23172!/:build 5]
	at MC-BOOTSTRAP/org.lwjgl.glfw@3.3.3+5/org.lwjgl.glfw.GLFW.glfwWaitEventsTimeout(GLFW.java:3509) ~[lwjgl-glfw-3.3.3.jar%23160!/:build 5]
	at TRANSFORMER/minecraft@1.21.1/com.mojang.blaze3d.systems.RenderSystem.limitDisplayFPS(RenderSystem.java:162) ~[neoforge-21.1.248.jar%23177!/:?]
	at TRANSFORMER/minecraft@1.21.1/net.minecraft.client.Minecraft.runTick(Minecraft.java:1226) ~[neoforge-21.1.248.jar%23177!/:?]
	at TRANSFORMER/minecraft@1.21.1/net.minecraft.client.Minecraft.run(Minecraft.java:813) ~[neoforge-21.1.248.jar%23177!/:?]
	at TRANSFORMER/minecraft@1.21.1/net.minecraft.client.main.Main.main(Main.java:230) ~[neoforge-21.1.248.jar%23177!/:?]
	at java.base/jdk.internal.reflect.DirectMethodHandleAccessor.invoke(DirectMethodHandleAccessor.java:103) ~[?:?]
	at java.base/java.lang.reflect.Method.invoke(Method.java:580) ~[?:?]
	at MC-BOOTSTRAP/fml_loader@4.0.43/net.neoforged.fml.loading.targets.CommonLaunchHandler.runTarget(CommonLaunchHandler.java:136) ~[loader-4.0.43.jar%23134!/:4.0]
	at MC-BOOTSTRAP/fml_loader@4.0.43/net.neoforged.fml.loading.targets.CommonLaunchHandler.clientService(CommonLaunchHandler.java:124) ~[loader-4.0.43.jar%23134!/:4.0]
	at MC-BOOTSTRAP/fml_loader@4.0.43/net.neoforged.fml.loading.targets.NeoForgeClientDevLaunchHandler.runService(NeoForgeClientDevLaunchHandler.java:23) ~[loader-4.0.43.jar%23134!/:4.0]
	at MC-BOOTSTRAP/fml_loader@4.0.43/net.neoforged.fml.loading.targets.CommonLaunchHandler.lambda$launchService$4(CommonLaunchHandler.java:118) ~[loader-4.0.43.jar%23134!/:4.0]
	at MC-BOOTSTRAP/cpw.mods.modlauncher@11.0.5/cpw.mods.modlauncher.LaunchServiceHandlerDecorator.launch(LaunchServiceHandlerDecorator.java:30) [modlauncher-11.0.5.jar%23114!/:?]
	at MC-BOOTSTRAP/cpw.mods.modlauncher@11.0.5/cpw.mods.modlauncher.LaunchServiceHandler.launch(LaunchServiceHandler.java:53) [modlauncher-11.0.5.jar%23114!/:?]
	at MC-BOOTSTRAP/cpw.mods.modlauncher@11.0.5/cpw.mods.modlauncher.LaunchServiceHandler.launch(LaunchServiceHandler.java:71) [modlauncher-11.0.5.jar%23114!/:?]
	at MC-BOOTSTRAP/cpw.mods.modlauncher@11.0.5/cpw.mods.modlauncher.Launcher.run(Launcher.java:103) [modlauncher-11.0.5.jar%23114!/:?]
	at MC-BOOTSTRAP/cpw.mods.modlauncher@11.0.5/cpw.mods.modlauncher.Launcher.main(Launcher.java:74) [modlauncher-11.0.5.jar%23114!/:?]
	at MC-BOOTSTRAP/cpw.mods.modlauncher@11.0.5/cpw.mods.modlauncher.BootstrapLaunchConsumer.accept(BootstrapLaunchConsumer.java:26) [modlauncher-11.0.5.jar%23114!/:?]
	at MC-BOOTSTRAP/cpw.mods.modlauncher@11.0.5/cpw.mods.modlauncher.BootstrapLaunchConsumer.accept(BootstrapLaunchConsumer.java:23) [modlauncher-11.0.5.jar%23114!/:?]
	at cpw.mods.bootstraplauncher@2.0.2/cpw.mods.bootstraplauncher.BootstrapLauncher.run(BootstrapLauncher.java:210) [bootstraplauncher-2.0.2.jar:?]
	at cpw.mods.bootstraplauncher@2.0.2/cpw.mods.bootstraplauncher.BootstrapLauncher.main(BootstrapLauncher.java:69) [bootstraplauncher-2.0.2.jar:?]
	at java.base/jdk.internal.reflect.DirectMethodHandleAccessor.invoke(DirectMethodHandleAccessor.java:103) ~[?:?]
	at java.base/java.lang.reflect.Method.invoke(Method.java:580) ~[?:?]
	at net.neoforged.devlaunch.Main.main(Main.java:57) [DevLaunch-1.0.2.jar:?]
[24Sep2026 21:09:57.198] [Render thread/ERROR] [net.minecraft.world.item.crafting.RecipeManager/]: Parsing error loading recipe malum:malum/spirit_repair/botania/elementium
com.google.gson.JsonParseException: Unknown registry key in ResourceKey[minecraft:root / malum:spirit_types]: minecraft:arcane
	at MC-BOOTSTRAP/datafixerupper@8.0.16/com.mojang.serialization.DataResult$Error.getOrThrow(DataResult.java:287) ~[datafixerupper-8.0.16.jar%23107!/:?]
	at TRANSFORMER/minecraft@1.21.1/net.minecraft.world.item.crafting.RecipeManager.apply(RecipeManager.java:60) ~[neoforge-21.1.248.jar%23177!/:?]
	at TRANSFORMER/minecraft@1.21.1/net.minecraft.world.item.crafting.RecipeManager.apply(RecipeManager.java:36) ~[neoforge-21.1.248.jar%23177!/:?]
	at TRANSFORMER/minecraft@1.21.1/net.minecraft.server.packs.resources.SimplePreparableReloadListener.lambda$reload$1(SimplePreparableReloadListener.java:19) ~[neoforge-21.1.248.jar%23177!/:?]
	at java.base/java.util.concurrent.CompletableFuture$UniAccept.tryFire(CompletableFuture.java:718) ~[?:?]
	at java.base/java.util.concurrent.CompletableFuture$Completion.run(CompletableFuture.java:482) ~[?:?]
	at TRANSFORMER/minecraft@1.21.1/net.minecraft.server.packs.resources.SimpleReloadInstance.lambda$new$3(SimpleReloadInstance.java:86) ~[neoforge-21.1.248.jar%23177!/:?]
	at TRANSFORMER/minecraft@1.21.1/net.minecraft.util.thread.BlockableEventLoop.doRunTask(BlockableEventLoop.java:151) ~[neoforge-21.1.248.jar%23177!/:?]
	at TRANSFORMER/minecraft@1.21.1/net.minecraft.util.thread.ReentrantBlockableEventLoop.doRunTask(ReentrantBlockableEventLoop.java:24) ~[neoforge-21.1.248.jar%23177!/:?]
	at TRANSFORMER/minecraft@1.21.1/net.minecraft.util.thread.BlockableEventLoop.pollTask(BlockableEventLoop.java:122) ~[neoforge-21.1.248.jar%23177!/:?]
	at TRANSFORMER/minecraft@1.21.1/net.minecraft.util.thread.BlockableEventLoop.managedBlock(BlockableEventLoop.java:135) ~[neoforge-21.1.248.jar%23177!/:?]
	at TRANSFORMER/minecraft@1.21.1/net.minecraft.client.gui.screens.worldselection.WorldOpenFlows.loadWorldDataBlocking(WorldOpenFlows.java:201) ~[neoforge-21.1.248.jar%23177!/:?]
	at TRANSFORMER/minecraft@1.21.1/net.minecraft.client.gui.screens.worldselection.WorldOpenFlows.loadWorldStem(WorldOpenFlows.java:142) ~[neoforge-21.1.248.jar%23177!/:?]
	at TRANSFORMER/minecraft@1.21.1/net.minecraft.client.gui.screens.worldselection.WorldOpenFlows.openWorldLoadLevelStem(WorldOpenFlows.java:346) ~[neoforge-21.1.248.jar%23177!/:?]
	at TRANSFORMER/minecraft@1.21.1/net.minecraft.client.gui.screens.worldselection.WorldOpenFlows.openWorldCheckVersionCompatibility(WorldOpenFlows.java:335) ~[neoforge-21.1.248.jar%23177!/:?]
	at TRANSFORMER/minecraft@1.21.1/net.minecraft.client.gui.screens.worldselection.WorldOpenFlows.openWorldLoadLevelData(WorldOpenFlows.java:297) ~[neoforge-21.1.248.jar%23177!/:?]
	at TRANSFORMER/minecraft@1.21.1/net.minecraft.client.gui.screens.worldselection.WorldOpenFlows.openWorld(WorldOpenFlows.java:261) ~[neoforge-21.1.248.jar%23177!/:?]
	at TRANSFORMER/minecraft@1.21.1/net.minecraft.client.gui.screens.worldselection.WorldSelectionList$WorldListEntry.joinWorld(WorldSelectionList.java:516) ~[neoforge-21.1.248.jar%23177!/:?]
	at TRANSFORMER/minecraft@1.21.1/net.minecraft.client.gui.screens.worldselection.WorldSelectionList$WorldListEntry.mouseClicked(WorldSelectionList.java:499) ~[neoforge-21.1.248.jar%23177!/:?]
	at TRANSFORMER/minecraft@1.21.1/net.minecraft.client.gui.components.AbstractSelectionList.mouseClicked(AbstractSelectionList.java:303) ~[neoforge-21.1.248.jar%23177!/:?]
	at TRANSFORMER/minecraft@1.21.1/net.minecraft.client.gui.components.events.ContainerEventHandler.mouseClicked(ContainerEventHandler.java:52) ~[neoforge-21.1.248.jar%23177!/:?]
	at TRANSFORMER/minecraft@1.21.1/net.minecraft.client.MouseHandler.lambda$onPress$0(MouseHandler.java:103) ~[neoforge-21.1.248.jar%23177!/:?]
	at TRANSFORMER/minecraft@1.21.1/net.minecraft.client.gui.screens.Screen.wrapScreenError(Screen.java:471) ~[neoforge-21.1.248.jar%23177!/:?]
	at TRANSFORMER/minecraft@1.21.1/net.minecraft.client.MouseHandler.onPress(MouseHandler.java:100) ~[neoforge-21.1.248.jar%23177!/:?]
	at TRANSFORMER/minecraft@1.21.1/net.minecraft.client.MouseHandler.lambda$setup$4(MouseHandler.java:212) ~[neoforge-21.1.248.jar%23177!/:?]
	at TRANSFORMER/minecraft@1.21.1/net.minecraft.util.thread.BlockableEventLoop.execute(BlockableEventLoop.java:98) ~[neoforge-21.1.248.jar%23177!/:?]
	at TRANSFORMER/minecraft@1.21.1/net.minecraft.client.MouseHandler.lambda$setup$5(MouseHandler.java:212) ~[neoforge-21.1.248.jar%23177!/:?]
	at MC-BOOTSTRAP/org.lwjgl.glfw@3.3.3+5/org.lwjgl.glfw.GLFWMouseButtonCallbackI.callback(GLFWMouseButtonCallbackI.java:43) ~[lwjgl-glfw-3.3.3.jar%23160!/:build 5]
	at MC-BOOTSTRAP/org.lwjgl@3.3.3+5/org.lwjgl.system.JNI.invokeV(Native Method) ~[lwjgl-3.3.3.jar%23172!/:build 5]
	at MC-BOOTSTRAP/org.lwjgl.glfw@3.3.3+5/org.lwjgl.glfw.GLFW.glfwWaitEventsTimeout(GLFW.java:3509) ~[lwjgl-glfw-3.3.3.jar%23160!/:build 5]
	at TRANSFORMER/minecraft@1.21.1/com.mojang.blaze3d.systems.RenderSystem.limitDisplayFPS(RenderSystem.java:162) ~[neoforge-21.1.248.jar%23177!/:?]
	at TRANSFORMER/minecraft@1.21.1/net.minecraft.client.Minecraft.runTick(Minecraft.java:1226) ~[neoforge-21.1.248.jar%23177!/:?]
	at TRANSFORMER/minecraft@1.21.1/net.minecraft.client.Minecraft.run(Minecraft.java:813) ~[neoforge-21.1.248.jar%23177!/:?]
	at TRANSFORMER/minecraft@1.21.1/net.minecraft.client.main.Main.main(Main.java:230) ~[neoforge-21.1.248.jar%23177!/:?]
	at java.base/jdk.internal.reflect.DirectMethodHandleAccessor.invoke(DirectMethodHandleAccessor.java:103) ~[?:?]
	at java.base/java.lang.reflect.Method.invoke(Method.java:580) ~[?:?]
	at MC-BOOTSTRAP/fml_loader@4.0.43/net.neoforged.fml.loading.targets.CommonLaunchHandler.runTarget(CommonLaunchHandler.java:136) ~[loader-4.0.43.jar%23134!/:4.0]
	at MC-BOOTSTRAP/fml_loader@4.0.43/net.neoforged.fml.loading.targets.CommonLaunchHandler.clientService(CommonLaunchHandler.java:124) ~[loader-4.0.43.jar%23134!/:4.0]
	at MC-BOOTSTRAP/fml_loader@4.0.43/net.neoforged.fml.loading.targets.NeoForgeClientDevLaunchHandler.runService(NeoForgeClientDevLaunchHandler.java:23) ~[loader-4.0.43.jar%23134!/:4.0]
	at MC-BOOTSTRAP/fml_loader@4.0.43/net.neoforged.fml.loading.targets.CommonLaunchHandler.lambda$launchService$4(CommonLaunchHandler.java:118) ~[loader-4.0.43.jar%23134!/:4.0]
	at MC-BOOTSTRAP/cpw.mods.modlauncher@11.0.5/cpw.mods.modlauncher.LaunchServiceHandlerDecorator.launch(LaunchServiceHandlerDecorator.java:30) [modlauncher-11.0.5.jar%23114!/:?]
	at MC-BOOTSTRAP/cpw.mods.modlauncher@11.0.5/cpw.mods.modlauncher.LaunchServiceHandler.launch(LaunchServiceHandler.java:53) [modlauncher-11.0.5.jar%23114!/:?]
	at MC-BOOTSTRAP/cpw.mods.modlauncher@11.0.5/cpw.mods.modlauncher.LaunchServiceHandler.launch(LaunchServiceHandler.java:71) [modlauncher-11.0.5.jar%23114!/:?]
	at MC-BOOTSTRAP/cpw.mods.modlauncher@11.0.5/cpw.mods.modlauncher.Launcher.run(Launcher.java:103) [modlauncher-11.0.5.jar%23114!/:?]
	at MC-BOOTSTRAP/cpw.mods.modlauncher@11.0.5/cpw.mods.modlauncher.Launcher.main(Launcher.java:74) [modlauncher-11.0.5.jar%23114!/:?]
	at MC-BOOTSTRAP/cpw.mods.modlauncher@11.0.5/cpw.mods.modlauncher.BootstrapLaunchConsumer.accept(BootstrapLaunchConsumer.java:26) [modlauncher-11.0.5.jar%23114!/:?]
	at MC-BOOTSTRAP/cpw.mods.modlauncher@11.0.5/cpw.mods.modlauncher.BootstrapLaunchConsumer.accept(BootstrapLaunchConsumer.java:23) [modlauncher-11.0.5.jar%23114!/:?]
	at cpw.mods.bootstraplauncher@2.0.2/cpw.mods.bootstraplauncher.BootstrapLauncher.run(BootstrapLauncher.java:210) [bootstraplauncher-2.0.2.jar:?]
	at cpw.mods.bootstraplauncher@2.0.2/cpw.mods.bootstraplauncher.BootstrapLauncher.main(BootstrapLauncher.java:69) [bootstraplauncher-2.0.2.jar:?]
	at java.base/jdk.internal.reflect.DirectMethodHandleAccessor.invoke(DirectMethodHandleAccessor.java:103) ~[?:?]
	at java.base/java.lang.reflect.Method.invoke(Method.java:580) ~[?:?]
	at net.neoforged.devlaunch.Main.main(Main.java:57) [DevLaunch-1.0.2.jar:?]
[24Sep2026 21:09:57.243] [Render thread/ERROR] [net.minecraft.world.item.crafting.RecipeManager/]: Parsing error loading recipe malum:malum/spirit_repair/occultism/white_chalk
com.google.gson.JsonParseException: No key validItems in MapLike[{"type":"malum:spirit_repair","durabilityPercentage":1,"repairMaterial":{"count":1,"item":"occultism:burnt_otherstone"},"spirits":[{"type":"malum:arcane","count":8}],"inputs":["occultism:chalk_white"]}]
	at MC-BOOTSTRAP/datafixerupper@8.0.16/com.mojang.serialization.DataResult$Error.getOrThrow(DataResult.java:287) ~[datafixerupper-8.0.16.jar%23107!/:?]
	at TRANSFORMER/minecraft@1.21.1/net.minecraft.world.item.crafting.RecipeManager.apply(RecipeManager.java:60) ~[neoforge-21.1.248.jar%23177!/:?]
	at TRANSFORMER/minecraft@1.21.1/net.minecraft.world.item.crafting.RecipeManager.apply(RecipeManager.java:36) ~[neoforge-21.1.248.jar%23177!/:?]
	at TRANSFORMER/minecraft@1.21.1/net.minecraft.server.packs.resources.SimplePreparableReloadListener.lambda$reload$1(SimplePreparableReloadListener.java:19) ~[neoforge-21.1.248.jar%23177!/:?]
	at java.base/java.util.concurrent.CompletableFuture$UniAccept.tryFire(CompletableFuture.java:718) ~[?:?]
	at java.base/java.util.concurrent.CompletableFuture$Completion.run(CompletableFuture.java:482) ~[?:?]
	at TRANSFORMER/minecraft@1.21.1/net.minecraft.server.packs.resources.SimpleReloadInstance.lambda$new$3(SimpleReloadInstance.java:86) ~[neoforge-21.1.248.jar%23177!/:?]
	at TRANSFORMER/minecraft@1.21.1/net.minecraft.util.thread.BlockableEventLoop.doRunTask(BlockableEventLoop.java:151) ~[neoforge-21.1.248.jar%23177!/:?]
	at TRANSFORMER/minecraft@1.21.1/net.minecraft.util.thread.ReentrantBlockableEventLoop.doRunTask(ReentrantBlockableEventLoop.java:24) ~[neoforge-21.1.248.jar%23177!/:?]
	at TRANSFORMER/minecraft@1.21.1/net.minecraft.util.thread.BlockableEventLoop.pollTask(BlockableEventLoop.java:122) ~[neoforge-21.1.248.jar%23177!/:?]
	at TRANSFORMER/minecraft@1.21.1/net.minecraft.util.thread.BlockableEventLoop.managedBlock(BlockableEventLoop.java:135) ~[neoforge-21.1.248.jar%23177!/:?]
	at TRANSFORMER/minecraft@1.21.1/net.minecraft.client.gui.screens.worldselection.WorldOpenFlows.loadWorldDataBlocking(WorldOpenFlows.java:201) ~[neoforge-21.1.248.jar%23177!/:?]
	at TRANSFORMER/minecraft@1.21.1/net.minecraft.client.gui.screens.worldselection.WorldOpenFlows.loadWorldStem(WorldOpenFlows.java:142) ~[neoforge-21.1.248.jar%23177!/:?]
	at TRANSFORMER/minecraft@1.21.1/net.minecraft.client.gui.screens.worldselection.WorldOpenFlows.openWorldLoadLevelStem(WorldOpenFlows.java:346) ~[neoforge-21.1.248.jar%23177!/:?]
	at TRANSFORMER/minecraft@1.21.1/net.minecraft.client.gui.screens.worldselection.WorldOpenFlows.openWorldCheckVersionCompatibility(WorldOpenFlows.java:335) ~[neoforge-21.1.248.jar%23177!/:?]
	at TRANSFORMER/minecraft@1.21.1/net.minecraft.client.gui.screens.worldselection.WorldOpenFlows.openWorldLoadLevelData(WorldOpenFlows.java:297) ~[neoforge-21.1.248.jar%23177!/:?]
	at TRANSFORMER/minecraft@1.21.1/net.minecraft.client.gui.screens.worldselection.WorldOpenFlows.openWorld(WorldOpenFlows.java:261) ~[neoforge-21.1.248.jar%23177!/:?]
	at TRANSFORMER/minecraft@1.21.1/net.minecraft.client.gui.screens.worldselection.WorldSelectionList$WorldListEntry.joinWorld(WorldSelectionList.java:516) ~[neoforge-21.1.248.jar%23177!/:?]
	at TRANSFORMER/minecraft@1.21.1/net.minecraft.client.gui.screens.worldselection.WorldSelectionList$WorldListEntry.mouseClicked(WorldSelectionList.java:499) ~[neoforge-21.1.248.jar%23177!/:?]
	at TRANSFORMER/minecraft@1.21.1/net.minecraft.client.gui.components.AbstractSelectionList.mouseClicked(AbstractSelectionList.java:303) ~[neoforge-21.1.248.jar%23177!/:?]
	at TRANSFORMER/minecraft@1.21.1/net.minecraft.client.gui.components.events.ContainerEventHandler.mouseClicked(ContainerEventHandler.java:52) ~[neoforge-21.1.248.jar%23177!/:?]
	at TRANSFORMER/minecraft@1.21.1/net.minecraft.client.MouseHandler.lambda$onPress$0(MouseHandler.java:103) ~[neoforge-21.1.248.jar%23177!/:?]
	at TRANSFORMER/minecraft@1.21.1/net.minecraft.client.gui.screens.Screen.wrapScreenError(Screen.java:471) ~[neoforge-21.1.248.jar%23177!/:?]
	at TRANSFORMER/minecraft@1.21.1/net.minecraft.client.MouseHandler.onPress(MouseHandler.java:100) ~[neoforge-21.1.248.jar%23177!/:?]
	at TRANSFORMER/minecraft@1.21.1/net.minecraft.client.MouseHandler.lambda$setup$4(MouseHandler.java:212) ~[neoforge-21.1.248.jar%23177!/:?]
	at TRANSFORMER/minecraft@1.21.1/net.minecraft.util.thread.BlockableEventLoop.execute(BlockableEventLoop.java:98) ~[neoforge-21.1.248.jar%23177!/:?]
	at TRANSFORMER/minecraft@1.21.1/net.minecraft.client.MouseHandler.lambda$setup$5(MouseHandler.java:212) ~[neoforge-21.1.248.jar%23177!/:?]
	at MC-BOOTSTRAP/org.lwjgl.glfw@3.3.3+5/org.lwjgl.glfw.GLFWMouseButtonCallbackI.callback(GLFWMouseButtonCallbackI.java:43) ~[lwjgl-glfw-3.3.3.jar%23160!/:build 5]
	at MC-BOOTSTRAP/org.lwjgl@3.3.3+5/org.lwjgl.system.JNI.invokeV(Native Method) ~[lwjgl-3.3.3.jar%23172!/:build 5]
	at MC-BOOTSTRAP/org.lwjgl.glfw@3.3.3+5/org.lwjgl.glfw.GLFW.glfwWaitEventsTimeout(GLFW.java:3509) ~[lwjgl-glfw-3.3.3.jar%23160!/:build 5]
	at TRANSFORMER/minecraft@1.21.1/com.mojang.blaze3d.systems.RenderSystem.limitDisplayFPS(RenderSystem.java:162) ~[neoforge-21.1.248.jar%23177!/:?]
	at TRANSFORMER/minecraft@1.21.1/net.minecraft.client.Minecraft.runTick(Minecraft.java:1226) ~[neoforge-21.1.248.jar%23177!/:?]
	at TRANSFORMER/minecraft@1.21.1/net.minecraft.client.Minecraft.run(Minecraft.java:813) ~[neoforge-21.1.248.jar%23177!/:?]
	at TRANSFORMER/minecraft@1.21.1/net.minecraft.client.main.Main.main(Main.java:230) ~[neoforge-21.1.248.jar%23177!/:?]
	at java.base/jdk.internal.reflect.DirectMethodHandleAccessor.invoke(DirectMethodHandleAccessor.java:103) ~[?:?]
	at java.base/java.lang.reflect.Method.invoke(Method.java:580) ~[?:?]
	at MC-BOOTSTRAP/fml_loader@4.0.43/net.neoforged.fml.loading.targets.CommonLaunchHandler.runTarget(CommonLaunchHandler.java:136) ~[loader-4.0.43.jar%23134!/:4.0]
	at MC-BOOTSTRAP/fml_loader@4.0.43/net.neoforged.fml.loading.targets.CommonLaunchHandler.clientService(CommonLaunchHandler.java:124) ~[loader-4.0.43.jar%23134!/:4.0]
	at MC-BOOTSTRAP/fml_loader@4.0.43/net.neoforged.fml.loading.targets.NeoForgeClientDevLaunchHandler.runService(NeoForgeClientDevLaunchHandler.java:23) ~[loader-4.0.43.jar%23134!/:4.0]
	at MC-BOOTSTRAP/fml_loader@4.0.43/net.neoforged.fml.loading.targets.CommonLaunchHandler.lambda$launchService$4(CommonLaunchHandler.java:118) ~[loader-4.0.43.jar%23134!/:4.0]
	at MC-BOOTSTRAP/cpw.mods.modlauncher@11.0.5/cpw.mods.modlauncher.LaunchServiceHandlerDecorator.launch(LaunchServiceHandlerDecorator.java:30) [modlauncher-11.0.5.jar%23114!/:?]
	at MC-BOOTSTRAP/cpw.mods.modlauncher@11.0.5/cpw.mods.modlauncher.LaunchServiceHandler.launch(LaunchServiceHandler.java:53) [modlauncher-11.0.5.jar%23114!/:?]
	at MC-BOOTSTRAP/cpw.mods.modlauncher@11.0.5/cpw.mods.modlauncher.LaunchServiceHandler.launch(LaunchServiceHandler.java:71) [modlauncher-11.0.5.jar%23114!/:?]
	at MC-BOOTSTRAP/cpw.mods.modlauncher@11.0.5/cpw.mods.modlauncher.Launcher.run(Launcher.java:103) [modlauncher-11.0.5.jar%23114!/:?]
	at MC-BOOTSTRAP/cpw.mods.modlauncher@11.0.5/cpw.mods.modlauncher.Launcher.main(Launcher.java:74) [modlauncher-11.0.5.jar%23114!/:?]
	at MC-BOOTSTRAP/cpw.mods.modlauncher@11.0.5/cpw.mods.modlauncher.BootstrapLaunchConsumer.accept(BootstrapLaunchConsumer.java:26) [modlauncher-11.0.5.jar%23114!/:?]
	at MC-BOOTSTRAP/cpw.mods.modlauncher@11.0.5/cpw.mods.modlauncher.BootstrapLaunchConsumer.accept(BootstrapLaunchConsumer.java:23) [modlauncher-11.0.5.jar%23114!/:?]
	at cpw.mods.bootstraplauncher@2.0.2/cpw.mods.bootstraplauncher.BootstrapLauncher.run(BootstrapLauncher.java:210) [bootstraplauncher-2.0.2.jar:?]
	at cpw.mods.bootstraplauncher@2.0.2/cpw.mods.bootstraplauncher.BootstrapLauncher.main(BootstrapLauncher.java:69) [bootstraplauncher-2.0.2.jar:?]
	at java.base/jdk.internal.reflect.DirectMethodHandleAccessor.invoke(DirectMethodHandleAccessor.java:103) ~[?:?]
	at java.base/java.lang.reflect.Method.invoke(Method.java:580) ~[?:?]
	at net.neoforged.devlaunch.Main.main(Main.java:57) [DevLaunch-1.0.2.jar:?]
[24Sep2026 21:09:57.322] [Render thread/ERROR] [net.minecraft.world.item.crafting.RecipeManager/]: Parsing error loading recipe malum:malum/spirit_repair/undergarden/cloggrum
com.google.gson.JsonParseException: Unknown registry key in ResourceKey[minecraft:root / malum:spirit_types]: minecraft:earthen; No key validItems in MapLike[{"type":"malum:spirit_repair","durabilityPercentage":0.5,"repairMaterial":{"item":"undergarden:cloggrum_ingot","count":2},"spirits":[{"type":"earthen","count":12}],"regex":{"itemIdRegex":"cloggrum_.+","modIdRegex":"undergarden"}}]
	at MC-BOOTSTRAP/datafixerupper@8.0.16/com.mojang.serialization.DataResult$Error.getOrThrow(DataResult.java:287) ~[datafixerupper-8.0.16.jar%23107!/:?]
	at TRANSFORMER/minecraft@1.21.1/net.minecraft.world.item.crafting.RecipeManager.apply(RecipeManager.java:60) ~[neoforge-21.1.248.jar%23177!/:?]
	at TRANSFORMER/minecraft@1.21.1/net.minecraft.world.item.crafting.RecipeManager.apply(RecipeManager.java:36) ~[neoforge-21.1.248.jar%23177!/:?]
	at TRANSFORMER/minecraft@1.21.1/net.minecraft.server.packs.resources.SimplePreparableReloadListener.lambda$reload$1(SimplePreparableReloadListener.java:19) ~[neoforge-21.1.248.jar%23177!/:?]
	at java.base/java.util.concurrent.CompletableFuture$UniAccept.tryFire(CompletableFuture.java:718) ~[?:?]
	at java.base/java.util.concurrent.CompletableFuture$Completion.run(CompletableFuture.java:482) ~[?:?]
	at TRANSFORMER/minecraft@1.21.1/net.minecraft.server.packs.resources.SimpleReloadInstance.lambda$new$3(SimpleReloadInstance.java:86) ~[neoforge-21.1.248.jar%23177!/:?]
	at TRANSFORMER/minecraft@1.21.1/net.minecraft.util.thread.BlockableEventLoop.doRunTask(BlockableEventLoop.java:151) ~[neoforge-21.1.248.jar%23177!/:?]
	at TRANSFORMER/minecraft@1.21.1/net.minecraft.util.thread.ReentrantBlockableEventLoop.doRunTask(ReentrantBlockableEventLoop.java:24) ~[neoforge-21.1.248.jar%23177!/:?]
	at TRANSFORMER/minecraft@1.21.1/net.minecraft.util.thread.BlockableEventLoop.pollTask(BlockableEventLoop.java:122) ~[neoforge-21.1.248.jar%23177!/:?]
	at TRANSFORMER/minecraft@1.21.1/net.minecraft.util.thread.BlockableEventLoop.managedBlock(BlockableEventLoop.java:135) ~[neoforge-21.1.248.jar%23177!/:?]
	at TRANSFORMER/minecraft@1.21.1/net.minecraft.client.gui.screens.worldselection.WorldOpenFlows.loadWorldDataBlocking(WorldOpenFlows.java:201) ~[neoforge-21.1.248.jar%23177!/:?]
	at TRANSFORMER/minecraft@1.21.1/net.minecraft.client.gui.screens.worldselection.WorldOpenFlows.loadWorldStem(WorldOpenFlows.java:142) ~[neoforge-21.1.248.jar%23177!/:?]
	at TRANSFORMER/minecraft@1.21.1/net.minecraft.client.gui.screens.worldselection.WorldOpenFlows.openWorldLoadLevelStem(WorldOpenFlows.java:346) ~[neoforge-21.1.248.jar%23177!/:?]
	at TRANSFORMER/minecraft@1.21.1/net.minecraft.client.gui.screens.worldselection.WorldOpenFlows.openWorldCheckVersionCompatibility(WorldOpenFlows.java:335) ~[neoforge-21.1.248.jar%23177!/:?]
	at TRANSFORMER/minecraft@1.21.1/net.minecraft.client.gui.screens.worldselection.WorldOpenFlows.openWorldLoadLevelData(WorldOpenFlows.java:297) ~[neoforge-21.1.248.jar%23177!/:?]
	at TRANSFORMER/minecraft@1.21.1/net.minecraft.client.gui.screens.worldselection.WorldOpenFlows.openWorld(WorldOpenFlows.java:261) ~[neoforge-21.1.248.jar%23177!/:?]
	at TRANSFORMER/minecraft@1.21.1/net.minecraft.client.gui.screens.worldselection.WorldSelectionList$WorldListEntry.joinWorld(WorldSelectionList.java:516) ~[neoforge-21.1.248.jar%23177!/:?]
	at TRANSFORMER/minecraft@1.21.1/net.minecraft.client.gui.screens.worldselection.WorldSelectionList$WorldListEntry.mouseClicked(WorldSelectionList.java:499) ~[neoforge-21.1.248.jar%23177!/:?]
	at TRANSFORMER/minecraft@1.21.1/net.minecraft.client.gui.components.AbstractSelectionList.mouseClicked(AbstractSelectionList.java:303) ~[neoforge-21.1.248.jar%23177!/:?]
	at TRANSFORMER/minecraft@1.21.1/net.minecraft.client.gui.components.events.ContainerEventHandler.mouseClicked(ContainerEventHandler.java:52) ~[neoforge-21.1.248.jar%23177!/:?]
	at TRANSFORMER/minecraft@1.21.1/net.minecraft.client.MouseHandler.lambda$onPress$0(MouseHandler.java:103) ~[neoforge-21.1.248.jar%23177!/:?]
	at TRANSFORMER/minecraft@1.21.1/net.minecraft.client.gui.screens.Screen.wrapScreenError(Screen.java:471) ~[neoforge-21.1.248.jar%23177!/:?]
	at TRANSFORMER/minecraft@1.21.1/net.minecraft.client.MouseHandler.onPress(MouseHandler.java:100) ~[neoforge-21.1.248.jar%23177!/:?]
	at TRANSFORMER/minecraft@1.21.1/net.minecraft.client.MouseHandler.lambda$setup$4(MouseHandler.java:212) ~[neoforge-21.1.248.jar%23177!/:?]
	at TRANSFORMER/minecraft@1.21.1/net.minecraft.util.thread.BlockableEventLoop.execute(BlockableEventLoop.java:98) ~[neoforge-21.1.248.jar%23177!/:?]
	at TRANSFORMER/minecraft@1.21.1/net.minecraft.client.MouseHandler.lambda$setup$5(MouseHandler.java:212) ~[neoforge-21.1.248.jar%23177!/:?]
	at MC-BOOTSTRAP/org.lwjgl.glfw@3.3.3+5/org.lwjgl.glfw.GLFWMouseButtonCallbackI.callback(GLFWMouseButtonCallbackI.java:43) ~[lwjgl-glfw-3.3.3.jar%23160!/:build 5]
	at MC-BOOTSTRAP/org.lwjgl@3.3.3+5/org.lwjgl.system.JNI.invokeV(Native Method) ~[lwjgl-3.3.3.jar%23172!/:build 5]
	at MC-BOOTSTRAP/org.lwjgl.glfw@3.3.3+5/org.lwjgl.glfw.GLFW.glfwWaitEventsTimeout(GLFW.java:3509) ~[lwjgl-glfw-3.3.3.jar%23160!/:build 5]
	at TRANSFORMER/minecraft@1.21.1/com.mojang.blaze3d.systems.RenderSystem.limitDisplayFPS(RenderSystem.java:162) ~[neoforge-21.1.248.jar%23177!/:?]
	at TRANSFORMER/minecraft@1.21.1/net.minecraft.client.Minecraft.runTick(Minecraft.java:1226) ~[neoforge-21.1.248.jar%23177!/:?]
	at TRANSFORMER/minecraft@1.21.1/net.minecraft.client.Minecraft.run(Minecraft.java:813) ~[neoforge-21.1.248.jar%23177!/:?]
	at TRANSFORMER/minecraft@1.21.1/net.minecraft.client.main.Main.main(Main.java:230) ~[neoforge-21.1.248.jar%23177!/:?]
	at java.base/jdk.internal.reflect.DirectMethodHandleAccessor.invoke(DirectMethodHandleAccessor.java:103) ~[?:?]
	at java.base/java.lang.reflect.Method.invoke(Method.java:580) ~[?:?]
	at MC-BOOTSTRAP/fml_loader@4.0.43/net.neoforged.fml.loading.targets.CommonLaunchHandler.runTarget(CommonLaunchHandler.java:136) ~[loader-4.0.43.jar%23134!/:4.0]
	at MC-BOOTSTRAP/fml_loader@4.0.43/net.neoforged.fml.loading.targets.CommonLaunchHandler.clientService(CommonLaunchHandler.java:124) ~[loader-4.0.43.jar%23134!/:4.0]
	at MC-BOOTSTRAP/fml_loader@4.0.43/net.neoforged.fml.loading.targets.NeoForgeClientDevLaunchHandler.runService(NeoForgeClientDevLaunchHandler.java:23) ~[loader-4.0.43.jar%23134!/:4.0]
	at MC-BOOTSTRAP/fml_loader@4.0.43/net.neoforged.fml.loading.targets.CommonLaunchHandler.lambda$launchService$4(CommonLaunchHandler.java:118) ~[loader-4.0.43.jar%23134!/:4.0]
	at MC-BOOTSTRAP/cpw.mods.modlauncher@11.0.5/cpw.mods.modlauncher.LaunchServiceHandlerDecorator.launch(LaunchServiceHandlerDecorator.java:30) [modlauncher-11.0.5.jar%23114!/:?]
	at MC-BOOTSTRAP/cpw.mods.modlauncher@11.0.5/cpw.mods.modlauncher.LaunchServiceHandler.launch(LaunchServiceHandler.java:53) [modlauncher-11.0.5.jar%23114!/:?]
	at MC-BOOTSTRAP/cpw.mods.modlauncher@11.0.5/cpw.mods.modlauncher.LaunchServiceHandler.launch(LaunchServiceHandler.java:71) [modlauncher-11.0.5.jar%23114!/:?]
	at MC-BOOTSTRAP/cpw.mods.modlauncher@11.0.5/cpw.mods.modlauncher.Launcher.run(Launcher.java:103) [modlauncher-11.0.5.jar%23114!/:?]
	at MC-BOOTSTRAP/cpw.mods.modlauncher@11.0.5/cpw.mods.modlauncher.Launcher.main(Launcher.java:74) [modlauncher-11.0.5.jar%23114!/:?]
	at MC-BOOTSTRAP/cpw.mods.modlauncher@11.0.5/cpw.mods.modlauncher.BootstrapLaunchConsumer.accept(BootstrapLaunchConsumer.java:26) [modlauncher-11.0.5.jar%23114!/:?]
	at MC-BOOTSTRAP/cpw.mods.modlauncher@11.0.5/cpw.mods.modlauncher.BootstrapLaunchConsumer.accept(BootstrapLaunchConsumer.java:23) [modlauncher-11.0.5.jar%23114!/:?]
	at cpw.mods.bootstraplauncher@2.0.2/cpw.mods.bootstraplauncher.BootstrapLauncher.run(BootstrapLauncher.java:210) [bootstraplauncher-2.0.2.jar:?]
	at cpw.mods.bootstraplauncher@2.0.2/cpw.mods.bootstraplauncher.BootstrapLauncher.main(BootstrapLauncher.java:69) [bootstraplauncher-2.0.2.jar:?]
	at java.base/jdk.internal.reflect.DirectMethodHandleAccessor.invoke(DirectMethodHandleAccessor.java:103) ~[?:?]
	at java.base/java.lang.reflect.Method.invoke(Method.java:580) ~[?:?]
	at net.neoforged.devlaunch.Main.main(Main.java:57) [DevLaunch-1.0.2.jar:?]
[24Sep2026 21:09:57.357] [Render thread/ERROR] [net.minecraft.world.item.crafting.RecipeManager/]: Parsing error loading recipe malum:create/milling/grim_talc
com.google.gson.JsonParseException: Failed to parse either. First: No key amount in MapLike[{"chance":0.25,"count":4,"item":"minecraft:bone_meal"}]; No key id in MapLike[{"chance":0.25,"count":4,"item":"minecraft:bone_meal"}]; Second: Failed to parse either. First: No key id in MapLike[{"chance":0.25,"count":4,"item":"minecraft:bone_meal"}]; Second: Failed to parse either. First: Not a JSON object: "minecraft:bone_meal"; Second: Compat cannot be deserialized; Failed to parse either. First: No key amount in MapLike[{"chance":0.25,"item":"minecraft:yellow_dye"}]; No key id in MapLike[{"chance":0.25,"item":"minecraft:yellow_dye"}]; Second: Failed to parse either. First: No key id in MapLike[{"chance":0.25,"item":"minecraft:yellow_dye"}]; Second: Failed to parse either. First: Not a JSON object: "minecraft:yellow_dye"; Second: Compat cannot be deserialized; Failed to parse either. First: No key amount in MapLike[{"count":6,"item":"minecraft:bone_meal"}]; No key id in MapLike[{"count":6,"item":"minecraft:bone_meal"}]; Second: Failed to parse either. First: No key id in MapLike[{"count":6,"item":"minecraft:bone_meal"}]; Second: Failed to parse either. First: Not a JSON object: "minecraft:bone_meal"; Second: Compat cannot be deserialized
	at MC-BOOTSTRAP/datafixerupper@8.0.16/com.mojang.serialization.DataResult$Error.getOrThrow(DataResult.java:287) ~[datafixerupper-8.0.16.jar%23107!/:?]
	at TRANSFORMER/minecraft@1.21.1/net.minecraft.world.item.crafting.RecipeManager.apply(RecipeManager.java:60) ~[neoforge-21.1.248.jar%23177!/:?]
	at TRANSFORMER/minecraft@1.21.1/net.minecraft.world.item.crafting.RecipeManager.apply(RecipeManager.java:36) ~[neoforge-21.1.248.jar%23177!/:?]
	at TRANSFORMER/minecraft@1.21.1/net.minecraft.server.packs.resources.SimplePreparableReloadListener.lambda$reload$1(SimplePreparableReloadListener.java:19) ~[neoforge-21.1.248.jar%23177!/:?]
	at java.base/java.util.concurrent.CompletableFuture$UniAccept.tryFire(CompletableFuture.java:718) ~[?:?]
	at java.base/java.util.concurrent.CompletableFuture$Completion.run(CompletableFuture.java:482) ~[?:?]
	at TRANSFORMER/minecraft@1.21.1/net.minecraft.server.packs.resources.SimpleReloadInstance.lambda$new$3(SimpleReloadInstance.java:86) ~[neoforge-21.1.248.jar%23177!/:?]
	at TRANSFORMER/minecraft@1.21.1/net.minecraft.util.thread.BlockableEventLoop.doRunTask(BlockableEventLoop.java:151) ~[neoforge-21.1.248.jar%23177!/:?]
	at TRANSFORMER/minecraft@1.21.1/net.minecraft.util.thread.ReentrantBlockableEventLoop.doRunTask(ReentrantBlockableEventLoop.java:24) ~[neoforge-21.1.248.jar%23177!/:?]
	at TRANSFORMER/minecraft@1.21.1/net.minecraft.util.thread.BlockableEventLoop.pollTask(BlockableEventLoop.java:122) ~[neoforge-21.1.248.jar%23177!/:?]
	at TRANSFORMER/minecraft@1.21.1/net.minecraft.util.thread.BlockableEventLoop.managedBlock(BlockableEventLoop.java:135) ~[neoforge-21.1.248.jar%23177!/:?]
	at TRANSFORMER/minecraft@1.21.1/net.minecraft.client.gui.screens.worldselection.WorldOpenFlows.loadWorldDataBlocking(WorldOpenFlows.java:201) ~[neoforge-21.1.248.jar%23177!/:?]
	at TRANSFORMER/minecraft@1.21.1/net.minecraft.client.gui.screens.worldselection.WorldOpenFlows.loadWorldStem(WorldOpenFlows.java:142) ~[neoforge-21.1.248.jar%23177!/:?]
	at TRANSFORMER/minecraft@1.21.1/net.minecraft.client.gui.screens.worldselection.WorldOpenFlows.openWorldLoadLevelStem(WorldOpenFlows.java:346) ~[neoforge-21.1.248.jar%23177!/:?]
	at TRANSFORMER/minecraft@1.21.1/net.minecraft.client.gui.screens.worldselection.WorldOpenFlows.openWorldCheckVersionCompatibility(WorldOpenFlows.java:335) ~[neoforge-21.1.248.jar%23177!/:?]
	at TRANSFORMER/minecraft@1.21.1/net.minecraft.client.gui.screens.worldselection.WorldOpenFlows.openWorldLoadLevelData(WorldOpenFlows.java:297) ~[neoforge-21.1.248.jar%23177!/:?]
	at TRANSFORMER/minecraft@1.21.1/net.minecraft.client.gui.screens.worldselection.WorldOpenFlows.openWorld(WorldOpenFlows.java:261) ~[neoforge-21.1.248.jar%23177!/:?]
	at TRANSFORMER/minecraft@1.21.1/net.minecraft.client.gui.screens.worldselection.WorldSelectionList$WorldListEntry.joinWorld(WorldSelectionList.java:516) ~[neoforge-21.1.248.jar%23177!/:?]
	at TRANSFORMER/minecraft@1.21.1/net.minecraft.client.gui.screens.worldselection.WorldSelectionList$WorldListEntry.mouseClicked(WorldSelectionList.java:499) ~[neoforge-21.1.248.jar%23177!/:?]
	at TRANSFORMER/minecraft@1.21.1/net.minecraft.client.gui.components.AbstractSelectionList.mouseClicked(AbstractSelectionList.java:303) ~[neoforge-21.1.248.jar%23177!/:?]
	at TRANSFORMER/minecraft@1.21.1/net.minecraft.client.gui.components.events.ContainerEventHandler.mouseClicked(ContainerEventHandler.java:52) ~[neoforge-21.1.248.jar%23177!/:?]
	at TRANSFORMER/minecraft@1.21.1/net.minecraft.client.MouseHandler.lambda$onPress$0(MouseHandler.java:103) ~[neoforge-21.1.248.jar%23177!/:?]
	at TRANSFORMER/minecraft@1.21.1/net.minecraft.client.gui.screens.Screen.wrapScreenError(Screen.java:471) ~[neoforge-21.1.248.jar%23177!/:?]
	at TRANSFORMER/minecraft@1.21.1/net.minecraft.client.MouseHandler.onPress(MouseHandler.java:100) ~[neoforge-21.1.248.jar%23177!/:?]
	at TRANSFORMER/minecraft@1.21.1/net.minecraft.client.MouseHandler.lambda$setup$4(MouseHandler.java:212) ~[neoforge-21.1.248.jar%23177!/:?]
	at TRANSFORMER/minecraft@1.21.1/net.minecraft.util.thread.BlockableEventLoop.execute(BlockableEventLoop.java:98) ~[neoforge-21.1.248.jar%23177!/:?]
	at TRANSFORMER/minecraft@1.21.1/net.minecraft.client.MouseHandler.lambda$setup$5(MouseHandler.java:212) ~[neoforge-21.1.248.jar%23177!/:?]
	at MC-BOOTSTRAP/org.lwjgl.glfw@3.3.3+5/org.lwjgl.glfw.GLFWMouseButtonCallbackI.callback(GLFWMouseButtonCallbackI.java:43) ~[lwjgl-glfw-3.3.3.jar%23160!/:build 5]
	at MC-BOOTSTRAP/org.lwjgl@3.3.3+5/org.lwjgl.system.JNI.invokeV(Native Method) ~[lwjgl-3.3.3.jar%23172!/:build 5]
	at MC-BOOTSTRAP/org.lwjgl.glfw@3.3.3+5/org.lwjgl.glfw.GLFW.glfwWaitEventsTimeout(GLFW.java:3509) ~[lwjgl-glfw-3.3.3.jar%23160!/:build 5]
	at TRANSFORMER/minecraft@1.21.1/com.mojang.blaze3d.systems.RenderSystem.limitDisplayFPS(RenderSystem.java:162) ~[neoforge-21.1.248.jar%23177!/:?]
	at TRANSFORMER/minecraft@1.21.1/net.minecraft.client.Minecraft.runTick(Minecraft.java:1226) ~[neoforge-21.1.248.jar%23177!/:?]
	at TRANSFORMER/minecraft@1.21.1/net.minecraft.client.Minecraft.run(Minecraft.java:813) ~[neoforge-21.1.248.jar%23177!/:?]
	at TRANSFORMER/minecraft@1.21.1/net.minecraft.client.main.Main.main(Main.java:230) ~[neoforge-21.1.248.jar%23177!/:?]
	at java.base/jdk.internal.reflect.DirectMethodHandleAccessor.invoke(DirectMethodHandleAccessor.java:103) ~[?:?]
	at java.base/java.lang.reflect.Method.invoke(Method.java:580) ~[?:?]
	at MC-BOOTSTRAP/fml_loader@4.0.43/net.neoforged.fml.loading.targets.CommonLaunchHandler.runTarget(CommonLaunchHandler.java:136) ~[loader-4.0.43.jar%23134!/:4.0]
	at MC-BOOTSTRAP/fml_loader@4.0.43/net.neoforged.fml.loading.targets.CommonLaunchHandler.clientService(CommonLaunchHandler.java:124) ~[loader-4.0.43.jar%23134!/:4.0]
	at MC-BOOTSTRAP/fml_loader@4.0.43/net.neoforged.fml.loading.targets.NeoForgeClientDevLaunchHandler.runService(NeoForgeClientDevLaunchHandler.java:23) ~[loader-4.0.43.jar%23134!/:4.0]
	at MC-BOOTSTRAP/fml_loader@4.0.43/net.neoforged.fml.loading.targets.CommonLaunchHandler.lambda$launchService$4(CommonLaunchHandler.java:118) ~[loader-4.0.43.jar%23134!/:4.0]
	at MC-BOOTSTRAP/cpw.mods.modlauncher@11.0.5/cpw.mods.modlauncher.LaunchServiceHandlerDecorator.launch(LaunchServiceHandlerDecorator.java:30) [modlauncher-11.0.5.jar%23114!/:?]
	at MC-BOOTSTRAP/cpw.mods.modlauncher@11.0.5/cpw.mods.modlauncher.LaunchServiceHandler.launch(LaunchServiceHandler.java:53) [modlauncher-11.0.5.jar%23114!/:?]
	at MC-BOOTSTRAP/cpw.mods.modlauncher@11.0.5/cpw.mods.modlauncher.LaunchServiceHandler.launch(LaunchServiceHandler.java:71) [modlauncher-11.0.5.jar%23114!/:?]
	at MC-BOOTSTRAP/cpw.mods.modlauncher@11.0.5/cpw.mods.modlauncher.Launcher.run(Launcher.java:103) [modlauncher-11.0.5.jar%23114!/:?]
	at MC-BOOTSTRAP/cpw.mods.modlauncher@11.0.5/cpw.mods.modlauncher.Launcher.main(Launcher.java:74) [modlauncher-11.0.5.jar%23114!/:?]
	at MC-BOOTSTRAP/cpw.mods.modlauncher@11.0.5/cpw.mods.modlauncher.BootstrapLaunchConsumer.accept(BootstrapLaunchConsumer.java:26) [modlauncher-11.0.5.jar%23114!/:?]
	at MC-BOOTSTRAP/cpw.mods.modlauncher@11.0.5/cpw.mods.modlauncher.BootstrapLaunchConsumer.accept(BootstrapLaunchConsumer.java:23) [modlauncher-11.0.5.jar%23114!/:?]
	at cpw.mods.bootstraplauncher@2.0.2/cpw.mods.bootstraplauncher.BootstrapLauncher.run(BootstrapLauncher.java:210) [bootstraplauncher-2.0.2.jar:?]
	at cpw.mods.bootstraplauncher@2.0.2/cpw.mods.bootstraplauncher.BootstrapLauncher.main(BootstrapLauncher.java:69) [bootstraplauncher-2.0.2.jar:?]
	at java.base/jdk.internal.reflect.DirectMethodHandleAccessor.invoke(DirectMethodHandleAccessor.java:103) ~[?:?]
	at java.base/java.lang.reflect.Method.invoke(Method.java:580) ~[?:?]
	at net.neoforged.devlaunch.Main.main(Main.java:57) [DevLaunch-1.0.2.jar:?]
[24Sep2026 21:09:57.429] [Render thread/ERROR] [net.minecraft.world.item.crafting.RecipeManager/]: Parsing error loading recipe malum:malum/spirit_repair/undergarden/froststeel
com.google.gson.JsonParseException: Unknown registry key in ResourceKey[minecraft:root / malum:spirit_types]: minecraft:arcane; Unknown registry key in ResourceKey[minecraft:root / malum:spirit_types]: minecraft:aqueous; No key validItems in MapLike[{"type":"malum:spirit_repair","durabilityPercentage":0.5,"repairMaterial":{"item":"undergarden:froststeel_ingot","count":2},"spirits":[{"type":"aqueous","count":8},{"type":"arcane","count":4}],"regex":{"itemIdRegex":"froststeel_.+","modIdRegex":"undergarden"}}]
	at MC-BOOTSTRAP/datafixerupper@8.0.16/com.mojang.serialization.DataResult$Error.getOrThrow(DataResult.java:287) ~[datafixerupper-8.0.16.jar%23107!/:?]
	at TRANSFORMER/minecraft@1.21.1/net.minecraft.world.item.crafting.RecipeManager.apply(RecipeManager.java:60) ~[neoforge-21.1.248.jar%23177!/:?]
	at TRANSFORMER/minecraft@1.21.1/net.minecraft.world.item.crafting.RecipeManager.apply(RecipeManager.java:36) ~[neoforge-21.1.248.jar%23177!/:?]
	at TRANSFORMER/minecraft@1.21.1/net.minecraft.server.packs.resources.SimplePreparableReloadListener.lambda$reload$1(SimplePreparableReloadListener.java:19) ~[neoforge-21.1.248.jar%23177!/:?]
	at java.base/java.util.concurrent.CompletableFuture$UniAccept.tryFire(CompletableFuture.java:718) ~[?:?]
	at java.base/java.util.concurrent.CompletableFuture$Completion.run(CompletableFuture.java:482) ~[?:?]
	at TRANSFORMER/minecraft@1.21.1/net.minecraft.server.packs.resources.SimpleReloadInstance.lambda$new$3(SimpleReloadInstance.java:86) ~[neoforge-21.1.248.jar%23177!/:?]
	at TRANSFORMER/minecraft@1.21.1/net.minecraft.util.thread.BlockableEventLoop.doRunTask(BlockableEventLoop.java:151) ~[neoforge-21.1.248.jar%23177!/:?]
	at TRANSFORMER/minecraft@1.21.1/net.minecraft.util.thread.ReentrantBlockableEventLoop.doRunTask(ReentrantBlockableEventLoop.java:24) ~[neoforge-21.1.248.jar%23177!/:?]
	at TRANSFORMER/minecraft@1.21.1/net.minecraft.util.thread.BlockableEventLoop.pollTask(BlockableEventLoop.java:122) ~[neoforge-21.1.248.jar%23177!/:?]
	at TRANSFORMER/minecraft@1.21.1/net.minecraft.util.thread.BlockableEventLoop.managedBlock(BlockableEventLoop.java:135) ~[neoforge-21.1.248.jar%23177!/:?]
	at TRANSFORMER/minecraft@1.21.1/net.minecraft.client.gui.screens.worldselection.WorldOpenFlows.loadWorldDataBlocking(WorldOpenFlows.java:201) ~[neoforge-21.1.248.jar%23177!/:?]
	at TRANSFORMER/minecraft@1.21.1/net.minecraft.client.gui.screens.worldselection.WorldOpenFlows.loadWorldStem(WorldOpenFlows.java:142) ~[neoforge-21.1.248.jar%23177!/:?]
	at TRANSFORMER/minecraft@1.21.1/net.minecraft.client.gui.screens.worldselection.WorldOpenFlows.openWorldLoadLevelStem(WorldOpenFlows.java:346) ~[neoforge-21.1.248.jar%23177!/:?]
	at TRANSFORMER/minecraft@1.21.1/net.minecraft.client.gui.screens.worldselection.WorldOpenFlows.openWorldCheckVersionCompatibility(WorldOpenFlows.java:335) ~[neoforge-21.1.248.jar%23177!/:?]
	at TRANSFORMER/minecraft@1.21.1/net.minecraft.client.gui.screens.worldselection.WorldOpenFlows.openWorldLoadLevelData(WorldOpenFlows.java:297) ~[neoforge-21.1.248.jar%23177!/:?]
	at TRANSFORMER/minecraft@1.21.1/net.minecraft.client.gui.screens.worldselection.WorldOpenFlows.openWorld(WorldOpenFlows.java:261) ~[neoforge-21.1.248.jar%23177!/:?]
	at TRANSFORMER/minecraft@1.21.1/net.minecraft.client.gui.screens.worldselection.WorldSelectionList$WorldListEntry.joinWorld(WorldSelectionList.java:516) ~[neoforge-21.1.248.jar%23177!/:?]
	at TRANSFORMER/minecraft@1.21.1/net.minecraft.client.gui.screens.worldselection.WorldSelectionList$WorldListEntry.mouseClicked(WorldSelectionList.java:499) ~[neoforge-21.1.248.jar%23177!/:?]
	at TRANSFORMER/minecraft@1.21.1/net.minecraft.client.gui.components.AbstractSelectionList.mouseClicked(AbstractSelectionList.java:303) ~[neoforge-21.1.248.jar%23177!/:?]
	at TRANSFORMER/minecraft@1.21.1/net.minecraft.client.gui.components.events.ContainerEventHandler.mouseClicked(ContainerEventHandler.java:52) ~[neoforge-21.1.248.jar%23177!/:?]
	at TRANSFORMER/minecraft@1.21.1/net.minecraft.client.MouseHandler.lambda$onPress$0(MouseHandler.java:103) ~[neoforge-21.1.248.jar%23177!/:?]
	at TRANSFORMER/minecraft@1.21.1/net.minecraft.client.gui.screens.Screen.wrapScreenError(Screen.java:471) ~[neoforge-21.1.248.jar%23177!/:?]
	at TRANSFORMER/minecraft@1.21.1/net.minecraft.client.MouseHandler.onPress(MouseHandler.java:100) ~[neoforge-21.1.248.jar%23177!/:?]
	at TRANSFORMER/minecraft@1.21.1/net.minecraft.client.MouseHandler.lambda$setup$4(MouseHandler.java:212) ~[neoforge-21.1.248.jar%23177!/:?]
	at TRANSFORMER/minecraft@1.21.1/net.minecraft.util.thread.BlockableEventLoop.execute(BlockableEventLoop.java:98) ~[neoforge-21.1.248.jar%23177!/:?]
	at TRANSFORMER/minecraft@1.21.1/net.minecraft.client.MouseHandler.lambda$setup$5(MouseHandler.java:212) ~[neoforge-21.1.248.jar%23177!/:?]
	at MC-BOOTSTRAP/org.lwjgl.glfw@3.3.3+5/org.lwjgl.glfw.GLFWMouseButtonCallbackI.callback(GLFWMouseButtonCallbackI.java:43) ~[lwjgl-glfw-3.3.3.jar%23160!/:build 5]
	at MC-BOOTSTRAP/org.lwjgl@3.3.3+5/org.lwjgl.system.JNI.invokeV(Native Method) ~[lwjgl-3.3.3.jar%23172!/:build 5]
	at MC-BOOTSTRAP/org.lwjgl.glfw@3.3.3+5/org.lwjgl.glfw.GLFW.glfwWaitEventsTimeout(GLFW.java:3509) ~[lwjgl-glfw-3.3.3.jar%23160!/:build 5]
	at TRANSFORMER/minecraft@1.21.1/com.mojang.blaze3d.systems.RenderSystem.limitDisplayFPS(RenderSystem.java:162) ~[neoforge-21.1.248.jar%23177!/:?]
	at TRANSFORMER/minecraft@1.21.1/net.minecraft.client.Minecraft.runTick(Minecraft.java:1226) ~[neoforge-21.1.248.jar%23177!/:?]
	at TRANSFORMER/minecraft@1.21.1/net.minecraft.client.Minecraft.run(Minecraft.java:813) ~[neoforge-21.1.248.jar%23177!/:?]
	at TRANSFORMER/minecraft@1.21.1/net.minecraft.client.main.Main.main(Main.java:230) ~[neoforge-21.1.248.jar%23177!/:?]
	at java.base/jdk.internal.reflect.DirectMethodHandleAccessor.invoke(DirectMethodHandleAccessor.java:103) ~[?:?]
	at java.base/java.lang.reflect.Method.invoke(Method.java:580) ~[?:?]
	at MC-BOOTSTRAP/fml_loader@4.0.43/net.neoforged.fml.loading.targets.CommonLaunchHandler.runTarget(CommonLaunchHandler.java:136) ~[loader-4.0.43.jar%23134!/:4.0]
	at MC-BOOTSTRAP/fml_loader@4.0.43/net.neoforged.fml.loading.targets.CommonLaunchHandler.clientService(CommonLaunchHandler.java:124) ~[loader-4.0.43.jar%23134!/:4.0]
	at MC-BOOTSTRAP/fml_loader@4.0.43/net.neoforged.fml.loading.targets.NeoForgeClientDevLaunchHandler.runService(NeoForgeClientDevLaunchHandler.java:23) ~[loader-4.0.43.jar%23134!/:4.0]
	at MC-BOOTSTRAP/fml_loader@4.0.43/net.neoforged.fml.loading.targets.CommonLaunchHandler.lambda$launchService$4(CommonLaunchHandler.java:118) ~[loader-4.0.43.jar%23134!/:4.0]
	at MC-BOOTSTRAP/cpw.mods.modlauncher@11.0.5/cpw.mods.modlauncher.LaunchServiceHandlerDecorator.launch(LaunchServiceHandlerDecorator.java:30) [modlauncher-11.0.5.jar%23114!/:?]
	at MC-BOOTSTRAP/cpw.mods.modlauncher@11.0.5/cpw.mods.modlauncher.LaunchServiceHandler.launch(LaunchServiceHandler.java:53) [modlauncher-11.0.5.jar%23114!/:?]
	at MC-BOOTSTRAP/cpw.mods.modlauncher@11.0.5/cpw.mods.modlauncher.LaunchServiceHandler.launch(LaunchServiceHandler.java:71) [modlauncher-11.0.5.jar%23114!/:?]
	at MC-BOOTSTRAP/cpw.mods.modlauncher@11.0.5/cpw.mods.modlauncher.Launcher.run(Launcher.java:103) [modlauncher-11.0.5.jar%23114!/:?]
	at MC-BOOTSTRAP/cpw.mods.modlauncher@11.0.5/cpw.mods.modlauncher.Launcher.main(Launcher.java:74) [modlauncher-11.0.5.jar%23114!/:?]
	at MC-BOOTSTRAP/cpw.mods.modlauncher@11.0.5/cpw.mods.modlauncher.BootstrapLaunchConsumer.accept(BootstrapLaunchConsumer.java:26) [modlauncher-11.0.5.jar%23114!/:?]
	at MC-BOOTSTRAP/cpw.mods.modlauncher@11.0.5/cpw.mods.modlauncher.BootstrapLaunchConsumer.accept(BootstrapLaunchConsumer.java:23) [modlauncher-11.0.5.jar%23114!/:?]
	at cpw.mods.bootstraplauncher@2.0.2/cpw.mods.bootstraplauncher.BootstrapLauncher.run(BootstrapLauncher.java:210) [bootstraplauncher-2.0.2.jar:?]
	at cpw.mods.bootstraplauncher@2.0.2/cpw.mods.bootstraplauncher.BootstrapLauncher.main(BootstrapLauncher.java:69) [bootstraplauncher-2.0.2.jar:?]
	at java.base/jdk.internal.reflect.DirectMethodHandleAccessor.invoke(DirectMethodHandleAccessor.java:103) ~[?:?]
	at java.base/java.lang.reflect.Method.invoke(Method.java:580) ~[?:?]
	at net.neoforged.devlaunch.Main.main(Main.java:57) [DevLaunch-1.0.2.jar:?]
[24Sep2026 21:09:57.448] [Render thread/ERROR] [net.minecraft.world.item.crafting.RecipeManager/]: Parsing error loading recipe malum:malum/spirit_repair/botania/manasteel
com.google.gson.JsonParseException: Unknown registry key in ResourceKey[minecraft:root / malum:spirit_types]: minecraft:arcane
	at MC-BOOTSTRAP/datafixerupper@8.0.16/com.mojang.serialization.DataResult$Error.getOrThrow(DataResult.java:287) ~[datafixerupper-8.0.16.jar%23107!/:?]
	at TRANSFORMER/minecraft@1.21.1/net.minecraft.world.item.crafting.RecipeManager.apply(RecipeManager.java:60) ~[neoforge-21.1.248.jar%23177!/:?]
	at TRANSFORMER/minecraft@1.21.1/net.minecraft.world.item.crafting.RecipeManager.apply(RecipeManager.java:36) ~[neoforge-21.1.248.jar%23177!/:?]
	at TRANSFORMER/minecraft@1.21.1/net.minecraft.server.packs.resources.SimplePreparableReloadListener.lambda$reload$1(SimplePreparableReloadListener.java:19) ~[neoforge-21.1.248.jar%23177!/:?]
	at java.base/java.util.concurrent.CompletableFuture$UniAccept.tryFire(CompletableFuture.java:718) ~[?:?]
	at java.base/java.util.concurrent.CompletableFuture$Completion.run(CompletableFuture.java:482) ~[?:?]
	at TRANSFORMER/minecraft@1.21.1/net.minecraft.server.packs.resources.SimpleReloadInstance.lambda$new$3(SimpleReloadInstance.java:86) ~[neoforge-21.1.248.jar%23177!/:?]
	at TRANSFORMER/minecraft@1.21.1/net.minecraft.util.thread.BlockableEventLoop.doRunTask(BlockableEventLoop.java:151) ~[neoforge-21.1.248.jar%23177!/:?]
	at TRANSFORMER/minecraft@1.21.1/net.minecraft.util.thread.ReentrantBlockableEventLoop.doRunTask(ReentrantBlockableEventLoop.java:24) ~[neoforge-21.1.248.jar%23177!/:?]
	at TRANSFORMER/minecraft@1.21.1/net.minecraft.util.thread.BlockableEventLoop.pollTask(BlockableEventLoop.java:122) ~[neoforge-21.1.248.jar%23177!/:?]
	at TRANSFORMER/minecraft@1.21.1/net.minecraft.util.thread.BlockableEventLoop.managedBlock(BlockableEventLoop.java:135) ~[neoforge-21.1.248.jar%23177!/:?]
	at TRANSFORMER/minecraft@1.21.1/net.minecraft.client.gui.screens.worldselection.WorldOpenFlows.loadWorldDataBlocking(WorldOpenFlows.java:201) ~[neoforge-21.1.248.jar%23177!/:?]
	at TRANSFORMER/minecraft@1.21.1/net.minecraft.client.gui.screens.worldselection.WorldOpenFlows.loadWorldStem(WorldOpenFlows.java:142) ~[neoforge-21.1.248.jar%23177!/:?]
	at TRANSFORMER/minecraft@1.21.1/net.minecraft.client.gui.screens.worldselection.WorldOpenFlows.openWorldLoadLevelStem(WorldOpenFlows.java:346) ~[neoforge-21.1.248.jar%23177!/:?]
	at TRANSFORMER/minecraft@1.21.1/net.minecraft.client.gui.screens.worldselection.WorldOpenFlows.openWorldCheckVersionCompatibility(WorldOpenFlows.java:335) ~[neoforge-21.1.248.jar%23177!/:?]
	at TRANSFORMER/minecraft@1.21.1/net.minecraft.client.gui.screens.worldselection.WorldOpenFlows.openWorldLoadLevelData(WorldOpenFlows.java:297) ~[neoforge-21.1.248.jar%23177!/:?]
	at TRANSFORMER/minecraft@1.21.1/net.minecraft.client.gui.screens.worldselection.WorldOpenFlows.openWorld(WorldOpenFlows.java:261) ~[neoforge-21.1.248.jar%23177!/:?]
	at TRANSFORMER/minecraft@1.21.1/net.minecraft.client.gui.screens.worldselection.WorldSelectionList$WorldListEntry.joinWorld(WorldSelectionList.java:516) ~[neoforge-21.1.248.jar%23177!/:?]
	at TRANSFORMER/minecraft@1.21.1/net.minecraft.client.gui.screens.worldselection.WorldSelectionList$WorldListEntry.mouseClicked(WorldSelectionList.java:499) ~[neoforge-21.1.248.jar%23177!/:?]
	at TRANSFORMER/minecraft@1.21.1/net.minecraft.client.gui.components.AbstractSelectionList.mouseClicked(AbstractSelectionList.java:303) ~[neoforge-21.1.248.jar%23177!/:?]
	at TRANSFORMER/minecraft@1.21.1/net.minecraft.client.gui.components.events.ContainerEventHandler.mouseClicked(ContainerEventHandler.java:52) ~[neoforge-21.1.248.jar%23177!/:?]
	at TRANSFORMER/minecraft@1.21.1/net.minecraft.client.MouseHandler.lambda$onPress$0(MouseHandler.java:103) ~[neoforge-21.1.248.jar%23177!/:?]
	at TRANSFORMER/minecraft@1.21.1/net.minecraft.client.gui.screens.Screen.wrapScreenError(Screen.java:471) ~[neoforge-21.1.248.jar%23177!/:?]
	at TRANSFORMER/minecraft@1.21.1/net.minecraft.client.MouseHandler.onPress(MouseHandler.java:100) ~[neoforge-21.1.248.jar%23177!/:?]
	at TRANSFORMER/minecraft@1.21.1/net.minecraft.client.MouseHandler.lambda$setup$4(MouseHandler.java:212) ~[neoforge-21.1.248.jar%23177!/:?]
	at TRANSFORMER/minecraft@1.21.1/net.minecraft.util.thread.BlockableEventLoop.execute(BlockableEventLoop.java:98) ~[neoforge-21.1.248.jar%23177!/:?]
	at TRANSFORMER/minecraft@1.21.1/net.minecraft.client.MouseHandler.lambda$setup$5(MouseHandler.java:212) ~[neoforge-21.1.248.jar%23177!/:?]
	at MC-BOOTSTRAP/org.lwjgl.glfw@3.3.3+5/org.lwjgl.glfw.GLFWMouseButtonCallbackI.callback(GLFWMouseButtonCallbackI.java:43) ~[lwjgl-glfw-3.3.3.jar%23160!/:build 5]
	at MC-BOOTSTRAP/org.lwjgl@3.3.3+5/org.lwjgl.system.JNI.invokeV(Native Method) ~[lwjgl-3.3.3.jar%23172!/:build 5]
	at MC-BOOTSTRAP/org.lwjgl.glfw@3.3.3+5/org.lwjgl.glfw.GLFW.glfwWaitEventsTimeout(GLFW.java:3509) ~[lwjgl-glfw-3.3.3.jar%23160!/:build 5]
	at TRANSFORMER/minecraft@1.21.1/com.mojang.blaze3d.systems.RenderSystem.limitDisplayFPS(RenderSystem.java:162) ~[neoforge-21.1.248.jar%23177!/:?]
	at TRANSFORMER/minecraft@1.21.1/net.minecraft.client.Minecraft.runTick(Minecraft.java:1226) ~[neoforge-21.1.248.jar%23177!/:?]
	at TRANSFORMER/minecraft@1.21.1/net.minecraft.client.Minecraft.run(Minecraft.java:813) ~[neoforge-21.1.248.jar%23177!/:?]
	at TRANSFORMER/minecraft@1.21.1/net.minecraft.client.main.Main.main(Main.java:230) ~[neoforge-21.1.248.jar%23177!/:?]
	at java.base/jdk.internal.reflect.DirectMethodHandleAccessor.invoke(DirectMethodHandleAccessor.java:103) ~[?:?]
	at java.base/java.lang.reflect.Method.invoke(Method.java:580) ~[?:?]
	at MC-BOOTSTRAP/fml_loader@4.0.43/net.neoforged.fml.loading.targets.CommonLaunchHandler.runTarget(CommonLaunchHandler.java:136) ~[loader-4.0.43.jar%23134!/:4.0]
	at MC-BOOTSTRAP/fml_loader@4.0.43/net.neoforged.fml.loading.targets.CommonLaunchHandler.clientService(CommonLaunchHandler.java:124) ~[loader-4.0.43.jar%23134!/:4.0]
	at MC-BOOTSTRAP/fml_loader@4.0.43/net.neoforged.fml.loading.targets.NeoForgeClientDevLaunchHandler.runService(NeoForgeClientDevLaunchHandler.java:23) ~[loader-4.0.43.jar%23134!/:4.0]
	at MC-BOOTSTRAP/fml_loader@4.0.43/net.neoforged.fml.loading.targets.CommonLaunchHandler.lambda$launchService$4(CommonLaunchHandler.java:118) ~[loader-4.0.43.jar%23134!/:4.0]
	at MC-BOOTSTRAP/cpw.mods.modlauncher@11.0.5/cpw.mods.modlauncher.LaunchServiceHandlerDecorator.launch(LaunchServiceHandlerDecorator.java:30) [modlauncher-11.0.5.jar%23114!/:?]
	at MC-BOOTSTRAP/cpw.mods.modlauncher@11.0.5/cpw.mods.modlauncher.LaunchServiceHandler.launch(LaunchServiceHandler.java:53) [modlauncher-11.0.5.jar%23114!/:?]
	at MC-BOOTSTRAP/cpw.mods.modlauncher@11.0.5/cpw.mods.modlauncher.LaunchServiceHandler.launch(LaunchServiceHandler.java:71) [modlauncher-11.0.5.jar%23114!/:?]
	at MC-BOOTSTRAP/cpw.mods.modlauncher@11.0.5/cpw.mods.modlauncher.Launcher.run(Launcher.java:103) [modlauncher-11.0.5.jar%23114!/:?]
	at MC-BOOTSTRAP/cpw.mods.modlauncher@11.0.5/cpw.mods.modlauncher.Launcher.main(Launcher.java:74) [modlauncher-11.0.5.jar%23114!/:?]
	at MC-BOOTSTRAP/cpw.mods.modlauncher@11.0.5/cpw.mods.modlauncher.BootstrapLaunchConsumer.accept(BootstrapLaunchConsumer.java:26) [modlauncher-11.0.5.jar%23114!/:?]
	at MC-BOOTSTRAP/cpw.mods.modlauncher@11.0.5/cpw.mods.modlauncher.BootstrapLaunchConsumer.accept(BootstrapLaunchConsumer.java:23) [modlauncher-11.0.5.jar%23114!/:?]
	at cpw.mods.bootstraplauncher@2.0.2/cpw.mods.bootstraplauncher.BootstrapLauncher.run(BootstrapLauncher.java:210) [bootstraplauncher-2.0.2.jar:?]
	at cpw.mods.bootstraplauncher@2.0.2/cpw.mods.bootstraplauncher.BootstrapLauncher.main(BootstrapLauncher.java:69) [bootstraplauncher-2.0.2.jar:?]
	at java.base/jdk.internal.reflect.DirectMethodHandleAccessor.invoke(DirectMethodHandleAccessor.java:103) ~[?:?]
	at java.base/java.lang.reflect.Method.invoke(Method.java:580) ~[?:?]
	at net.neoforged.devlaunch.Main.main(Main.java:57) [DevLaunch-1.0.2.jar:?]
[24Sep2026 21:09:57.475] [Render thread/INFO] [net.minecraft.world.item.crafting.RecipeManager/]: Loaded 44540 recipes
[24Sep2026 21:09:57.475] [Render thread/INFO] [KubeJS Server/]: Added 17 recipes, removed 0 recipes, modified 167 recipes, with 0 failed recipes taking 2.458 s in total
[24Sep2026 21:09:57.604] [Render thread/WARN] [GTCEu/]: Recipe duplicate or conflict found in GTRecipeType gtceu:electric_furnace and was not added. See next lines for details
[24Sep2026 21:09:57.604] [Render thread/WARN] [GTCEu/]: Attempted to add GTRecipe: gtceu:electric_furnace/smelting/smelt_dust_gold_to_ingot, which conflicts with occultism:electric_furnace/smelting/gold_ingot_from_dust
[24Sep2026 21:09:57.604] [Render thread/WARN] [GTCEu/]: failed to add recipe from staging into lookup DB: gtceu:electric_furnace/smelting/smelt_dust_gold_to_ingot
[24Sep2026 21:09:57.605] [Render thread/WARN] [GTCEu/]: Recipe duplicate or conflict found in GTRecipeType gtceu:electric_furnace and was not added. See next lines for details
[24Sep2026 21:09:57.605] [Render thread/WARN] [GTCEu/]: Attempted to add GTRecipe: occultism:electric_furnace/smelting/netherite_ingot_from_dust, which conflicts with gtceu:electric_furnace/smelting/smelt_dust_netherite_to_ingot
[24Sep2026 21:09:57.605] [Render thread/WARN] [GTCEu/]: failed to add recipe from staging into lookup DB: occultism:electric_furnace/smelting/netherite_ingot_from_dust
[24Sep2026 21:09:57.607] [Render thread/WARN] [GTCEu/]: Recipe duplicate or conflict found in GTRecipeType gtceu:electric_furnace and was not added. See next lines for details
[24Sep2026 21:09:57.607] [Render thread/WARN] [GTCEu/]: Attempted to add GTRecipe: gtceu:electric_furnace/smelting/smelt_dust_silver_to_ingot, which conflicts with occultism:electric_furnace/smelting/silver_ingot_from_dust
[24Sep2026 21:09:57.607] [Render thread/WARN] [GTCEu/]: failed to add recipe from staging into lookup DB: gtceu:electric_furnace/smelting/smelt_dust_silver_to_ingot
[24Sep2026 21:09:57.609] [Render thread/WARN] [GTCEu/]: Recipe duplicate or conflict found in GTRecipeType gtceu:electric_furnace and was not added. See next lines for details
[24Sep2026 21:09:57.609] [Render thread/WARN] [GTCEu/]: Attempted to add GTRecipe: occultism:electric_furnace/smelting/silver_ingot_from_raw, which conflicts with gtceu:electric_furnace/smelting/smelt_raw_silver_ore_to_ingot
[24Sep2026 21:09:57.609] [Render thread/WARN] [GTCEu/]: failed to add recipe from staging into lookup DB: occultism:electric_furnace/smelting/silver_ingot_from_raw
[24Sep2026 21:09:57.640] [Render thread/WARN] [GTCEu/]: Recipe duplicate or conflict found in GTRecipeType gtceu:electric_furnace and was not added. See next lines for details
[24Sep2026 21:09:57.640] [Render thread/WARN] [GTCEu/]: Attempted to add GTRecipe: occultism:electric_furnace/smelting/copper_ingot_from_dust, which conflicts with gtceu:electric_furnace/smelting/smelt_dust_copper_to_ingot
[24Sep2026 21:09:57.640] [Render thread/WARN] [GTCEu/]: failed to add recipe from staging into lookup DB: occultism:electric_furnace/smelting/copper_ingot_from_dust
[24Sep2026 21:09:57.640] [Render thread/WARN] [GTCEu/]: Recipe duplicate or conflict found in GTRecipeType gtceu:electric_furnace and was not added. See next lines for details
[24Sep2026 21:09:57.640] [Render thread/WARN] [GTCEu/]: Attempted to add GTRecipe: occultism:electric_furnace/smelting/iron_ingot_from_dust, which conflicts with gtceu:electric_furnace/smelting/smelt_dust_iron_to_ingot
[24Sep2026 21:09:57.640] [Render thread/WARN] [GTCEu/]: failed to add recipe from staging into lookup DB: occultism:electric_furnace/smelting/iron_ingot_from_dust
[24Sep2026 21:09:57.987] [Render thread/INFO] [net.minecraft.advancements.AdvancementTree/]: Loaded 7143 advancements
[24Sep2026 21:09:57.996] [Render thread/INFO] [sfiomn.legendarysurvivaloverhaul.LegendarySurvivalOverhaul/]: Loaded 18 temperature consumables
[24Sep2026 21:09:57.997] [Render thread/INFO] [sfiomn.legendarysurvivaloverhaul.LegendarySurvivalOverhaul/]: Loaded 0 temperature consumable blocks
[24Sep2026 21:09:57.998] [Render thread/INFO] [sfiomn.legendarysurvivaloverhaul.LegendarySurvivalOverhaul/]: Loaded 23 temperature blocks
[24Sep2026 21:09:57.999] [Render thread/INFO] [sfiomn.legendarysurvivaloverhaul.LegendarySurvivalOverhaul/]: Loaded 39 temperature items
[24Sep2026 21:09:58.000] [Render thread/INFO] [sfiomn.legendarysurvivaloverhaul.LegendarySurvivalOverhaul/]: Loaded 7 temperature biomes
[24Sep2026 21:09:58.000] [Render thread/INFO] [sfiomn.legendarysurvivaloverhaul.LegendarySurvivalOverhaul/]: Loaded 8 temperature fuel items
[24Sep2026 21:09:58.000] [Render thread/INFO] [sfiomn.legendarysurvivaloverhaul.LegendarySurvivalOverhaul/]: Loaded 3 temperature dimensions
[24Sep2026 21:09:58.000] [Render thread/INFO] [sfiomn.legendarysurvivaloverhaul.LegendarySurvivalOverhaul/]: Loaded 1 temperature mounts
[24Sep2026 21:09:58.001] [Render thread/INFO] [sfiomn.legendarysurvivaloverhaul.LegendarySurvivalOverhaul/]: Loaded 0 temperature origins
[24Sep2026 21:09:58.001] [Render thread/INFO] [sfiomn.legendarysurvivaloverhaul.LegendarySurvivalOverhaul/]: Loaded 36 thirst consumables
[24Sep2026 21:09:58.002] [Render thread/INFO] [sfiomn.legendarysurvivaloverhaul.LegendarySurvivalOverhaul/]: Loaded 4 thirst blocks
[24Sep2026 21:09:58.003] [Render thread/INFO] [sfiomn.legendarysurvivaloverhaul.LegendarySurvivalOverhaul/]: Loaded 22 body parts damage sources
[24Sep2026 21:09:58.003] [Render thread/INFO] [sfiomn.legendarysurvivaloverhaul.LegendarySurvivalOverhaul/]: Loaded 6 body healing consumables
[24Sep2026 21:09:58.003] [Render thread/INFO] [sfiomn.legendarysurvivaloverhaul.LegendarySurvivalOverhaul/]: Loaded 4 body part resistance items
[24Sep2026 21:09:58.031] [Render thread/INFO] [dev.devce.rocketnautics.RocketNautics/]: Loading universe from json files!
[24Sep2026 21:09:58.050] [Render thread/INFO] [dev.devce.rocketnautics.RocketNautics/]: 6 planets successfully loaded
[24Sep2026 21:09:58.050] [Render thread/INFO] [dev.devce.rocketnautics.RocketNautics/]: No planet loads failed
[24Sep2026 21:09:58.050] [Render thread/INFO] [dev.devce.rocketnautics.RocketNautics/]: Universe load complete.
[24Sep2026 21:09:58.054] [Render thread/INFO] [Curios API/]: Loaded 15 curio slots
[24Sep2026 21:09:58.056] [Render thread/INFO] [Curios API/]: Loaded 1 curio entities
[24Sep2026 21:09:58.056] [Render thread/INFO] [com.sammy.malum.MalumMod/]: Added spirit drops for entity with registry name: minecraft:panda
[24Sep2026 21:09:58.057] [Render thread/INFO] [com.sammy.malum.MalumMod/]: Removed spirit drops for entity with registry name: minecraft:ender_dragon
[24Sep2026 21:09:58.057] [Render thread/INFO] [com.sammy.malum.MalumMod/]: Added spirit drops for entity with registry name: minecraft:stray
[24Sep2026 21:09:58.057] [Render thread/INFO] [com.sammy.malum.MalumMod/]: Added spirit drops for entity with registry name: undergarden:dweller
[24Sep2026 21:09:58.057] [Render thread/INFO] [com.sammy.malum.MalumMod/]: Added spirit drops for entity with registry name: minecraft:shulker
[24Sep2026 21:09:58.057] [Render thread/INFO] [com.sammy.malum.MalumMod/]: Added spirit drops for entity with registry name: minecraft:vex
[24Sep2026 21:09:58.057] [Render thread/INFO] [com.sammy.malum.MalumMod/]: Added spirit drops for entity with registry name: undergarden:muncher
[24Sep2026 21:09:58.057] [Render thread/INFO] [com.sammy.malum.MalumMod/]: Added spirit drops for entity with registry name: minecraft:skeleton
[24Sep2026 21:09:58.057] [Render thread/INFO] [com.sammy.malum.MalumMod/]: Added spirit drops for entity with registry name: minecraft:zombie
[24Sep2026 21:09:58.057] [Render thread/INFO] [com.sammy.malum.MalumMod/]: Added spirit drops for entity with registry name: minecraft:zombified_piglin
[24Sep2026 21:09:58.057] [Render thread/INFO] [com.sammy.malum.MalumMod/]: Added spirit drops for entity with registry name: minecraft:glow_squid
[24Sep2026 21:09:58.057] [Render thread/INFO] [com.sammy.malum.MalumMod/]: Added spirit drops for entity with registry name: minecraft:phantom
[24Sep2026 21:09:58.057] [Render thread/INFO] [com.sammy.malum.MalumMod/]: Added spirit drops for entity with registry name: botania:pink_wither
[24Sep2026 21:09:58.057] [Render thread/INFO] [com.sammy.malum.MalumMod/]: Added spirit drops for entity with registry name: undergarden:scintling
[24Sep2026 21:09:58.057] [Render thread/INFO] [com.sammy.malum.MalumMod/]: Added spirit drops for entity with registry name: minecraft:cat
[24Sep2026 21:09:58.057] [Render thread/INFO] [com.sammy.malum.MalumMod/]: Added spirit drops for entity with registry name: undergarden:rotbeast
[24Sep2026 21:09:58.057] [Render thread/INFO] [com.sammy.malum.MalumMod/]: Added spirit drops for entity with registry name: minecraft:goat
[24Sep2026 21:09:58.057] [Render thread/INFO] [com.sammy.malum.MalumMod/]: Added spirit drops for entity with registry name: minecraft:vindicator
[24Sep2026 21:09:58.057] [Render thread/INFO] [com.sammy.malum.MalumMod/]: Added spirit drops for entity with registry name: minecraft:wither
[24Sep2026 21:09:58.057] [Render thread/INFO] [com.sammy.malum.MalumMod/]: Added spirit drops for entity with registry name: minecraft:zombie_villager
[24Sep2026 21:09:58.057] [Render thread/INFO] [com.sammy.malum.MalumMod/]: Added spirit drops for entity with registry name: minecraft:drowned
[24Sep2026 21:09:58.058] [Render thread/INFO] [com.sammy.malum.MalumMod/]: Added spirit drops for entity with registry name: minecraft:tadpole
[24Sep2026 21:09:58.058] [Render thread/INFO] [com.sammy.malum.MalumMod/]: Added spirit drops for entity with registry name: minecraft:slime
[24Sep2026 21:09:58.058] [Render thread/INFO] [com.sammy.malum.MalumMod/]: Added spirit drops for entity with registry name: ars_nouveau:wilden_stalker
[24Sep2026 21:09:58.058] [Render thread/INFO] [com.sammy.malum.MalumMod/]: Added spirit drops for entity with registry name: minecraft:spider
[24Sep2026 21:09:58.058] [Render thread/INFO] [com.sammy.malum.MalumMod/]: Added spirit drops for entity with registry name: undergarden:gwibling
[24Sep2026 21:09:58.058] [Render thread/INFO] [com.sammy.malum.MalumMod/]: Added spirit drops for entity with registry name: minecraft:cave_spider
[24Sep2026 21:09:58.058] [Render thread/INFO] [com.sammy.malum.MalumMod/]: Added spirit drops for entity with registry name: minecraft:dolphin
[24Sep2026 21:09:58.058] [Render thread/INFO] [com.sammy.malum.MalumMod/]: Added spirit drops for entity with registry name: undergarden:rotling
[24Sep2026 21:09:58.058] [Render thread/INFO] [com.sammy.malum.MalumMod/]: Added spirit drops for entity with registry name: minecraft:armadillo
[24Sep2026 21:09:58.058] [Render thread/INFO] [com.sammy.malum.MalumMod/]: Added spirit drops for entity with registry name: minecraft:piglin_brute
[24Sep2026 21:09:58.058] [Render thread/INFO] [com.sammy.malum.MalumMod/]: Added spirit drops for entity with registry name: minecraft:breeze
[24Sep2026 21:09:58.058] [Render thread/INFO] [com.sammy.malum.MalumMod/]: Added spirit drops for entity with registry name: minecraft:snow_golem
[24Sep2026 21:09:58.058] [Render thread/INFO] [com.sammy.malum.MalumMod/]: Added spirit drops for entity with registry name: minecraft:hoglin
[24Sep2026 21:09:58.058] [Render thread/INFO] [com.sammy.malum.MalumMod/]: Added spirit drops for entity with registry name: ars_nouveau:wilden_guardian
[24Sep2026 21:09:58.058] [Render thread/INFO] [com.sammy.malum.MalumMod/]: Added spirit drops for entity with registry name: undergarden:forgotten_guardian
[24Sep2026 21:09:58.058] [Render thread/INFO] [com.sammy.malum.MalumMod/]: Added spirit drops for entity with registry name: minecraft:evoker
[24Sep2026 21:09:58.058] [Render thread/INFO] [com.sammy.malum.MalumMod/]: Added spirit drops for entity with registry name: minecraft:turtle
[24Sep2026 21:09:58.058] [Render thread/INFO] [com.sammy.malum.MalumMod/]: Added spirit drops for entity with registry name: undergarden:nargoyle
[24Sep2026 21:09:58.058] [Render thread/INFO] [com.sammy.malum.MalumMod/]: Added spirit drops for entity with registry name: undergarden:brute
[24Sep2026 21:09:58.058] [Render thread/INFO] [com.sammy.malum.MalumMod/]: Added spirit drops for entity with registry name: minecraft:parrot
[24Sep2026 21:09:58.058] [Render thread/INFO] [com.sammy.malum.MalumMod/]: Added spirit drops for entity with registry name: minecraft:zombie_horse
[24Sep2026 21:09:58.058] [Render thread/INFO] [com.sammy.malum.MalumMod/]: Added spirit drops for entity with registry name: minecraft:witch
[24Sep2026 21:09:58.058] [Render thread/INFO] [com.sammy.malum.MalumMod/]: Added spirit drops for entity with registry name: minecraft:wolf
[24Sep2026 21:09:58.058] [Render thread/INFO] [com.sammy.malum.MalumMod/]: Added spirit drops for entity with registry name: minecraft:creeper
[24Sep2026 21:09:58.058] [Render thread/INFO] [com.sammy.malum.MalumMod/]: Added spirit drops for entity with registry name: minecraft:chicken
[24Sep2026 21:09:58.058] [Render thread/INFO] [com.sammy.malum.MalumMod/]: Added spirit drops for entity with registry name: minecraft:tropical_fish
[24Sep2026 21:09:58.058] [Render thread/INFO] [com.sammy.malum.MalumMod/]: Added spirit drops for entity with registry name: minecraft:elder_guardian
[24Sep2026 21:09:58.058] [Render thread/INFO] [com.sammy.malum.MalumMod/]: Added spirit drops for entity with registry name: minecraft:endermite
[24Sep2026 21:09:58.058] [Render thread/INFO] [com.sammy.malum.MalumMod/]: Added spirit drops for entity with registry name: minecraft:llama
[24Sep2026 21:09:58.059] [Render thread/INFO] [com.sammy.malum.MalumMod/]: Added spirit drops for entity with registry name: minecraft:guardian
[24Sep2026 21:09:58.059] [Render thread/INFO] [com.sammy.malum.MalumMod/]: Added spirit drops for entity with registry name: ars_nouveau:wilden_hunter
[24Sep2026 21:09:58.059] [Render thread/INFO] [com.sammy.malum.MalumMod/]: Added spirit drops for entity with registry name: minecraft:cod
[24Sep2026 21:09:58.059] [Render thread/INFO] [com.sammy.malum.MalumMod/]: Added spirit drops for entity with registry name: minecraft:cow
[24Sep2026 21:09:58.059] [Render thread/INFO] [com.sammy.malum.MalumMod/]: Added spirit drops for entity with registry name: minecraft:magma_cube
[24Sep2026 21:09:58.059] [Render thread/INFO] [com.sammy.malum.MalumMod/]: Added spirit drops for entity with registry name: minecraft:wither_skeleton
[24Sep2026 21:09:58.059] [Render thread/INFO] [com.sammy.malum.MalumMod/]: Added spirit drops for entity with registry name: minecraft:pig
[24Sep2026 21:09:58.059] [Render thread/INFO] [com.sammy.malum.MalumMod/]: Added spirit drops for entity with registry name: minecraft:ocelot
[24Sep2026 21:09:58.059] [Render thread/INFO] [com.sammy.malum.MalumMod/]: Added spirit drops for entity with registry name: minecraft:donkey
[24Sep2026 21:09:58.059] [Render thread/INFO] [com.sammy.malum.MalumMod/]: Added spirit drops for entity with registry name: minecraft:ravager
[24Sep2026 21:09:58.059] [Render thread/INFO] [com.sammy.malum.MalumMod/]: Added spirit drops for entity with registry name: minecraft:bogged
[24Sep2026 21:09:58.059] [Render thread/INFO] [com.sammy.malum.MalumMod/]: Added spirit drops for entity with registry name: minecraft:silverfish
[24Sep2026 21:09:58.059] [Render thread/INFO] [com.sammy.malum.MalumMod/]: Added spirit drops for entity with registry name: minecraft:mule
[24Sep2026 21:09:58.059] [Render thread/INFO] [com.sammy.malum.MalumMod/]: Added spirit drops for entity with registry name: minecraft:horse
[24Sep2026 21:09:58.059] [Render thread/INFO] [com.sammy.malum.MalumMod/]: Added spirit drops for entity with registry name: undergarden:rotwalker
[24Sep2026 21:09:58.059] [Render thread/INFO] [com.sammy.malum.MalumMod/]: Added spirit drops for entity with registry name: undergarden:sploogie
[24Sep2026 21:09:58.059] [Render thread/INFO] [com.sammy.malum.MalumMod/]: Added spirit drops for entity with registry name: minecraft:piglin
[24Sep2026 21:09:58.059] [Render thread/INFO] [com.sammy.malum.MalumMod/]: Added spirit drops for entity with registry name: undergarden:gloomper
[24Sep2026 21:09:58.059] [Render thread/INFO] [com.sammy.malum.MalumMod/]: Added spirit drops for entity with registry name: minecraft:pillager
[24Sep2026 21:09:58.059] [Render thread/INFO] [com.sammy.malum.MalumMod/]: Added spirit drops for entity with registry name: undergarden:gwib
[24Sep2026 21:09:58.059] [Render thread/INFO] [com.sammy.malum.MalumMod/]: Added spirit drops for entity with registry name: botania:doppleganger
[24Sep2026 21:09:58.059] [Render thread/INFO] [com.sammy.malum.MalumMod/]: Added spirit drops for entity with registry name: minecraft:enderman
[24Sep2026 21:09:58.059] [Render thread/INFO] [com.sammy.malum.MalumMod/]: Added spirit drops for entity with registry name: undergarden:stoneborn
[24Sep2026 21:09:58.059] [Render thread/INFO] [com.sammy.malum.MalumMod/]: Added spirit drops for entity with registry name: minecraft:bee
[24Sep2026 21:09:58.059] [Render thread/INFO] [com.sammy.malum.MalumMod/]: Added spirit drops for entity with registry name: minecraft:salmon
[24Sep2026 21:09:58.059] [Render thread/INFO] [com.sammy.malum.MalumMod/]: Added spirit drops for entity with registry name: minecraft:mooshroom
[24Sep2026 21:09:58.059] [Render thread/INFO] [com.sammy.malum.MalumMod/]: Added spirit drops for entity with registry name: minecraft:squid
[24Sep2026 21:09:58.059] [Render thread/INFO] [com.sammy.malum.MalumMod/]: Added spirit drops for entity with registry name: minecraft:fox
[24Sep2026 21:09:58.059] [Render thread/INFO] [com.sammy.malum.MalumMod/]: Added spirit drops for entity with registry name: minecraft:trader_llama
[24Sep2026 21:09:58.059] [Render thread/INFO] [com.sammy.malum.MalumMod/]: Added spirit drops for entity with registry name: minecraft:sheep
[24Sep2026 21:09:58.060] [Render thread/INFO] [com.sammy.malum.MalumMod/]: Added spirit drops for entity with registry name: minecraft:skeleton_horse
[24Sep2026 21:09:58.060] [Render thread/INFO] [com.sammy.malum.MalumMod/]: Added spirit drops for entity with registry name: minecraft:pufferfish
[24Sep2026 21:09:58.060] [Render thread/INFO] [com.sammy.malum.MalumMod/]: Added spirit drops for entity with registry name: minecraft:ghast
[24Sep2026 21:09:58.060] [Render thread/INFO] [com.sammy.malum.MalumMod/]: Added spirit drops for entity with registry name: minecraft:villager
[24Sep2026 21:09:58.060] [Render thread/INFO] [com.sammy.malum.MalumMod/]: Added spirit drops for entity with registry name: minecraft:zoglin
[24Sep2026 21:09:58.060] [Render thread/INFO] [com.sammy.malum.MalumMod/]: Added spirit drops for entity with registry name: ars_nouveau:wilden_boss
[24Sep2026 21:09:58.060] [Render thread/INFO] [com.sammy.malum.MalumMod/]: Added spirit drops for entity with registry name: minecraft:husk
[24Sep2026 21:09:58.060] [Render thread/INFO] [com.sammy.malum.MalumMod/]: Added spirit drops for entity with registry name: minecraft:polar_bear
[24Sep2026 21:09:58.060] [Render thread/INFO] [com.sammy.malum.MalumMod/]: Added spirit drops for entity with registry name: minecraft:strider
[24Sep2026 21:09:58.060] [Render thread/INFO] [com.sammy.malum.MalumMod/]: Added spirit drops for entity with registry name: minecraft:iron_golem
[24Sep2026 21:09:58.060] [Render thread/INFO] [com.sammy.malum.MalumMod/]: Added spirit drops for entity with registry name: minecraft:bat
[24Sep2026 21:09:58.060] [Render thread/INFO] [com.sammy.malum.MalumMod/]: Added spirit drops for entity with registry name: minecraft:axolotl
[24Sep2026 21:09:58.060] [Render thread/INFO] [com.sammy.malum.MalumMod/]: Added spirit drops for entity with registry name: minecraft:rabbit
[24Sep2026 21:09:58.060] [Render thread/INFO] [com.sammy.malum.MalumMod/]: Added spirit drops for entity with registry name: minecraft:wandering_trader
[24Sep2026 21:09:58.060] [Render thread/INFO] [com.sammy.malum.MalumMod/]: Added spirit drops for entity with registry name: undergarden:mog
[24Sep2026 21:09:58.060] [Render thread/INFO] [com.sammy.malum.MalumMod/]: Added spirit drops for entity with registry name: minecraft:illusioner
[24Sep2026 21:09:58.060] [Render thread/INFO] [com.sammy.malum.MalumMod/]: Added spirit drops for entity with registry name: minecraft:blaze
[24Sep2026 21:09:58.062] [Render thread/WARN] [com.sammy.malum.MalumMod/]: Malignant conversion data references an attribute that does not exist: irons_spellbooks:max_mana
[24Sep2026 21:09:58.062] [Render thread/WARN] [com.sammy.malum.MalumMod/]: Malignant conversion data references an attribute that does not exist: irons_spellbooks:spell_power
[24Sep2026 21:09:58.062] [Render thread/WARN] [com.sammy.malum.MalumMod/]: Malignant conversion data references an attribute that does not exist: irons_spellbooks:fire_spell_power
[24Sep2026 21:09:58.062] [Render thread/WARN] [com.sammy.malum.MalumMod/]: Malignant conversion data references an attribute that does not exist: irons_spellbooks:ice_spell_power
[24Sep2026 21:09:58.062] [Render thread/WARN] [com.sammy.malum.MalumMod/]: Malignant conversion data references an attribute that does not exist: irons_spellbooks:lightning_spell_power
[24Sep2026 21:09:58.062] [Render thread/WARN] [com.sammy.malum.MalumMod/]: Malignant conversion data references an attribute that does not exist: irons_spellbooks:holy_spell_power
[24Sep2026 21:09:58.062] [Render thread/WARN] [com.sammy.malum.MalumMod/]: Malignant conversion data references an attribute that does not exist: irons_spellbooks:ender_spell_power
[24Sep2026 21:09:58.062] [Render thread/WARN] [com.sammy.malum.MalumMod/]: Malignant conversion data references an attribute that does not exist: irons_spellbooks:blood_spell_power
[24Sep2026 21:09:58.062] [Render thread/WARN] [com.sammy.malum.MalumMod/]: Malignant conversion data references an attribute that does not exist: irons_spellbooks:evocation_spell_power
[24Sep2026 21:09:58.062] [Render thread/WARN] [com.sammy.malum.MalumMod/]: Malignant conversion data references an attribute that does not exist: irons_spellbooks:nature_spell_power
[24Sep2026 21:09:58.062] [Render thread/WARN] [com.sammy.malum.MalumMod/]: Malignant conversion data references an attribute that does not exist: irons_spellbooks:eldritch_spell_power
[24Sep2026 21:09:58.063] [Render thread/WARN] [com.sammy.malum.MalumMod/]: Malignant conversion data references an attribute that does not exist: irons_spellbooks:mana_regen
[24Sep2026 21:09:58.063] [Render thread/WARN] [com.sammy.malum.MalumMod/]: Malignant conversion data references an attribute that does not exist: irons_spellbooks:cooldown_reduction
[24Sep2026 21:09:58.063] [Render thread/WARN] [com.sammy.malum.MalumMod/]: Malignant conversion data references an attribute that does not exist: irons_spellbooks:cast_time_reduction
[24Sep2026 21:09:58.063] [Render thread/WARN] [com.sammy.malum.MalumMod/]: Malignant conversion data references an attribute that does not exist: irons_spellbooks:summon_damage
[24Sep2026 21:09:58.072] [Render thread/INFO] [ForgeBornCore/]: GT ore vein generation ready: 40 definitions loaded, 40 converted at reload time; spherical definitions are kept
[24Sep2026 21:09:58.077] [Render thread/INFO] [botania/]: Loaded 31 Loonium configurations
[24Sep2026 21:09:58.106] [Render thread/WARN] [net.minecraft.core.MappedRegistry/]: Not all defined tags for registry ResourceKey[minecraft:root / minecraft:block] are present in data pack: botania:mineable/vitreous_pickaxe, botania:vitreous_pickaxe_silktouched, c:mineable/crowbar, c:mineable/hammer, c:mineable/saw
[24Sep2026 21:09:59.899] [Render thread/WARN] [EMI/]: [EMI] The following EMI classes have mixins applied to them, which could fundamentally alter behavior and cause issues.
[24Sep2026 21:09:59.900] [Render thread/WARN] [EMI/]: [EMI] dev.emi.emi.api.EmiApi is tainted by
	 * com.gregtechceu.gtceu.core.mixins.emi.EmiApiAccessor
[24Sep2026 21:09:59.900] [Render thread/WARN] [EMI/]: [EMI] dev.emi.emi.EmiRenderHelper is tainted by
	 * com.lowdragmc.lowdraglib.core.mixins.emi.EmiRenderHelperMixin
[24Sep2026 21:09:59.900] [Render thread/WARN] [EMI/]: [EMI] dev.emi.emi.screen.RecipeScreen is tainted by
	 * com.lowdragmc.lowdraglib.core.mixins.emi.RecipeScreenMixin
	 * brachy.modularui.core.mixins.emi.RecipeScreenMixin
[24Sep2026 21:09:59.900] [Render thread/WARN] [EMI/]: [EMI] dev.emi.emi.network.FillRecipeC2SPacket is tainted by
	 * com.gregtechceu.gtceu.core.mixins.emi.FillRecipePacketMixin
[24Sep2026 21:09:59.900] [Render thread/INFO] [EMI/]: [EMI] Recipes synchronized, waiting for tags to reload EMI...
[24Sep2026 21:09:59.915] [Render thread/INFO] [snownee.jade.Jade/]: LootTableMineableCollector took 14.78 ms
[24Sep2026 21:10:00.006] [Server thread/INFO] [net.minecraft.client.server.IntegratedServer/]: Starting integrated minecraft server version 1.21.1
[24Sep2026 21:10:00.007] [Server thread/INFO] [net.minecraft.server.MinecraftServer/]: Generating keypair
[24Sep2026 21:10:00.132] [Server thread/INFO] [FTB Teams/]: loaded team data: 1 known players, 1 teams total
[24Sep2026 21:10:00.135] [Server thread/INFO] [dev.devce.rocketnautics.RocketNautics/]: Successfully expanded Sable altitude limits in ServerAboutToStartEvent.
[24Sep2026 21:10:00.155] [Server thread/INFO] [dev.ryanhcode.sable.Sable/]: Creating physics pipeline for ResourceKey[minecraft:dimension / minecraft:overworld] using RapierPhysicsPipelineProvider
[24Sep2026 21:10:00.293] [Server thread/ERROR] [dev.ryanhcode.sable.Sable/]: Failed to apply tag physics properties. Unknown tag: sable:quarter_volume
[24Sep2026 21:10:00.294] [Server thread/ERROR] [dev.ryanhcode.sable.Sable/]: Failed to apply tag physics properties. Unknown tag: sable:super_light
[24Sep2026 21:10:00.541] [Server thread/INFO] [dev.ryanhcode.sable.Sable/]: Creating physics pipeline for ResourceKey[minecraft:dimension / rocketnautics:deep_space] using RapierPhysicsPipelineProvider
[24Sep2026 21:10:00.593] [Server thread/ERROR] [dev.ryanhcode.sable.Sable/]: Failed to apply tag physics properties. Unknown tag: sable:quarter_volume
[24Sep2026 21:10:00.593] [Server thread/ERROR] [dev.ryanhcode.sable.Sable/]: Failed to apply tag physics properties. Unknown tag: sable:super_light
[24Sep2026 21:10:01.567] [Server thread/INFO] [dev.ryanhcode.sable.Sable/]: Creating physics pipeline for ResourceKey[minecraft:dimension / rocketnautics:moon] using RapierPhysicsPipelineProvider
[24Sep2026 21:10:01.583] [Server thread/ERROR] [dev.ryanhcode.sable.Sable/]: Failed to apply tag physics properties. Unknown tag: sable:quarter_volume
[24Sep2026 21:10:01.583] [Server thread/ERROR] [dev.ryanhcode.sable.Sable/]: Failed to apply tag physics properties. Unknown tag: sable:super_light
[24Sep2026 21:10:01.614] [Server thread/INFO] [dev.ryanhcode.sable.Sable/]: Creating physics pipeline for ResourceKey[minecraft:dimension / undergarden:undergarden] using RapierPhysicsPipelineProvider
[24Sep2026 21:10:01.624] [Server thread/ERROR] [dev.ryanhcode.sable.Sable/]: Failed to apply tag physics properties. Unknown tag: sable:quarter_volume
[24Sep2026 21:10:01.624] [Server thread/ERROR] [dev.ryanhcode.sable.Sable/]: Failed to apply tag physics properties. Unknown tag: sable:super_light
[24Sep2026 21:10:01.627] [Server thread/INFO] [dev.ryanhcode.sable.Sable/]: Creating physics pipeline for ResourceKey[minecraft:dimension / minecraft:the_nether] using RapierPhysicsPipelineProvider
[24Sep2026 21:10:01.639] [Server thread/ERROR] [dev.ryanhcode.sable.Sable/]: Failed to apply tag physics properties. Unknown tag: sable:quarter_volume
[24Sep2026 21:10:01.639] [Server thread/ERROR] [dev.ryanhcode.sable.Sable/]: Failed to apply tag physics properties. Unknown tag: sable:super_light
[24Sep2026 21:10:01.642] [Server thread/INFO] [dev.ryanhcode.sable.Sable/]: Creating physics pipeline for ResourceKey[minecraft:dimension / the_afterdark:afterdark] using RapierPhysicsPipelineProvider
[24Sep2026 21:10:01.652] [Server thread/ERROR] [dev.ryanhcode.sable.Sable/]: Failed to apply tag physics properties. Unknown tag: sable:quarter_volume
[24Sep2026 21:10:01.653] [Server thread/ERROR] [dev.ryanhcode.sable.Sable/]: Failed to apply tag physics properties. Unknown tag: sable:super_light
[24Sep2026 21:10:01.655] [Server thread/INFO] [dev.ryanhcode.sable.Sable/]: Creating physics pipeline for ResourceKey[minecraft:dimension / minecraft:the_end] using RapierPhysicsPipelineProvider
[24Sep2026 21:10:01.665] [Server thread/ERROR] [dev.ryanhcode.sable.Sable/]: Failed to apply tag physics properties. Unknown tag: sable:quarter_volume
[24Sep2026 21:10:01.665] [Server thread/ERROR] [dev.ryanhcode.sable.Sable/]: Failed to apply tag physics properties. Unknown tag: sable:super_light
[24Sep2026 21:10:01.677] [Server thread/INFO] [dev.ryanhcode.sable.Sable/]: Creating physics pipeline for ResourceKey[minecraft:dimension / ae2:spatial_storage] using RapierPhysicsPipelineProvider
[24Sep2026 21:10:01.687] [Server thread/ERROR] [dev.ryanhcode.sable.Sable/]: Failed to apply tag physics properties. Unknown tag: sable:quarter_volume
[24Sep2026 21:10:01.687] [Server thread/ERROR] [dev.ryanhcode.sable.Sable/]: Failed to apply tag physics properties. Unknown tag: sable:super_light
[24Sep2026 21:10:01.689] [Server thread/INFO] [net.minecraft.server.MinecraftServer/]: Preparing start region for dimension minecraft:overworld
[24Sep2026 21:10:01.691] [Server thread/INFO] [KubeJS Server/]: Capturing errors for server scripts disabled
[24Sep2026 21:10:01.705] [Server thread/INFO] [KubeJS Server/]: Server resource reload complete!
[24Sep2026 21:10:02.027] [progressListener/INFO] [net.minecraft.server.level.progress.LoggerChunkProgressListener/]: Preparing spawn area: 0%
[24Sep2026 21:10:02.103] [Server thread/INFO] [net.neoforged.neoforge.server.permission.PermissionAPI/]: Successfully initialized permission handler neoforge:default_handler
[24Sep2026 21:10:02.105] [Server thread/WARN] [net.neoforged.neoforge.common.TagConventionLogWarning/]: 
   Dev warning - Legacy Tags detected. Please migrate your 'forge' namespace tags to the 'c' namespace! See net.neoforged.neoforge.common.Tags.java for all tags.
   NOTE: Many tags have been moved around or renamed. Some new ones were added so please review the new tags.
    And make sure you follow tag conventions for new tags! The convention is `c` with nouns generally being plural and adjectives being singular.
   You can disable this message in NeoForge's common config by setting `logLegacyTagWarnings` to "SILENCED" or see individual tags with "DEV_VERBOSE".

[24Sep2026 21:10:02.105] [Server thread/INFO] [xaero.map.WorldMap/]: Registered synced player tracker system: ftb_teams
[24Sep2026 21:10:02.106] [Server thread/INFO] [xaero.hud.minimap.MinimapLogs/]: Registered synced player tracker system: ftb_teams
[24Sep2026 21:10:02.114] [progressListener/INFO] [net.minecraft.server.level.progress.LoggerChunkProgressListener/]: Time elapsed: 423 ms
[24Sep2026 21:10:02.114] [Server thread/INFO] [FTB Quests/]: Loading quests from /home/sqvizers/IdeaProjects/ForgeBorn-Core/runs/client/config/ftbquests/quests
[24Sep2026 21:10:02.118] [Server thread/INFO] [FTB Quests/]: loaded translation tables for 1 language(s)
[24Sep2026 21:10:02.134] [Server thread/ERROR] [FTB Library/]: Failed to read /home/sqvizers/IdeaProjects/ForgeBorn-Core/runs/client/config/ftbquests/quests/chapters/steam_age - Copy.snbt: New line without closing string with " @ 40:228!
[24Sep2026 21:10:02.150] [Server thread/INFO] [FTB Quests/]: Loaded 5 chapter groups, 15 chapters, 518 quests, 8 reward tables
[24Sep2026 21:10:02.156] [Server thread/INFO] [patchouli/]: Sending reload packet to clients
[24Sep2026 21:10:02.425] [Server thread/INFO] [net.minecraft.client.server.IntegratedServer/]: Changing view distance to 12, from 10
[24Sep2026 21:10:02.425] [Server thread/INFO] [net.minecraft.client.server.IntegratedServer/]: Changing simulation distance to 12, from 0
[24Sep2026 21:10:02.509] [Render thread/INFO] [dev.ryanhcode.sable.Sable/]: Adding local UDP server channel future
[24Sep2026 21:10:02.515] [Render thread/WARN] [io.netty.bootstrap.Bootstrap/]: Unknown channel option 'SO_BROADCAST' for channel '[id: 0x6699e8f5]'
[24Sep2026 21:10:02.520] [Netty Server IO #1/INFO] [dev.ryanhcode.sable.Sable/]: Server UDP channel active
[24Sep2026 21:10:02.531] [Render thread/INFO] [dev.ryanhcode.sable.Sable/]: Starting local client UDP channel future
[24Sep2026 21:10:02.532] [Netty Local Client IO #1/INFO] [dev.ryanhcode.sable.Sable/]: Client UDP channel active
[24Sep2026 21:10:02.893] [Render thread/INFO] [com.simibubi.create.Create/]: Created 280 recipes which will be injected into the game
[24Sep2026 21:10:02.894] [Render thread/INFO] [com.simibubi.create.Create/]: Created 6 tags which will be injected into the game
[24Sep2026 21:10:03.031] [Render thread/INFO] [EMI/]: [EMI] Recipes synchronized, waiting for tags to reload EMI...
[24Sep2026 21:10:03.187] [Server thread/INFO] [net.minecraft.server.players.PlayerList/]: Dev[local:E:bdd7f9e9] logged in with entity id 55 at (254.5910542933393, 102.53292827534491, 263.6165803087183)
[24Sep2026 21:10:03.188] [Server thread/INFO] [dev.ryanhcode.sable.Sable/]: Beginning attempted authentication with player Dev
[24Sep2026 21:10:03.190] [Server thread/INFO] [Modonomicon/]: Building books ...
[24Sep2026 21:10:03.195] [Server thread/INFO] [Modonomicon/]: Books built.
[24Sep2026 21:10:03.213] [Render thread/INFO] [xaero.map.WorldMap/]: Fullscreen map required item set to nothing.
[24Sep2026 21:10:03.220] [Render thread/INFO] [xaero.map.WorldMap/]: New world map session initialized!
[24Sep2026 21:10:03.230] [Server thread/INFO] [net.minecraft.server.MinecraftServer/]: Dev joined the game
[24Sep2026 21:10:03.240] [Render thread/INFO] [xaero.hud.minimap.MinimapLogs/]: Minimap required item set to nothing.
[24Sep2026 21:10:03.240] [Render thread/INFO] [xaero.hud.minimap.MinimapLogs/]: New Xaero hud session initialized!
[24Sep2026 21:10:03.286] [Render thread/INFO] [Iris/]: Reloading pipeline on dimension change: minecraft:overworld => minecraft:overworld
[24Sep2026 21:10:03.286] [Render thread/INFO] [Iris/]: Destroying pipeline minecraft:overworld
[24Sep2026 21:10:03.286] [Render thread/INFO] [Iris/]: Creating pipeline for dimension minecraft:overworld
[24Sep2026 21:10:03.462] [Render thread/INFO] [ChunkBuilder/]: Started 10 worker threads
[24Sep2026 21:10:03.572] [Render thread/INFO] [flywheel/]: Started 10 worker threads
[24Sep2026 21:10:03.606] [Render thread/ERROR] [dev.ryanhcode.sable.Sable/]: Failed to apply tag physics properties. Unknown tag: sable:quarter_volume
[24Sep2026 21:10:03.607] [Render thread/ERROR] [dev.ryanhcode.sable.Sable/]: Failed to apply tag physics properties. Unknown tag: sable:super_light
[24Sep2026 21:10:03.961] [Render thread/INFO] [Veil/]: Multi-Bind supported, using core
[24Sep2026 21:10:04.059] [Render thread/INFO] [xaero.hud.minimap.MinimapLogs/]: Reloading radar icon resources...
[24Sep2026 21:10:04.072] [Render thread/INFO] [xaero.hud.minimap.MinimapLogs/]: Reloaded radar icon resources!
[24Sep2026 21:10:04.869] [Render thread/WARN] [net.minecraft.client.ClientRecipeBook/]: Unknown recipe category: ars_nouveau:imbuement/ars_nouveau:imbuement_abjuration_essence
[24Sep2026 21:10:04.870] [Render thread/WARN] [net.minecraft.client.ClientRecipeBook/]: Unknown recipe category: ars_nouveau:imbuement/ars_nouveau:imbuement_water_essence
[24Sep2026 21:10:04.870] [Render thread/WARN] [net.minecraft.client.ClientRecipeBook/]: Unknown recipe category: ars_nouveau:imbuement/ars_nouveau:imbuement_lapis
[24Sep2026 21:10:04.870] [Render thread/WARN] [net.minecraft.client.ClientRecipeBook/]: Unknown recipe category: ars_nouveau:imbuement/ars_nouveau:imbuement_amplify_arrow
[24Sep2026 21:10:04.870] [Render thread/WARN] [net.minecraft.client.ClientRecipeBook/]: Unknown recipe category: ars_nouveau:imbuement/ars_nouveau:imbuement_amethyst_block
[24Sep2026 21:10:04.870] [Render thread/WARN] [net.minecraft.client.ClientRecipeBook/]: Unknown recipe category: ars_nouveau:imbuement/ars_nouveau:imbuement_manipulation_essence
[24Sep2026 21:10:04.870] [Render thread/WARN] [net.minecraft.client.ClientRecipeBook/]: Unknown recipe category: ars_nouveau:imbuement/ars_nouveau:imbuement_amethyst
[24Sep2026 21:10:04.870] [Render thread/WARN] [net.minecraft.client.ClientRecipeBook/]: Unknown recipe category: ars_nouveau:imbuement/ars_nouveau:imbuement_pierce_arrow
[24Sep2026 21:10:04.870] [Render thread/WARN] [net.minecraft.client.ClientRecipeBook/]: Unknown recipe category: ars_nouveau:imbuement/ars_nouveau:imbuement_split_arrow
[24Sep2026 21:10:04.870] [Render thread/WARN] [net.minecraft.client.ClientRecipeBook/]: Unknown recipe category: ars_nouveau:imbuement/ars_nouveau:imbuement_fire_essence
[24Sep2026 21:10:04.870] [Render thread/WARN] [net.minecraft.client.ClientRecipeBook/]: Unknown recipe category: ars_nouveau:imbuement/ars_nouveau:imbuement_earth_essence
[24Sep2026 21:10:04.870] [Render thread/WARN] [net.minecraft.client.ClientRecipeBook/]: Unknown recipe category: ars_nouveau:imbuement/ars_nouveau:imbuement_conjuration_essence
[24Sep2026 21:10:04.870] [Render thread/WARN] [net.minecraft.client.ClientRecipeBook/]: Unknown recipe category: ars_nouveau:imbuement/ars_nouveau:imbuement_air_essence
[24Sep2026 21:10:04.902] [Render thread/INFO] [Modonomicon/]: Pre-rendering markdown ...
[24Sep2026 21:10:05.068] [Render thread/INFO] [Modonomicon/]: Finished pre-rendering markdown.
[24Sep2026 21:10:05.069] [Render thread/INFO] [mezz.jei.core.util.LoggedTimer/]: Starting JEI...
[24Sep2026 21:10:05.074] [Render thread/INFO] [mezz.jei.library.load.PluginCaller/]: Registering item subtypes...
[24Sep2026 21:10:05.077] [Render thread/INFO] [mezz.jei.library.load.PluginCaller/]: Registering item subtypes took 2.260 milliseconds
[24Sep2026 21:10:05.077] [Render thread/INFO] [mezz.jei.library.load.PluginCaller/]: Registering fluid subtypes...
[24Sep2026 21:10:05.078] [Render thread/INFO] [mezz.jei.library.load.PluginCaller/]: Registering fluid subtypes took 1.238 milliseconds
[24Sep2026 21:10:05.080] [Render thread/INFO] [mezz.jei.library.load.PluginCaller/]: Registering ingredients...
[24Sep2026 21:10:05.138] [Render thread/WARN] [mezz.jei.library.plugins.vanilla.ingredients.ItemStackListFactory/]: 46 duplicate items were found in 'Functional Blocks' creative tab's: displayItems
This may indicate that these types of item need a subtype interpreter added to JEI:
[minecraft:painting]
[24Sep2026 21:10:05.143] [Render thread/WARN] [mezz.jei.library.plugins.vanilla.ingredients.ItemStackListFactory/]: 9 duplicate items were found in 'Tools & Utilities' creative tab's: displayItems
This may indicate that these types of item need a subtype interpreter added to JEI:
[minecraft:firework_rocket, minecraft:goat_horn]
[24Sep2026 21:10:05.147] [Render thread/WARN] [mezz.jei.library.plugins.vanilla.ingredients.ItemStackListFactory/]: 89 duplicate items were found in 'Combat' creative tab's: displayItems
This may indicate that these types of item need a subtype interpreter added to JEI:
[minecraft:tipped_arrow]
[24Sep2026 21:10:05.158] [Render thread/WARN] [mezz.jei.library.plugins.vanilla.ingredients.ItemStackListFactory/]: 355 duplicate items were found in 'Food & Drinks' creative tab's: displayItems
This may indicate that these types of item need a subtype interpreter added to JEI:
[minecraft:splash_potion, minecraft:potion, minecraft:suspicious_stew, minecraft:ominous_bottle, minecraft:lingering_potion]
[24Sep2026 21:10:05.166] [Render thread/WARN] [mezz.jei.library.plugins.vanilla.ingredients.ItemStackListFactory/]: 63 duplicate items were found in 'Ingredients' creative tab's: displayItems
This may indicate that these types of item need a subtype interpreter added to JEI:
[minecraft:enchanted_book]
[24Sep2026 21:10:05.169] [Render thread/WARN] [mezz.jei.library.plugins.vanilla.ingredients.ItemStackListFactory/]: 4 duplicate items were found in 'AE2 Wireless Terminals (AE2WTLib)' creative tab's: displayItems
This may indicate that these types of item need a subtype interpreter added to JEI:
[ItemWET[wireless_pattern_encoding_terminal], ItemWCT[wireless_crafting_terminal], ItemWAT[wireless_pattern_access_terminal], ItemWUT[wireless_universal_terminal]]
[24Sep2026 21:10:05.203] [Render thread/WARN] [mezz.jei.library.plugins.vanilla.ingredients.ItemStackListFactory/]: 19 duplicate items were found in 'Applied Energistics 2' creative tab's: displayItems
This may indicate that these types of item need a subtype interpreter added to JEI:
[PortableCellItem[portable_item_cell_1k], PortableCellItem[portable_fluid_cell_4k], PortableCellItem[portable_fluid_cell_1k], PortableCellItem[portable_item_cell_4k], AnnihilationPlanePartItem[annihilation_plane], WirelessTerminalItem[wireless_terminal], PortableCellItem[portable_item_cell_64k], PortableCellItem[portable_item_cell_16k], ChargedStaffItem[charged_staff], ColorApplicatorItem[color_applicator], EntropyManipulatorItem[entropy_manipulator], PortableCellItem[portable_fluid_cell_64k], MatterCannonItem[matter_cannon], PortableCellItem[portable_item_cell_256k], PortableCellItem[portable_fluid_cell_16k], PortableCellItem[portable_fluid_cell_256k], ae2:energy_cell, ae2:dense_energy_cell]
[24Sep2026 21:10:05.214] [Render thread/WARN] [mezz.jei.library.plugins.vanilla.ingredients.ItemStackListFactory/]: 437 duplicate items were found in 'Applied Energistics 2 - Facades' creative tab's: displayItems
This may indicate that these types of item need a subtype interpreter added to JEI:
[FacadeItem[facade]]
[24Sep2026 21:10:05.222] [Render thread/WARN] [mezz.jei.library.plugins.vanilla.ingredients.ItemStackListFactory/]: 107 duplicate items were found in 'Botania' creative tab's: displayItems
This may indicate that these types of item need a subtype interpreter added to JEI:
[botania:mana_ring, botania:twig_wand, botania:mana_tablet, botania:incense_stick, botania:dreamwood_wand, botania:brew_vial, botania:brew_flask, botania:blood_pendant, botania:laputa_shard, botania:flight_tiara, botania:lexicon, botania:mana_ring_greater, botania:terra_pick]
[24Sep2026 21:10:05.241] [Render thread/WARN] [mezz.jei.library.plugins.vanilla.ingredients.ItemStackListFactory/]: Item Group has no display items and no search tab display items. Items from this group will be missing from the JEI ingredient list. Modonomicon
[24Sep2026 21:10:05.246] [Render thread/WARN] [mezz.jei.library.plugins.vanilla.ingredients.ItemStackListFactory/]: 3 duplicate items were found in 'Embers Re-Ignited' creative tab's: displayItems
This may indicate that these types of item need a subtype interpreter added to JEI:
[embers:ember_jar, embers:ember_cartridge, embers:ember_bulb]
[24Sep2026 21:10:05.271] [Render thread/WARN] [mezz.jei.library.plugins.vanilla.ingredients.ItemStackListFactory/]: 442 duplicate items were found in 'The Undergarden' creative tab's: displayItems
This may indicate that these types of item need a subtype interpreter added to JEI:
[undergarden:froststeel_helmet, undergarden:froststeel_chestplate, undergarden:froststeel_boots, undergarden:ancient_helmet, undergarden:utherium_chestplate, undergarden:utherium_boots, undergarden:cloggrum_helmet, undergarden:utherium_leggings, undergarden:cloggrum_leggings, undergarden:froststeel_leggings, undergarden:ancient_leggings, undergarden:cloggrum_bucket, undergarden:utherium_helmet, undergarden:cloggrum_chestplate, undergarden:cloggrum_boots, undergarden:ancient_chestplate]
[24Sep2026 21:10:05.278] [Render thread/WARN] [mezz.jei.library.plugins.vanilla.ingredients.ItemStackListFactory/]: 13 duplicate items were found in 'Malum: The Earth Imbued' creative tab's: displayItems
This may indicate that these types of item need a subtype interpreter added to JEI:
[malum:soulwoven_banner]
[24Sep2026 21:10:05.282] [Render thread/WARN] [mezz.jei.library.plugins.vanilla.ingredients.ItemStackListFactory/]: 27 duplicate items were found in 'Malum: Sworn Oaths' creative tab's: displayItems
This may indicate that these types of item need a subtype interpreter added to JEI:
[malum:geas]
[24Sep2026 21:10:05.348] [Render thread/WARN] [mezz.jei.library.plugins.vanilla.ingredients.ItemStackListFactory/]: 224 duplicate items were found in 'GregTechCEu Decoration Blocks' creative tab's: displayItems
This may indicate that these types of item need a subtype interpreter added to JEI:
[gtceu:gray_borderless_lamp, gtceu:purple_borderless_lamp, gtceu:gray_lamp, gtceu:red_borderless_lamp, gtceu:magenta_borderless_lamp, gtceu:light_blue_borderless_lamp, gtceu:black_borderless_lamp, gtceu:light_gray_lamp, gtceu:blue_borderless_lamp, gtceu:red_lamp, gtceu:purple_lamp, gtceu:lime_borderless_lamp, gtceu:green_lamp, gtceu:cyan_lamp, gtceu:orange_lamp, gtceu:yellow_borderless_lamp, gtceu:light_blue_lamp, gtceu:orange_borderless_lamp, gtceu:brown_borderless_lamp, gtceu:light_gray_borderless_lamp, gtceu:yellow_lamp, gtceu:cyan_borderless_lamp, gtceu:brown_lamp, gtceu:magenta_lamp, gtceu:black_lamp, gtceu:pink_lamp, gtceu:blue_lamp, gtceu:white_lamp, gtceu:lime_lamp, gtceu:green_borderless_lamp, gtceu:white_borderless_lamp, gtceu:pink_borderless_lamp]
[24Sep2026 21:10:05.385] [Render thread/WARN] [mezz.jei.library.plugins.vanilla.ingredients.ItemStackListFactory/]: 85 duplicate items were found in 'GregTechCEu Items' creative tab's: displayItems
This may indicate that these types of item need a subtype interpreter added to JEI:
[gtceu:iv_power_unit, gtceu:nanomuscle_boots, gtceu:energy_cluster, gtceu:prospector.hv, gtceu:zero_point_module, gtceu:energy_crystal, gtceu:facade_cover, gtceu:ev_vanadium_battery, gtceu:zpm_naquadria_battery, gtceu:prospector.luv, gtceu:hv_power_unit, gtceu:portable_debug_scanner, gtceu:hv_cadmium_battery, gtceu:quarktech_helmet, gtceu:mv_cadmium_battery, gtceu:nanomuscle_leggings, gtceu:tantalum_capacitor, gtceu:luv_vanadium_battery, gtceu:hv_item_magnet, gtceu:advanced_quarktech_chestplate, gtceu:lapotronic_energy_orb_cluster, gtceu:quarktech_boots, gtceu:turbine_rotor, gtceu:lv_power_unit, gtceu:mv_lithium_battery, gtceu:quarktech_leggings, gtceu:nano_saber, gtceu:electric_jetpack, gtceu:lapotronic_energy_orb, gtceu:advanced_electric_jetpack, gtceu:nightvision_goggles, gtceu:portable_scanner, gtceu:lv_lithium_battery, gtceu:nanomuscle_helmet, gtceu:prospector.lv, gtceu:advanced_nanomuscle_chestplate, gtceu:mv_power_unit, gtceu:lv_item_magnet, gtceu:energy_module, gtceu:quarktech_chestplate, gtceu:lv_cadmium_battery, gtceu:uv_naquadria_battery, gtceu:lv_sodium_battery, gtceu:iv_vanadium_battery, gtceu:mv_sodium_battery, gtceu:nanomuscle_chestplate, gtceu:hv_lithium_battery, gtceu:max_battery, gtceu:lapotron_crystal, gtceu:hv_sodium_battery, gtceu:ev_power_unit]
[24Sep2026 21:10:05.386] [Render thread/WARN] [mezz.jei.library.plugins.vanilla.ingredients.ItemStackListFactory/]: Item Group has no display items and no search tab display items. Items from this group will be missing from the JEI ingredient list. ForgeBorn Core
[24Sep2026 21:10:05.439] [Render thread/INFO] [mezz.jei.library.load.PluginCallerTimerRunnable/]: Registering ingredients: jei:minecraft took 358.1 milliseconds
[24Sep2026 21:10:05.440] [Render thread/INFO] [mezz.jei.library.load.PluginCaller/]: Registering ingredients took 359.7 milliseconds
[24Sep2026 21:10:05.440] [Render thread/INFO] [mezz.jei.library.load.PluginCaller/]: Registering extra ingredients...
[24Sep2026 21:10:05.451] [Render thread/INFO] [mezz.jei.library.load.PluginCaller/]: Registering extra ingredients took 10.06 milliseconds
[24Sep2026 21:10:05.451] [Render thread/INFO] [mezz.jei.library.load.PluginCaller/]: Registering search ingredient aliases...
[24Sep2026 21:10:05.455] [Render thread/INFO] [mezz.jei.library.load.PluginCaller/]: Registering search ingredient aliases took 2.752 milliseconds
[24Sep2026 21:10:05.503] [Render thread/INFO] [mezz.jei.library.load.PluginCaller/]: Registering Mod Info...
[24Sep2026 21:10:05.505] [Render thread/INFO] [mezz.jei.library.load.PluginCaller/]: Registering Mod Info took 1.687 milliseconds
[24Sep2026 21:10:05.538] [Render thread/INFO] [mezz.jei.library.load.PluginCaller/]: Registering categories...
[24Sep2026 21:10:05.579] [Render thread/INFO] [mezz.jei.library.load.PluginCallerTimerRunnable/]: Registering categories: jei:minecraft took 39.67 milliseconds
[24Sep2026 21:10:05.654] [Render thread/INFO] [mezz.jei.library.load.PluginCallerTimerRunnable/]: Registering categories: create:jei_plugin took 67.45 milliseconds
[24Sep2026 21:10:05.668] [Render thread/INFO] [mezz.jei.library.load.PluginCallerTimerRunnable/]: Registering categories: embers:jei_plugin took 13.46 milliseconds
[24Sep2026 21:10:05.670] [Render thread/INFO] [mezz.jei.library.load.PluginCaller/]: Registering categories took 131.8 milliseconds
[24Sep2026 21:10:05.671] [Render thread/INFO] [mezz.jei.library.load.PluginCaller/]: Registering vanilla category extensions...
[24Sep2026 21:10:05.678] [Render thread/INFO] [mezz.jei.library.load.PluginCaller/]: Registering vanilla category extensions took 6.847 milliseconds
[24Sep2026 21:10:05.679] [Render thread/INFO] [mezz.jei.library.load.PluginCaller/]: Registering recipe catalysts...
[24Sep2026 21:10:05.682] [Render thread/INFO] [mezz.jei.library.load.PluginCaller/]: Registering recipe catalysts took 2.168 milliseconds
[24Sep2026 21:10:05.683] [Render thread/INFO] [mezz.jei.core.util.LoggedTimer/]: Building recipe registry...
[24Sep2026 21:10:05.710] [Render thread/INFO] [mezz.jei.core.util.LoggedTimer/]: Building recipe registry took 26.89 milliseconds
[24Sep2026 21:10:05.714] [Render thread/INFO] [mezz.jei.library.load.PluginCaller/]: Registering advanced plugins...
[24Sep2026 21:10:05.716] [Render thread/INFO] [mezz.jei.library.load.PluginCaller/]: Registering advanced plugins took 1.444 milliseconds
[24Sep2026 21:10:05.719] [Render thread/INFO] [mezz.jei.library.load.PluginCaller/]: Registering recipes...
[24Sep2026 21:10:06.499] [Render thread/INFO] [mezz.jei.library.load.PluginCallerTimerRunnable/]: Registering recipes: farmersdelight:jei_plugin took 765.8 milliseconds
[24Sep2026 21:10:07.680] [Render thread/INFO] [mezz.jei.library.load.PluginCallerTimerRunnable/]: Registering recipes: create:jei_plugin took 1.180 seconds
[24Sep2026 21:10:07.692] [Render thread/INFO] [mezz.jei.library.load.PluginCallerTimerRunnable/]: Registering recipes: legendarysurvivaloverhaul:jei_plugin took 11.55 milliseconds
[24Sep2026 21:10:07.846] [Render thread/INFO] [mezz.jei.library.load.PluginCallerTimerRunnable/]: Registering recipes: embers:jei_plugin took 154.0 milliseconds
[24Sep2026 21:10:07.854] [Render thread/INFO] [mezz.jei.library.load.PluginCaller/]: Registering recipes took 2.135 seconds
[24Sep2026 21:10:07.861] [Render thread/INFO] [mezz.jei.library.load.PluginCaller/]: Registering recipes transfer handlers...
[24Sep2026 21:10:07.863] [Render thread/INFO] [mezz.jei.library.load.PluginCaller/]: Registering recipes transfer handlers took 2.432 milliseconds
[24Sep2026 21:10:07.864] [Render thread/INFO] [mezz.jei.core.util.LoggedTimer/]: Building runtime...
[24Sep2026 21:10:07.866] [Render thread/INFO] [mezz.jei.library.load.PluginCaller/]: Registering gui handlers...
[24Sep2026 21:10:07.868] [Render thread/INFO] [mezz.jei.library.load.PluginCaller/]: Registering gui handlers took 1.934 milliseconds
[24Sep2026 21:10:07.870] [Render thread/INFO] [mezz.jei.library.load.PluginCaller/]: Registering Runtime...
[24Sep2026 21:10:07.877] [Render thread/INFO] [mezz.jei.library.load.PluginCaller/]: Registering Runtime took 7.153 milliseconds
[24Sep2026 21:10:07.878] [Render thread/INFO] [mezz.jei.core.util.LoggedTimer/]: Building runtime took 13.65 milliseconds
[24Sep2026 21:10:07.878] [Render thread/INFO] [mezz.jei.library.load.PluginCaller/]: Sending Runtime...
[24Sep2026 21:10:07.890] [Render thread/INFO] [mezz.jei.library.ingredients.IngredientManager/]: Ingredients are being removed at runtime: 45 net.minecraft.world.item.ItemStack
[24Sep2026 21:10:07.906] [Render thread/INFO] [mezz.jei.library.load.PluginCallerTimerRunnable/]: Sending Runtime: malum:main took 27.63 milliseconds
[24Sep2026 21:10:07.907] [Render thread/INFO] [mezz.jei.library.load.PluginCaller/]: Sending Runtime took 28.56 milliseconds
[24Sep2026 21:10:07.907] [Render thread/INFO] [mezz.jei.core.util.LoggedTimer/]: Starting JEI took 2.838 seconds
[24Sep2026 21:10:07.907] [Render thread/INFO] [EMI/]: [EMI] Tags synchronized, reloading EMI
[24Sep2026 21:10:07.907] [Render thread/INFO] [EMI/]: [EMI] Starting Reload
[24Sep2026 21:10:07.913] [Thread-20/INFO] [EMI/]: [EMI] Starting EMI reload...
[24Sep2026 21:10:07.914] [Thread-20/INFO] [EMI/]: [EMI] Clearing data
[24Sep2026 21:10:07.934] [Render thread/INFO] [xaero.hud.minimap.MinimapLogs/]: Minimap updated server level id: -264612190 for world ResourceKey[minecraft:dimension / minecraft:overworld]
[24Sep2026 21:10:07.952] [Render thread/INFO] [FTB Library/]: config has been updated! server = false - clear any cached data etc. here
[24Sep2026 21:10:07.952] [Render thread/INFO] [FTB Library/]: received server config settings for config: ftblibrary-server
[24Sep2026 21:10:07.961] [Render thread/INFO] [net.minecraft.client.gui.components.ChatComponent/]: [System] [CHAT] Hello from FTB Library!
[24Sep2026 21:10:07.984] [Render thread/INFO] [FTB Chunks/]: Loading FTB Chunks client data from world 86f0a9a7-1a29-4977-9c2f-7f14339cb007
[24Sep2026 21:10:07.994] [Thread-20/WARN] [EMI/]: [EMI] dev.emi.emi.api.stack.FluidEmiStack is tainted by
	 * com.gregtechceu.gtceu.core.mixins.emi.FluidEmiStackMixin
[24Sep2026 21:10:07.996] [Render thread/INFO] [FTB Quests/]: Read 48407 bytes, 1233 objects
[24Sep2026 21:10:08.005] [Render thread/INFO] [FTB Quests/]: received translation table en_us (with 292 entries) from server
[24Sep2026 21:10:08.008] [Render thread/INFO] [snownee.jade.Jade/]: Received config from the server: 
[24Sep2026 21:10:08.046] [Thread-20/INFO] [EMI/]: [EMI] Initializing plugin from emi
[24Sep2026 21:10:08.071] [Thread-20/INFO] [EMI/]: [EMI] Initialized plugin from emi in 22ms
[24Sep2026 21:10:08.071] [Thread-20/INFO] [EMI/]: [EMI] Initializing plugin from ldlib
[24Sep2026 21:10:08.071] [Thread-20/INFO] [EMI/]: [EMI] Initialized plugin from ldlib in 0ms
[24Sep2026 21:10:08.071] [Thread-20/INFO] [EMI/]: [EMI] Initializing plugin from kubejs
[24Sep2026 21:10:08.071] [Thread-20/INFO] [EMI/]: [EMI] Initialized plugin from kubejs in 0ms
[24Sep2026 21:10:08.071] [Thread-20/INFO] [EMI/]: [EMI] Initializing plugin from gtceu
[24Sep2026 21:10:08.071] [Thread-20/INFO] [EMI/]: [EMI] Initialized plugin from gtceu in 0ms
[24Sep2026 21:10:08.071] [Thread-20/INFO] [EMI/]: [EMI] Initializing plugin from ae2
[24Sep2026 21:10:08.071] [Thread-20/INFO] [EMI/]: [EMI] Initialized plugin from ae2 in 0ms
[24Sep2026 21:10:08.071] [Thread-20/INFO] [EMI/]: [EMI] Initializing plugin from ae2wtlib
[24Sep2026 21:10:08.071] [Thread-20/INFO] [EMI/]: [EMI] Initialized plugin from ae2wtlib in 0ms
[24Sep2026 21:10:08.071] [Thread-20/INFO] [EMI/]: [EMI] Initializing plugin from botania
[24Sep2026 21:10:08.072] [Thread-20/INFO] [EMI/]: [EMI] Initialized plugin from botania in 0ms
[24Sep2026 21:10:08.072] [Thread-20/INFO] [EMI/]: [EMI] Initializing plugin from curios
[24Sep2026 21:10:08.072] [Thread-20/INFO] [EMI/]: [EMI] Initialized plugin from curios in 0ms
[24Sep2026 21:10:08.072] [Thread-20/INFO] [EMI/]: [EMI] Initializing plugin from ars_nouveau
[24Sep2026 21:10:08.072] [Thread-20/INFO] [EMI/]: [EMI] Initialized plugin from ars_nouveau in 0ms
[24Sep2026 21:10:08.072] [Thread-20/INFO] [EMI/]: [EMI] Initializing plugin from modularui
[24Sep2026 21:10:08.072] [Thread-20/INFO] [EMI/]: [EMI] Initialized plugin from modularui in 0ms
[24Sep2026 21:10:08.072] [Thread-20/INFO] [EMI/]: [EMI] Initializing plugin from ftblibrary
[24Sep2026 21:10:08.072] [Thread-20/INFO] [EMI/]: [EMI] Initialized plugin from ftblibrary in 0ms
[24Sep2026 21:10:08.072] [Thread-20/INFO] [EMI/]: [EMI] Initializing plugin from occultism
[24Sep2026 21:10:08.072] [Thread-20/INFO] [EMI/]: [EMI] Initialized plugin from occultism in 0ms
[24Sep2026 21:10:08.072] [Thread-20/INFO] [EMI/]: [EMI] Initializing plugin from undergarden
[24Sep2026 21:10:08.072] [Thread-20/INFO] [EMI/]: [EMI] Initialized plugin from undergarden in 0ms
[24Sep2026 21:10:08.072] [Thread-20/INFO] [EMI/]: [EMI] Initializing plugin from jemi
[24Sep2026 21:10:08.072] [Thread-20/INFO] [EMI/]: [EMI] Initialized plugin from jemi in 0ms
[24Sep2026 21:10:08.074] [Thread-20/INFO] [EMI/]: [EMI] Processing tags
[24Sep2026 21:10:08.216] [Thread-20/INFO] [EMI/]: [EMI] Constructing index
[24Sep2026 21:10:08.237] [Thread-20/INFO] [EMI/]: [EMI] Reloading item groups on client thread...
[24Sep2026 21:10:08.646] [Render thread/INFO] [ars_nouveau/]: Documentation loaded in 630ms
[24Sep2026 21:10:08.692] [Render thread/INFO] [net.minecraft.advancements.AdvancementTree/]: Loaded 921 advancements
[24Sep2026 21:10:08.707] [Render thread/INFO] [patchouli/]: BookContentResourceListenerLoader: Files found in 661.0 μs
[24Sep2026 21:10:08.710] [Render thread/INFO] [patchouli/]: BookContentResourceListenerLoader: Files found in 745.8 μs
[24Sep2026 21:10:08.750] [Render thread/INFO] [patchouli/]: BookContentResourceListenerLoader: Files found in 667.8 μs
[24Sep2026 21:10:08.829] [Render thread/WARN] [botania/]: Template references nonexistent recipe botania:mana_infusion/slime_to_cactus of type mana_infusion
[24Sep2026 21:10:08.830] [Render thread/WARN] [botania/]: Template references nonexistent recipe botania:mana_infusion/cactus_to_slime of type mana_infusion
[24Sep2026 21:10:08.854] [Render thread/WARN] [patchouli/]: Recipe gardenofglass:root_to_sapling (of type minecraft:crafting) not found
[24Sep2026 21:10:08.854] [Render thread/WARN] [patchouli/]: Recipe gardenofglass:root_to_fertilizer (of type minecraft:crafting) not found
[24Sep2026 21:10:08.854] [Render thread/WARN] [patchouli/]: Recipe gardenofglass:pebble_to_cobblestone (of type minecraft:crafting) not found
[24Sep2026 21:10:08.855] [Render thread/WARN] [botania/]: Template references nonexistent recipe gardenofglass:mana_infusion/sugar_cane of type mana_infusion
[24Sep2026 21:10:08.855] [Render thread/WARN] [patchouli/]: Recipe gardenofglass:magma_cream_to_slime_ball (of type minecraft:crafting) not found
[24Sep2026 21:10:08.855] [Render thread/WARN] [botania/]: Template references nonexistent recipe gardenofglass:mana_infusion/prismarine_shard of type mana_infusion
[24Sep2026 21:10:08.855] [Render thread/WARN] [botania/]: Template references nonexistent recipe gardenofglass:mana_infusion/prismarine_crystals of type mana_infusion
[24Sep2026 21:10:08.855] [Render thread/WARN] [patchouli/]: Recipe gardenofglass:end_portal_frame (of type minecraft:crafting) not found
[24Sep2026 21:10:08.856] [Render thread/WARN] [botania/]: Template references nonexistent recipe gardenofglass:mana_infusion/heart_of_the_sea of type mana_infusion
[24Sep2026 21:10:09.044] [Render thread/INFO] [patchouli/]: BookContentResourceListenerLoader: Files found in 742.3 μs
[24Sep2026 21:10:09.045] [Render thread/INFO] [patchouli/]: BookContentResourceListenerLoader: Files found in 666.2 μs
[24Sep2026 21:10:09.056] [Render thread/INFO] [patchouli/]: BookContentResourceListenerLoader: Files found in 444.0 μs
[24Sep2026 21:10:09.543] [Thread-20/INFO] [EMI/]: [EMI] Reloading item groups on client thread took 1306ms
[24Sep2026 21:10:09.597] [Flywheel Task Executor #7/WARN] [Sodium-VertexConsumerTracker/]: Class dev.engine_room.flywheel.lib.model.part.VertexWriter does not support optimized vertex writing code paths, which may cause reduced rendering performance
[24Sep2026 21:10:09.604] [Thread-20/INFO] [EMI/]: [EMI] Loading plugin from emi
[24Sep2026 21:10:10.496] [Server thread/INFO] [net.minecraft.client.server.IntegratedServer/]: Saving and pausing game...
[24Sep2026 21:10:10.551] [Server thread/INFO] [net.minecraft.server.MinecraftServer/]: Saving chunks for level 'ServerLevel[DevEnviromentWorld]'/minecraft:overworld
[24Sep2026 21:10:10.551] [Server thread/INFO] [dev.ryanhcode.sable.Sable/]: Saving sub-levels for level 'ServerLevel[DevEnviromentWorld]'/minecraft:overworld
[24Sep2026 21:10:10.633] [Server thread/INFO] [net.minecraft.server.MinecraftServer/]: Saving chunks for level 'ServerLevel[DevEnviromentWorld]'/rocketnautics:deep_space
[24Sep2026 21:10:10.633] [Server thread/INFO] [dev.ryanhcode.sable.Sable/]: Saving sub-levels for level 'ServerLevel[DevEnviromentWorld]'/rocketnautics:deep_space
[24Sep2026 21:10:10.634] [Server thread/INFO] [net.minecraft.server.MinecraftServer/]: Saving chunks for level 'ServerLevel[DevEnviromentWorld]'/rocketnautics:moon
[24Sep2026 21:10:10.634] [Server thread/INFO] [dev.ryanhcode.sable.Sable/]: Saving sub-levels for level 'ServerLevel[DevEnviromentWorld]'/rocketnautics:moon
[24Sep2026 21:10:10.635] [Server thread/INFO] [net.minecraft.server.MinecraftServer/]: Saving chunks for level 'ServerLevel[DevEnviromentWorld]'/undergarden:undergarden
[24Sep2026 21:10:10.635] [Server thread/INFO] [dev.ryanhcode.sable.Sable/]: Saving sub-levels for level 'ServerLevel[DevEnviromentWorld]'/undergarden:undergarden
[24Sep2026 21:10:10.635] [Server thread/INFO] [net.minecraft.server.MinecraftServer/]: Saving chunks for level 'ServerLevel[DevEnviromentWorld]'/minecraft:the_nether
[24Sep2026 21:10:10.635] [Server thread/INFO] [dev.ryanhcode.sable.Sable/]: Saving sub-levels for level 'ServerLevel[DevEnviromentWorld]'/minecraft:the_nether
[24Sep2026 21:10:10.636] [Server thread/INFO] [net.minecraft.server.MinecraftServer/]: Saving chunks for level 'ServerLevel[DevEnviromentWorld]'/the_afterdark:afterdark
[24Sep2026 21:10:10.636] [Server thread/INFO] [dev.ryanhcode.sable.Sable/]: Saving sub-levels for level 'ServerLevel[DevEnviromentWorld]'/the_afterdark:afterdark
[24Sep2026 21:10:10.637] [Server thread/INFO] [net.minecraft.server.MinecraftServer/]: Saving chunks for level 'ServerLevel[DevEnviromentWorld]'/minecraft:the_end
[24Sep2026 21:10:10.637] [Server thread/INFO] [dev.ryanhcode.sable.Sable/]: Saving sub-levels for level 'ServerLevel[DevEnviromentWorld]'/minecraft:the_end
[24Sep2026 21:10:10.637] [Server thread/INFO] [net.minecraft.server.MinecraftServer/]: Saving chunks for level 'ServerLevel[DevEnviromentWorld]'/ae2:spatial_storage
[24Sep2026 21:10:10.637] [Server thread/INFO] [dev.ryanhcode.sable.Sable/]: Saving sub-levels for level 'ServerLevel[DevEnviromentWorld]'/ae2:spatial_storage
[24Sep2026 21:10:11.226] [Thread-20/INFO] [EMI/]: [EMI] Reloaded plugin from emi in 1620ms
[24Sep2026 21:10:11.227] [Thread-20/INFO] [EMI/]: [EMI] Loading plugin from ldlib
[24Sep2026 21:10:11.272] [Thread-20/INFO] [EMI/]: [EMI] Reloaded plugin from ldlib in 45ms
[24Sep2026 21:10:11.272] [Thread-20/INFO] [EMI/]: [EMI] Loading plugin from kubejs
[24Sep2026 21:10:11.273] [Thread-20/INFO] [EMI/]: [EMI] Reloaded plugin from kubejs in 1ms
[24Sep2026 21:10:11.274] [Thread-20/INFO] [EMI/]: [EMI] Loading plugin from gtceu
[24Sep2026 21:10:12.307] [Thread-20/INFO] [EMI/]: [EMI] Reloaded plugin from gtceu in 1033ms
[24Sep2026 21:10:12.309] [Thread-20/INFO] [EMI/]: [EMI] Loading plugin from ae2
[24Sep2026 21:10:12.367] [Thread-20/INFO] [EMI/]: [EMI] Reloaded plugin from ae2 in 58ms
[24Sep2026 21:10:12.367] [Thread-20/INFO] [EMI/]: [EMI] Loading plugin from ae2wtlib
[24Sep2026 21:10:12.368] [Thread-20/INFO] [EMI/]: [EMI] Reloaded plugin from ae2wtlib in 0ms
[24Sep2026 21:10:12.368] [Thread-20/INFO] [EMI/]: [EMI] Loading plugin from botania
[24Sep2026 21:10:12.415] [Thread-20/INFO] [EMI/]: [EMI] Reloaded plugin from botania in 47ms
[24Sep2026 21:10:12.416] [Thread-20/INFO] [EMI/]: [EMI] Loading plugin from curios
[24Sep2026 21:10:12.416] [Thread-20/INFO] [EMI/]: [EMI] Reloaded plugin from curios in 0ms
[24Sep2026 21:10:12.416] [Thread-20/INFO] [EMI/]: [EMI] Loading plugin from ars_nouveau
[24Sep2026 21:10:14.083] [Thread-20/INFO] [EMI/]: [EMI] Reloaded plugin from ars_nouveau in 1667ms
[24Sep2026 21:10:14.083] [Thread-20/INFO] [EMI/]: [EMI] Loading plugin from modularui
[24Sep2026 21:10:14.120] [Thread-20/INFO] [EMI/]: [EMI] Reloaded plugin from modularui in 37ms
[24Sep2026 21:10:14.121] [Thread-20/INFO] [EMI/]: [EMI] Loading plugin from ftblibrary
[24Sep2026 21:10:14.121] [Thread-20/INFO] [EMI/]: [EMI] Reloaded plugin from ftblibrary in 0ms
[24Sep2026 21:10:14.121] [Thread-20/INFO] [EMI/]: [EMI] Loading plugin from occultism
[24Sep2026 21:10:14.148] [Thread-20/INFO] [EMI/]: [EMI] Reloaded plugin from occultism in 27ms
[24Sep2026 21:10:14.148] [Thread-20/INFO] [EMI/]: [EMI] Loading plugin from undergarden
[24Sep2026 21:10:14.150] [Thread-20/INFO] [EMI/]: [EMI] Reloaded plugin from undergarden in 2ms
[24Sep2026 21:10:14.150] [Thread-20/INFO] [EMI/]: [EMI] Loading plugin from jemi
[24Sep2026 21:10:14.150] [Thread-20/INFO] [EMI/]: [EMI] [JEMI] Waiting for JEI to finish reloading...
[24Sep2026 21:10:14.150] [Thread-20/INFO] [EMI/]: [EMI] Waiting for JEI to finish...
[24Sep2026 21:10:14.150] [Thread-20/INFO] [EMI/]: [EMI] [JEMI] JEI reloaded!
[24Sep2026 21:10:14.157] [Thread-20/INFO] [EMI/]: [EMI] Loading information from JEI...
[24Sep2026 21:10:14.162] [Thread-20/INFO] [EMI/]: [EMI] Processing JEI stacks...
[24Sep2026 21:10:14.162] [Thread-20/INFO] [EMI/]: [EMI] Processing JEI subtypes...
[24Sep2026 21:10:14.169] [Thread-20/INFO] [EMI/]: [EMI] Processing JEI recipes...
[24Sep2026 21:10:14.170] [Thread-20/INFO] [EMI/]: [EMI] [JEMI] Collecting data for Crafting
[24Sep2026 21:10:14.171] [Thread-20/INFO] [EMI/]: [EMI] Loading JEI data for Crafting
[24Sep2026 21:10:14.186] [Thread-20/INFO] [EMI/]: [EMI] [JEMI] Collecting data for Anvil
[24Sep2026 21:10:14.186] [Thread-20/INFO] [EMI/]: [EMI] Loading JEI data for Anvil
[24Sep2026 21:10:14.186] [Thread-20/INFO] [EMI/]: [EMI] [JEMI] Collecting data for Blasting
[24Sep2026 21:10:14.186] [Thread-20/INFO] [EMI/]: [EMI] Loading JEI data for Blasting
[24Sep2026 21:10:14.191] [Thread-20/INFO] [EMI/]: [EMI] [JEMI] Collecting data for Brewing
[24Sep2026 21:10:14.191] [Thread-20/INFO] [EMI/]: [EMI] Loading JEI data for Brewing
[24Sep2026 21:10:14.191] [Thread-20/INFO] [EMI/]: [EMI] [JEMI] Collecting data for Campfire Cooking
[24Sep2026 21:10:14.192] [Thread-20/INFO] [EMI/]: [EMI] Loading JEI data for Campfire Cooking
[24Sep2026 21:10:14.192] [Thread-20/INFO] [EMI/]: [EMI] [JEMI] Collecting data for Composting
[24Sep2026 21:10:14.192] [Thread-20/INFO] [EMI/]: [EMI] Loading JEI data for Composting
[24Sep2026 21:10:14.192] [Thread-20/INFO] [EMI/]: [EMI] [JEMI] Collecting data for Fuel
[24Sep2026 21:10:14.192] [Thread-20/INFO] [EMI/]: [EMI] Loading JEI data for Fuel
[24Sep2026 21:10:14.192] [Thread-20/INFO] [EMI/]: [EMI] [JEMI] Collecting data for Grindstone
[24Sep2026 21:10:14.192] [Thread-20/INFO] [EMI/]: [EMI] Loading JEI data for Grindstone
[24Sep2026 21:10:14.193] [Thread-20/INFO] [EMI/]: [EMI] [JEMI] Collecting data for Smelting
[24Sep2026 21:10:14.193] [Thread-20/INFO] [EMI/]: [EMI] Loading JEI data for Smelting
[24Sep2026 21:10:14.193] [Thread-20/INFO] [EMI/]: [EMI] [JEMI] Collecting data for Smithing Table
[24Sep2026 21:10:14.193] [Thread-20/INFO] [EMI/]: [EMI] Loading JEI data for Smithing Table
[24Sep2026 21:10:14.193] [Thread-20/INFO] [EMI/]: [EMI] [JEMI] Collecting data for Smoking
[24Sep2026 21:10:14.193] [Thread-20/INFO] [EMI/]: [EMI] Loading JEI data for Smoking
[24Sep2026 21:10:14.193] [Thread-20/INFO] [EMI/]: [EMI] [JEMI] Collecting data for Stonecutting
[24Sep2026 21:10:14.193] [Thread-20/INFO] [EMI/]: [EMI] Loading JEI data for Stonecutting
[24Sep2026 21:10:14.193] [Thread-20/INFO] [EMI/]: [EMI] [JEMI] Collecting data for Automated Brewing
[24Sep2026 21:10:14.193] [Thread-20/INFO] [EMI/]: [EMI] Loading JEI data for Automated Brewing
[24Sep2026 21:10:14.236] [Thread-20/INFO] [EMI/]: [EMI] [JEMI] Collecting data for Automated Packing
[24Sep2026 21:10:14.236] [Thread-20/INFO] [EMI/]: [EMI] Loading JEI data for Automated Packing
[24Sep2026 21:10:14.247] [Thread-20/INFO] [EMI/]: [EMI] [JEMI] Collecting data for Automated Shaped Crafting
[24Sep2026 21:10:14.247] [Thread-20/INFO] [EMI/]: [EMI] Loading JEI data for Automated Shaped Crafting
[24Sep2026 21:10:14.429] [Thread-20/INFO] [EMI/]: [EMI] [JEMI] Collecting data for Automated Shapeless Crafting
[24Sep2026 21:10:14.429] [Thread-20/INFO] [EMI/]: [EMI] Loading JEI data for Automated Shapeless Crafting
[24Sep2026 21:10:14.462] [Thread-20/INFO] [EMI/]: [EMI] [JEMI] Collecting data for Block Cutting
[24Sep2026 21:10:14.462] [Thread-20/INFO] [EMI/]: [EMI] Loading JEI data for Block Cutting
[24Sep2026 21:10:14.470] [Thread-20/INFO] [EMI/]: [EMI] [JEMI] Collecting data for Crushing
[24Sep2026 21:10:14.471] [Thread-20/INFO] [EMI/]: [EMI] Loading JEI data for Crushing
[24Sep2026 21:10:14.474] [Thread-20/INFO] [EMI/]: [EMI] [JEMI] Collecting data for Deploying
[24Sep2026 21:10:14.474] [Thread-20/INFO] [EMI/]: [EMI] Loading JEI data for Deploying
[24Sep2026 21:10:14.486] [Thread-20/INFO] [EMI/]: [EMI] [JEMI] Collecting data for Item Draining
[24Sep2026 21:10:14.486] [Thread-20/INFO] [EMI/]: [EMI] Loading JEI data for Item Draining
[24Sep2026 21:10:14.491] [Thread-20/INFO] [EMI/]: [EMI] [JEMI] Collecting data for Bulk Blasting
[24Sep2026 21:10:14.491] [Thread-20/INFO] [EMI/]: [EMI] Loading JEI data for Bulk Blasting
[24Sep2026 21:10:14.497] [Thread-20/INFO] [EMI/]: [EMI] [JEMI] Collecting data for Bulk Haunting
[24Sep2026 21:10:14.497] [Thread-20/INFO] [EMI/]: [EMI] Loading JEI data for Bulk Haunting
[24Sep2026 21:10:14.498] [Thread-20/INFO] [EMI/]: [EMI] [JEMI] Collecting data for Bulk Smoking
[24Sep2026 21:10:14.498] [Thread-20/INFO] [EMI/]: [EMI] Loading JEI data for Bulk Smoking
[24Sep2026 21:10:14.499] [Thread-20/INFO] [EMI/]: [EMI] [JEMI] Collecting data for Bulk Washing
[24Sep2026 21:10:14.499] [Thread-20/INFO] [EMI/]: [EMI] Loading JEI data for Bulk Washing
[24Sep2026 21:10:14.499] [Thread-20/INFO] [EMI/]: [EMI] [JEMI] Collecting data for Manual Item Application
[24Sep2026 21:10:14.499] [Thread-20/INFO] [EMI/]: [EMI] Loading JEI data for Manual Item Application
[24Sep2026 21:10:14.499] [Thread-20/INFO] [EMI/]: [EMI] [JEMI] Collecting data for Mechanical Crafting
[24Sep2026 21:10:14.499] [Thread-20/INFO] [EMI/]: [EMI] Loading JEI data for Mechanical Crafting
[24Sep2026 21:10:14.500] [Thread-20/INFO] [EMI/]: [EMI] [JEMI] Collecting data for Milling
[24Sep2026 21:10:14.500] [Thread-20/INFO] [EMI/]: [EMI] Loading JEI data for Milling
[24Sep2026 21:10:14.501] [Thread-20/INFO] [EMI/]: [EMI] [JEMI] Collecting data for Mixing
[24Sep2026 21:10:14.501] [Thread-20/INFO] [EMI/]: [EMI] Loading JEI data for Mixing
[24Sep2026 21:10:14.502] [Thread-20/INFO] [EMI/]: [EMI] [JEMI] Collecting data for Mysterious Conversion
[24Sep2026 21:10:14.502] [Thread-20/INFO] [EMI/]: [EMI] Loading JEI data for Mysterious Conversion
[24Sep2026 21:10:14.503] [Thread-20/INFO] [EMI/]: [EMI] [JEMI] Collecting data for Compacting
[24Sep2026 21:10:14.503] [Thread-20/INFO] [EMI/]: [EMI] Loading JEI data for Compacting
[24Sep2026 21:10:14.503] [Thread-20/INFO] [EMI/]: [EMI] [JEMI] Collecting data for Pressing
[24Sep2026 21:10:14.503] [Thread-20/INFO] [EMI/]: [EMI] Loading JEI data for Pressing
[24Sep2026 21:10:14.503] [Thread-20/INFO] [EMI/]: [EMI] [JEMI] Collecting data for Sandpaper Polishing
[24Sep2026 21:10:14.503] [Thread-20/INFO] [EMI/]: [EMI] Loading JEI data for Sandpaper Polishing
[24Sep2026 21:10:14.503] [Thread-20/INFO] [EMI/]: [EMI] [JEMI] Collecting data for Sawing
[24Sep2026 21:10:14.504] [Thread-20/INFO] [EMI/]: [EMI] Loading JEI data for Sawing
[24Sep2026 21:10:14.505] [Thread-20/INFO] [EMI/]: [EMI] [JEMI] Collecting data for Recipe Sequence
[24Sep2026 21:10:14.505] [Thread-20/INFO] [EMI/]: [EMI] Loading JEI data for Recipe Sequence
[24Sep2026 21:10:14.506] [Thread-20/INFO] [EMI/]: [EMI] [JEMI] Collecting data for Filling by Spout
[24Sep2026 21:10:14.506] [Thread-20/INFO] [EMI/]: [EMI] Loading JEI data for Filling by Spout
[24Sep2026 21:10:14.511] [Thread-20/INFO] [EMI/]: [EMI] [JEMI] Collecting data for Alchemy
[24Sep2026 21:10:14.511] [Thread-20/INFO] [EMI/]: [EMI] Loading JEI data for Alchemy
[24Sep2026 21:10:14.520] [Thread-20/INFO] [EMI/]: [EMI] [JEMI] Collecting data for Boiling
[24Sep2026 21:10:14.520] [Thread-20/INFO] [EMI/]: [EMI] Loading JEI data for Boiling
[24Sep2026 21:10:14.521] [Thread-20/INFO] [EMI/]: [EMI] [JEMI] Collecting data for Boring
[24Sep2026 21:10:14.521] [Thread-20/INFO] [EMI/]: [EMI] Loading JEI data for Boring
[24Sep2026 21:10:14.521] [Thread-20/INFO] [EMI/]: [EMI] [JEMI] Collecting data for Catalysis & Combustion
[24Sep2026 21:10:14.521] [Thread-20/INFO] [EMI/]: [EMI] Loading JEI data for Catalysis & Combustion
[24Sep2026 21:10:14.521] [Thread-20/INFO] [EMI/]: [EMI] [JEMI] Collecting data for Dawnstone Anvil
[24Sep2026 21:10:14.521] [Thread-20/INFO] [EMI/]: [EMI] Loading JEI data for Dawnstone Anvil
[24Sep2026 21:10:14.544] [Thread-20/INFO] [EMI/]: [EMI] [JEMI] Collecting data for Ember Activation
[24Sep2026 21:10:14.545] [Thread-20/INFO] [EMI/]: [EMI] Loading JEI data for Ember Activation
[24Sep2026 21:10:14.545] [Thread-20/INFO] [EMI/]: [EMI] [JEMI] Collecting data for Excavation
[24Sep2026 21:10:14.545] [Thread-20/INFO] [EMI/]: [EMI] Loading JEI data for Excavation
[24Sep2026 21:10:14.545] [Thread-20/INFO] [EMI/]: [EMI] [JEMI] Collecting data for Gaseous Fuel
[24Sep2026 21:10:14.545] [Thread-20/INFO] [EMI/]: [EMI] Loading JEI data for Gaseous Fuel
[24Sep2026 21:10:14.545] [Thread-20/INFO] [EMI/]: [EMI] [JEMI] Collecting data for Melting
[24Sep2026 21:10:14.545] [Thread-20/INFO] [EMI/]: [EMI] Loading JEI data for Melting
[24Sep2026 21:10:14.546] [Thread-20/INFO] [EMI/]: [EMI] [JEMI] Collecting data for Geologic Separator Bonus
[24Sep2026 21:10:14.546] [Thread-20/INFO] [EMI/]: [EMI] Loading JEI data for Geologic Separator Bonus
[24Sep2026 21:10:14.547] [Thread-20/INFO] [EMI/]: [EMI] [JEMI] Collecting data for Production Multiplier
[24Sep2026 21:10:14.547] [Thread-20/INFO] [EMI/]: [EMI] Loading JEI data for Production Multiplier
[24Sep2026 21:10:14.547] [Thread-20/INFO] [EMI/]: [EMI] [JEMI] Collecting data for Mixing
[24Sep2026 21:10:14.547] [Thread-20/INFO] [EMI/]: [EMI] Loading JEI data for Mixing
[24Sep2026 21:10:14.548] [Thread-20/INFO] [EMI/]: [EMI] [JEMI] Collecting data for Stamping
[24Sep2026 21:10:14.548] [Thread-20/INFO] [EMI/]: [EMI] Loading JEI data for Stamping
[24Sep2026 21:10:14.549] [Thread-20/INFO] [EMI/]: [EMI] [JEMI] Collecting data for Information
[24Sep2026 21:10:14.549] [Thread-20/INFO] [EMI/]: [EMI] Loading JEI data for Information
[24Sep2026 21:10:14.555] [Thread-20/INFO] [EMI/]: [EMI] [JEMI] Collecting data for Sewing Table
[24Sep2026 21:10:14.555] [Thread-20/INFO] [EMI/]: [EMI] Loading JEI data for Sewing Table
[24Sep2026 21:10:14.559] [Thread-20/INFO] [EMI/]: [EMI] [JEMI] Collecting data for Runeworking
[24Sep2026 21:10:14.559] [Thread-20/INFO] [EMI/]: [EMI] Loading JEI data for Runeworking
[24Sep2026 21:10:14.560] [Thread-20/INFO] [EMI/]: [EMI] [JEMI] Collecting data for Spirit Focusing
[24Sep2026 21:10:14.560] [Thread-20/INFO] [EMI/]: [EMI] Loading JEI data for Spirit Focusing
[24Sep2026 21:10:14.560] [Thread-20/INFO] [EMI/]: [EMI] [JEMI] Collecting data for Spirit Infusion
[24Sep2026 21:10:14.560] [Thread-20/INFO] [EMI/]: [EMI] Loading JEI data for Spirit Infusion
[24Sep2026 21:10:14.562] [Thread-20/INFO] [EMI/]: [EMI] [JEMI] Collecting data for Spirit Repair
[24Sep2026 21:10:14.562] [Thread-20/INFO] [EMI/]: [EMI] Loading JEI data for Spirit Repair
[24Sep2026 21:10:14.564] [Thread-20/INFO] [EMI/]: [EMI] [JEMI] Collecting data for The Unchained Rite
[24Sep2026 21:10:14.564] [Thread-20/INFO] [EMI/]: [EMI] Loading JEI data for The Unchained Rite
[24Sep2026 21:10:14.567] [Thread-20/INFO] [EMI/]: [EMI] [JEMI] Collecting data for The Weeping Well
[24Sep2026 21:10:14.567] [Thread-20/INFO] [EMI/]: [EMI] Loading JEI data for The Weeping Well
[24Sep2026 21:10:14.567] [Thread-20/INFO] [EMI/]: [EMI] [JEMI] Collecting data for Cooking
[24Sep2026 21:10:14.567] [Thread-20/INFO] [EMI/]: [EMI] Loading JEI data for Cooking
[24Sep2026 21:10:14.568] [Thread-20/INFO] [EMI/]: [EMI] [JEMI] Collecting data for Cutting Board
[24Sep2026 21:10:14.568] [Thread-20/INFO] [EMI/]: [EMI] Loading JEI data for Cutting Board
[24Sep2026 21:10:14.573] [Thread-20/INFO] [EMI/]: [EMI] [JEMI] Collecting data for Decomposition
[24Sep2026 21:10:14.573] [Thread-20/INFO] [EMI/]: [EMI] Loading JEI data for Decomposition
[24Sep2026 21:10:14.573] [Thread-20/INFO] [EMI/]: [EMI] Reloaded plugin from jemi in 423ms
[24Sep2026 21:10:14.574] [Thread-20/INFO] [EMI/]: [EMI] Baking index
[24Sep2026 21:10:14.790] [Thread-20/INFO] [EMI/]: [EMI] Registering late recipes
[24Sep2026 21:10:14.815] [Thread-20/INFO] [EMI/]: [EMI] Baking recipes
[24Sep2026 21:10:15.293] [Thread-20/ERROR] [EMI/]: [EMI] Untranslated recipe category ldlib:modular_ui
[24Sep2026 21:10:15.389] [Thread-20/ERROR] [EMI/]: [EMI] Untranslated recipe category modularui:machine
[24Sep2026 21:10:15.516] [Thread-7/ERROR] [net.minecraft.util.ThreadingDetector/]: Thread dumps: 
Thread-7: 
	at java.base/java.lang.Thread.getStackTrace(Thread.java:2451)
	at TRANSFORMER/minecraft@1.21.1/net.minecraft.util.ThreadingDetector.stackTrace(ThreadingDetector.java:84)
	at java.base/java.util.stream.ReferencePipeline$3$1.accept(ReferencePipeline.java:197)
	at java.base/java.util.stream.ReferencePipeline$2$1.accept(ReferencePipeline.java:179)
	at java.base/java.util.Spliterators$ArraySpliterator.forEachRemaining(Spliterators.java:1024)
	at java.base/java.util.stream.AbstractPipeline.copyInto(AbstractPipeline.java:509)
	at java.base/java.util.stream.AbstractPipeline.wrapAndCopyInto(AbstractPipeline.java:499)
	at java.base/java.util.stream.ReduceOps$ReduceOp.evaluateSequential(ReduceOps.java:921)
	at java.base/java.util.stream.AbstractPipeline.evaluate(AbstractPipeline.java:234)
	at java.base/java.util.stream.ReferencePipeline.collect(ReferencePipeline.java:682)
	at TRANSFORMER/minecraft@1.21.1/net.minecraft.util.ThreadingDetector.makeThreadingException(ThreadingDetector.java:74)
	at TRANSFORMER/minecraft@1.21.1/net.minecraft.world.level.levelgen.LegacyRandomSource.next(LegacyRandomSource.java:45)
	at TRANSFORMER/minecraft@1.21.1/net.minecraft.world.level.levelgen.BitRandomSource.nextLong(BitRandomSource.java:36)
	at TRANSFORMER/minecraft@1.21.1/net.minecraft.client.resources.model.WeightedBakedModel.getRenderTypes(WeightedBakedModel.java:1070)
	at TRANSFORMER/xaeroworldmap@1.40.11/xaero.map.MapWriterNeoForge.blockStateHasTranslucentRenderType(MapWriterNeoForge.java:30)
	at TRANSFORMER/xaeroworldmap@1.40.11/xaero.map.MapWriter.shouldOverlay(MapWriter.java:642)
	at TRANSFORMER/xaeroworldmap@1.40.11/xaero.map.file.worldsave.WorldDataReader.lambda$new$0(WorldDataReader.java:112)
	at TRANSFORMER/xaeroworldmap@1.40.11/xaero.map.misc.CachedFunction.apply(CachedFunction.java:23)
	at TRANSFORMER/xaeroworldmap@1.40.11/xaero.map.file.worldsave.WorldDataReader.shouldOverlayCached(WorldDataReader.java:747)
	at TRANSFORMER/xaeroworldmap@1.40.11/xaero.map.file.worldsave.WorldDataReader.buildPixelHelp(WorldDataReader.java:614)
	at TRANSFORMER/xaeroworldmap@1.40.11/xaero.map.file.worldsave.WorldDataReader.buildPixel(WorldDataReader.java:608)
	at TRANSFORMER/xaeroworldmap@1.40.11/xaero.map.file.worldsave.WorldDataReader.buildTile(WorldDataReader.java:525)
	at TRANSFORMER/xaeroworldmap@1.40.11/xaero.map.file.worldsave.WorldDataReader.buildTileChunk(WorldDataReader.java:304)
	at TRANSFORMER/xaeroworldmap@1.40.11/xaero.map.file.worldsave.WorldDataReader.buildRegion(WorldDataReader.java:172)
	at TRANSFORMER/xaeroworldmap@1.40.11/xaero.map.file.worldsave.WorldDataHandler.buildRegion(WorldDataHandler.java:77)
	at TRANSFORMER/xaeroworldmap@1.40.11/xaero.map.file.MapSaveLoad.loadRegion(MapSaveLoad.java:754)
	at TRANSFORMER/xaeroworldmap@1.40.11/xaero.map.file.MapSaveLoad.run(MapSaveLoad.java:1007)
	at TRANSFORMER/xaeroworldmap@1.40.11/xaero.map.MapProcessor.run(MapProcessor.java:360)
	at TRANSFORMER/xaeroworldmap@1.40.11/xaero.map.MapRunner.run(MapRunner.java:18)
	at java.base/java.lang.Thread.run(Thread.java:1583)
[24Sep2026 21:10:15.520] [Thread-7/ERROR] [xaero.map.WorldMap/]: Region failed to load: (2147483647) 0_0 L0 xaero.map.region.MapRegion@5c0dadee
net.minecraft.ReportedException: Accessing LegacyRandomSource from multiple threads
	at TRANSFORMER/minecraft@1.21.1/net.minecraft.util.ThreadingDetector.makeThreadingException(ThreadingDetector.java:80) ~[neoforge-21.1.248.jar%23177!/:?]
	at TRANSFORMER/minecraft@1.21.1/net.minecraft.world.level.levelgen.LegacyRandomSource.next(LegacyRandomSource.java:45) ~[neoforge-21.1.248.jar%23177!/:?]
	at TRANSFORMER/minecraft@1.21.1/net.minecraft.world.level.levelgen.BitRandomSource.nextLong(BitRandomSource.java:36) ~[neoforge-21.1.248.jar%23177!/:?]
	at TRANSFORMER/minecraft@1.21.1/net.minecraft.client.resources.model.WeightedBakedModel.getRenderTypes(WeightedBakedModel.java:1070) ~[neoforge-21.1.248.jar%23177!/:?]
	at TRANSFORMER/xaeroworldmap@1.40.11/xaero.map.MapWriterNeoForge.blockStateHasTranslucentRenderType(MapWriterNeoForge.java:30) ~[xaeroworldmap-neoforge-1.21.1-1.40.11.jar%23227!/:1.40.11]
	at TRANSFORMER/xaeroworldmap@1.40.11/xaero.map.MapWriter.shouldOverlay(MapWriter.java:642) ~[xaeroworldmap-neoforge-1.21.1-1.40.11.jar%23227!/:1.40.11]
	at TRANSFORMER/xaeroworldmap@1.40.11/xaero.map.file.worldsave.WorldDataReader.lambda$new$0(WorldDataReader.java:112) ~[xaeroworldmap-neoforge-1.21.1-1.40.11.jar%23227!/:1.40.11]
	at TRANSFORMER/xaeroworldmap@1.40.11/xaero.map.misc.CachedFunction.apply(CachedFunction.java:23) ~[xaeroworldmap-neoforge-1.21.1-1.40.11.jar%23227!/:1.40.11]
	at TRANSFORMER/xaeroworldmap@1.40.11/xaero.map.file.worldsave.WorldDataReader.shouldOverlayCached(WorldDataReader.java:747) ~[xaeroworldmap-neoforge-1.21.1-1.40.11.jar%23227!/:1.40.11]
	at TRANSFORMER/xaeroworldmap@1.40.11/xaero.map.file.worldsave.WorldDataReader.buildPixelHelp(WorldDataReader.java:614) ~[xaeroworldmap-neoforge-1.21.1-1.40.11.jar%23227!/:1.40.11]
	at TRANSFORMER/xaeroworldmap@1.40.11/xaero.map.file.worldsave.WorldDataReader.buildPixel(WorldDataReader.java:608) ~[xaeroworldmap-neoforge-1.21.1-1.40.11.jar%23227!/:1.40.11]
	at TRANSFORMER/xaeroworldmap@1.40.11/xaero.map.file.worldsave.WorldDataReader.buildTile(WorldDataReader.java:525) ~[xaeroworldmap-neoforge-1.21.1-1.40.11.jar%23227!/:1.40.11]
	at TRANSFORMER/xaeroworldmap@1.40.11/xaero.map.file.worldsave.WorldDataReader.buildTileChunk(WorldDataReader.java:304) ~[xaeroworldmap-neoforge-1.21.1-1.40.11.jar%23227!/:1.40.11]
	at TRANSFORMER/xaeroworldmap@1.40.11/xaero.map.file.worldsave.WorldDataReader.buildRegion(WorldDataReader.java:172) ~[xaeroworldmap-neoforge-1.21.1-1.40.11.jar%23227!/:1.40.11]
	at TRANSFORMER/xaeroworldmap@1.40.11/xaero.map.file.worldsave.WorldDataHandler.buildRegion(WorldDataHandler.java:77) ~[xaeroworldmap-neoforge-1.21.1-1.40.11.jar%23227!/:1.40.11]
	at TRANSFORMER/xaeroworldmap@1.40.11/xaero.map.file.MapSaveLoad.loadRegion(MapSaveLoad.java:754) ~[xaeroworldmap-neoforge-1.21.1-1.40.11.jar%23227!/:1.40.11]
	at TRANSFORMER/xaeroworldmap@1.40.11/xaero.map.file.MapSaveLoad.run(MapSaveLoad.java:1007) ~[xaeroworldmap-neoforge-1.21.1-1.40.11.jar%23227!/:1.40.11]
	at TRANSFORMER/xaeroworldmap@1.40.11/xaero.map.MapProcessor.run(MapProcessor.java:360) ~[xaeroworldmap-neoforge-1.21.1-1.40.11.jar%23227!/:1.40.11]
	at TRANSFORMER/xaeroworldmap@1.40.11/xaero.map.MapRunner.run(MapRunner.java:18) ~[xaeroworldmap-neoforge-1.21.1-1.40.11.jar%23227!/:1.40.11]
	at java.base/java.lang.Thread.run(Thread.java:1583) [?:?]
Caused by: java.lang.IllegalStateException: Accessing LegacyRandomSource from multiple threads
	at TRANSFORMER/minecraft@1.21.1/net.minecraft.util.ThreadingDetector.makeThreadingException(ThreadingDetector.java:76) ~[neoforge-21.1.248.jar%23177!/:?]
	... 19 more
[24Sep2026 21:10:16.002] [Thread-20/INFO] [EMI/]: [EMI] Baked 87464 recipes in 1185ms
[24Sep2026 21:10:16.033] [Thread-20/INFO] [EMI/]: [EMI] Baking search
[24Sep2026 21:10:16.105] [Thread-21/ERROR] [EMI/]: [EMI] Untranslated recipe category ldlib:modular_ui
[24Sep2026 21:10:16.165] [Thread-21/ERROR] [EMI/]: [EMI] Untranslated recipe category modularui:machine
[24Sep2026 21:10:16.382] [Render thread/INFO] [xaero.map.WorldMap/]: Exception when loading gtceu:raw_oil texture, using material colour.
[24Sep2026 21:10:16.382] [Render thread/INFO] [xaero.map.WorldMap/]: Black texture 16
[24Sep2026 21:10:16.995] [Thread-21/INFO] [EMI/]: [EMI] Baked recipes after reload in 994ms
[24Sep2026 21:10:18.522] [Thread-20/INFO] [EMI/]: [EMI] Finishing up
[24Sep2026 21:10:18.548] [Thread-20/INFO] [EMI/]: [EMI] Reloaded EMI in 10634ms
[24Sep2026 21:10:50.974] [Render thread/WARN] [Sodium-VertexConsumerTracker/]: Class dev.emi.emi.screen.StackBatcher$UnlitFacade$Consumer does not support optimized vertex writing code paths, which may cause reduced rendering performance
[24Sep2026 21:11:02.146] [Server thread/INFO] [net.minecraft.client.server.IntegratedServer/]: Saving and pausing game...
[24Sep2026 21:11:02.185] [Server thread/INFO] [net.minecraft.server.MinecraftServer/]: Saving chunks for level 'ServerLevel[DevEnviromentWorld]'/minecraft:overworld
[24Sep2026 21:11:02.186] [Server thread/INFO] [dev.ryanhcode.sable.Sable/]: Saving sub-levels for level 'ServerLevel[DevEnviromentWorld]'/minecraft:overworld
[24Sep2026 21:11:02.215] [Server thread/INFO] [net.minecraft.server.MinecraftServer/]: Saving chunks for level 'ServerLevel[DevEnviromentWorld]'/rocketnautics:deep_space
[24Sep2026 21:11:02.215] [Server thread/INFO] [dev.ryanhcode.sable.Sable/]: Saving sub-levels for level 'ServerLevel[DevEnviromentWorld]'/rocketnautics:deep_space
[24Sep2026 21:11:02.215] [Server thread/INFO] [net.minecraft.server.MinecraftServer/]: Saving chunks for level 'ServerLevel[DevEnviromentWorld]'/rocketnautics:moon
[24Sep2026 21:11:02.217] [Server thread/INFO] [dev.ryanhcode.sable.Sable/]: Saving sub-levels for level 'ServerLevel[DevEnviromentWorld]'/rocketnautics:moon
[24Sep2026 21:11:02.218] [Server thread/INFO] [net.minecraft.server.MinecraftServer/]: Saving chunks for level 'ServerLevel[DevEnviromentWorld]'/undergarden:undergarden
[24Sep2026 21:11:02.218] [Server thread/INFO] [dev.ryanhcode.sable.Sable/]: Saving sub-levels for level 'ServerLevel[DevEnviromentWorld]'/undergarden:undergarden
[24Sep2026 21:11:02.219] [Server thread/INFO] [net.minecraft.server.MinecraftServer/]: Saving chunks for level 'ServerLevel[DevEnviromentWorld]'/minecraft:the_nether
[24Sep2026 21:11:02.219] [Server thread/INFO] [dev.ryanhcode.sable.Sable/]: Saving sub-levels for level 'ServerLevel[DevEnviromentWorld]'/minecraft:the_nether
[24Sep2026 21:11:02.219] [Server thread/INFO] [net.minecraft.server.MinecraftServer/]: Saving chunks for level 'ServerLevel[DevEnviromentWorld]'/the_afterdark:afterdark
[24Sep2026 21:11:02.219] [Server thread/INFO] [dev.ryanhcode.sable.Sable/]: Saving sub-levels for level 'ServerLevel[DevEnviromentWorld]'/the_afterdark:afterdark
[24Sep2026 21:11:02.220] [Server thread/INFO] [net.minecraft.server.MinecraftServer/]: Saving chunks for level 'ServerLevel[DevEnviromentWorld]'/minecraft:the_end
[24Sep2026 21:11:02.220] [Server thread/INFO] [dev.ryanhcode.sable.Sable/]: Saving sub-levels for level 'ServerLevel[DevEnviromentWorld]'/minecraft:the_end
[24Sep2026 21:11:02.220] [Server thread/INFO] [net.minecraft.server.MinecraftServer/]: Saving chunks for level 'ServerLevel[DevEnviromentWorld]'/ae2:spatial_storage
[24Sep2026 21:11:02.220] [Server thread/INFO] [dev.ryanhcode.sable.Sable/]: Saving sub-levels for level 'ServerLevel[DevEnviromentWorld]'/ae2:spatial_storage
[24Sep2026 21:11:59.205] [FTBLibrary-ItemSearch/INFO] [FTB Library/]: Done updating item list in 51294μs!
[24Sep2026 21:12:00.133] [FTBLibrary-ItemSearch/INFO] [FTB Library/]: Done updating item list in 36278μs!
[24Sep2026 21:12:00.783] [FTBLibrary-ItemSearch/INFO] [FTB Library/]: Done updating item list in 30845μs!
[24Sep2026 21:12:01.381] [FTBLibrary-ItemSearch/INFO] [FTB Library/]: Done updating item list in 29255μs!
[24Sep2026 21:12:02.546] [Server thread/INFO] [net.minecraft.client.server.IntegratedServer/]: Saving and pausing game...
[24Sep2026 21:12:02.572] [Server thread/INFO] [net.minecraft.server.MinecraftServer/]: Saving chunks for level 'ServerLevel[DevEnviromentWorld]'/minecraft:overworld
[24Sep2026 21:12:02.572] [Server thread/INFO] [dev.ryanhcode.sable.Sable/]: Saving sub-levels for level 'ServerLevel[DevEnviromentWorld]'/minecraft:overworld
[24Sep2026 21:12:02.627] [Server thread/INFO] [net.minecraft.server.MinecraftServer/]: Saving chunks for level 'ServerLevel[DevEnviromentWorld]'/rocketnautics:deep_space
[24Sep2026 21:12:02.627] [Server thread/INFO] [dev.ryanhcode.sable.Sable/]: Saving sub-levels for level 'ServerLevel[DevEnviromentWorld]'/rocketnautics:deep_space
[24Sep2026 21:12:02.628] [Server thread/INFO] [net.minecraft.server.MinecraftServer/]: Saving chunks for level 'ServerLevel[DevEnviromentWorld]'/rocketnautics:moon
[24Sep2026 21:12:02.628] [Server thread/INFO] [dev.ryanhcode.sable.Sable/]: Saving sub-levels for level 'ServerLevel[DevEnviromentWorld]'/rocketnautics:moon
[24Sep2026 21:12:02.628] [Server thread/INFO] [net.minecraft.server.MinecraftServer/]: Saving chunks for level 'ServerLevel[DevEnviromentWorld]'/undergarden:undergarden
[24Sep2026 21:12:02.628] [Server thread/INFO] [dev.ryanhcode.sable.Sable/]: Saving sub-levels for level 'ServerLevel[DevEnviromentWorld]'/undergarden:undergarden
[24Sep2026 21:12:02.628] [Server thread/INFO] [net.minecraft.server.MinecraftServer/]: Saving chunks for level 'ServerLevel[DevEnviromentWorld]'/minecraft:the_nether
[24Sep2026 21:12:02.629] [Server thread/INFO] [dev.ryanhcode.sable.Sable/]: Saving sub-levels for level 'ServerLevel[DevEnviromentWorld]'/minecraft:the_nether
[24Sep2026 21:12:02.629] [Server thread/INFO] [net.minecraft.server.MinecraftServer/]: Saving chunks for level 'ServerLevel[DevEnviromentWorld]'/the_afterdark:afterdark
[24Sep2026 21:12:02.629] [Server thread/INFO] [dev.ryanhcode.sable.Sable/]: Saving sub-levels for level 'ServerLevel[DevEnviromentWorld]'/the_afterdark:afterdark
[24Sep2026 21:12:02.629] [Server thread/INFO] [net.minecraft.server.MinecraftServer/]: Saving chunks for level 'ServerLevel[DevEnviromentWorld]'/minecraft:the_end
[24Sep2026 21:12:02.629] [Server thread/INFO] [dev.ryanhcode.sable.Sable/]: Saving sub-levels for level 'ServerLevel[DevEnviromentWorld]'/minecraft:the_end
[24Sep2026 21:12:02.629] [Server thread/INFO] [net.minecraft.server.MinecraftServer/]: Saving chunks for level 'ServerLevel[DevEnviromentWorld]'/ae2:spatial_storage
[24Sep2026 21:12:02.629] [Server thread/INFO] [dev.ryanhcode.sable.Sable/]: Saving sub-levels for level 'ServerLevel[DevEnviromentWorld]'/ae2:spatial_storage
[24Sep2026 21:12:07.614] [FTBLibrary-ItemSearch/INFO] [FTB Library/]: Done updating item list in 29219μs!
[24Sep2026 21:12:09.664] [FTBLibrary-ItemSearch/INFO] [FTB Library/]: Done updating item list in 28560μs!
[24Sep2026 21:12:10.183] [FTBLibrary-ItemSearch/INFO] [FTB Library/]: Done updating item list in 48328μs!
[24Sep2026 21:12:10.657] [FTBLibrary-ItemSearch/INFO] [FTB Library/]: Done updating item list in 26356μs!
[24Sep2026 21:12:12.346] [Server thread/INFO] [net.minecraft.client.server.IntegratedServer/]: Saving and pausing game...
[24Sep2026 21:12:12.368] [Server thread/INFO] [net.minecraft.server.MinecraftServer/]: Saving chunks for level 'ServerLevel[DevEnviromentWorld]'/minecraft:overworld
[24Sep2026 21:12:12.368] [Server thread/INFO] [dev.ryanhcode.sable.Sable/]: Saving sub-levels for level 'ServerLevel[DevEnviromentWorld]'/minecraft:overworld
[24Sep2026 21:12:12.406] [Server thread/INFO] [net.minecraft.server.MinecraftServer/]: Saving chunks for level 'ServerLevel[DevEnviromentWorld]'/rocketnautics:deep_space
[24Sep2026 21:12:12.407] [Server thread/INFO] [dev.ryanhcode.sable.Sable/]: Saving sub-levels for level 'ServerLevel[DevEnviromentWorld]'/rocketnautics:deep_space
[24Sep2026 21:12:12.407] [Server thread/INFO] [net.minecraft.server.MinecraftServer/]: Saving chunks for level 'ServerLevel[DevEnviromentWorld]'/rocketnautics:moon
[24Sep2026 21:12:12.407] [Server thread/INFO] [dev.ryanhcode.sable.Sable/]: Saving sub-levels for level 'ServerLevel[DevEnviromentWorld]'/rocketnautics:moon
[24Sep2026 21:12:12.407] [Server thread/INFO] [net.minecraft.server.MinecraftServer/]: Saving chunks for level 'ServerLevel[DevEnviromentWorld]'/undergarden:undergarden
[24Sep2026 21:12:12.407] [Server thread/INFO] [dev.ryanhcode.sable.Sable/]: Saving sub-levels for level 'ServerLevel[DevEnviromentWorld]'/undergarden:undergarden
[24Sep2026 21:12:12.407] [Server thread/INFO] [net.minecraft.server.MinecraftServer/]: Saving chunks for level 'ServerLevel[DevEnviromentWorld]'/minecraft:the_nether
[24Sep2026 21:12:12.407] [Server thread/INFO] [dev.ryanhcode.sable.Sable/]: Saving sub-levels for level 'ServerLevel[DevEnviromentWorld]'/minecraft:the_nether
[24Sep2026 21:12:12.407] [Server thread/INFO] [net.minecraft.server.MinecraftServer/]: Saving chunks for level 'ServerLevel[DevEnviromentWorld]'/the_afterdark:afterdark
[24Sep2026 21:12:12.407] [Server thread/INFO] [dev.ryanhcode.sable.Sable/]: Saving sub-levels for level 'ServerLevel[DevEnviromentWorld]'/the_afterdark:afterdark
[24Sep2026 21:12:12.407] [Server thread/INFO] [net.minecraft.server.MinecraftServer/]: Saving chunks for level 'ServerLevel[DevEnviromentWorld]'/minecraft:the_end
[24Sep2026 21:12:12.407] [Server thread/INFO] [dev.ryanhcode.sable.Sable/]: Saving sub-levels for level 'ServerLevel[DevEnviromentWorld]'/minecraft:the_end
[24Sep2026 21:12:12.407] [Server thread/INFO] [net.minecraft.server.MinecraftServer/]: Saving chunks for level 'ServerLevel[DevEnviromentWorld]'/ae2:spatial_storage
[24Sep2026 21:12:12.408] [Server thread/INFO] [dev.ryanhcode.sable.Sable/]: Saving sub-levels for level 'ServerLevel[DevEnviromentWorld]'/ae2:spatial_storage
[24Sep2026 21:21:39.750] [Render thread/INFO] [net.minecraft.client.gui.components.ChatComponent/]: [System] [CHAT] Item in hand:
[24Sep2026 21:21:39.752] [Render thread/INFO] [net.minecraft.client.gui.components.ChatComponent/]: [System] [CHAT] - 'gtceu:crushing_wheels'
[24Sep2026 21:21:39.915] [Render thread/INFO] [net.minecraft.client.gui.components.ChatComponent/]: [System] [CHAT] - '@gtceu'
[24Sep2026 21:21:39.916] [Render thread/INFO] [net.minecraft.client.gui.components.ChatComponent/]: [System] [CHAT] - '%minecraft:search'
[24Sep2026 21:21:39.917] [Render thread/INFO] [net.minecraft.client.gui.components.ChatComponent/]: [System] [CHAT] - '%gtceu:decoration'
[24Sep2026 21:21:39.919] [Render thread/INFO] [net.minecraft.client.gui.components.ChatComponent/]: [System] [CHAT] Held block:
[24Sep2026 21:21:39.919] [Render thread/INFO] [net.minecraft.client.gui.components.ChatComponent/]: [System] [CHAT] - 'gtceu:crushing_wheels'
[24Sep2026 21:21:39.920] [Render thread/INFO] [net.minecraft.client.gui.components.ChatComponent/]: [System] [CHAT] - '#c:mineable/wrench'
[24Sep2026 21:21:39.921] [Render thread/INFO] [net.minecraft.client.gui.components.ChatComponent/]: [System] [CHAT] - '#gtceu:mineable/pickaxe_or_wrench'
[24Sep2026 21:25:13.496] [Server thread/INFO] [net.minecraft.client.server.IntegratedServer/]: Saving and pausing game...
[24Sep2026 21:25:13.536] [Server thread/INFO] [net.minecraft.server.MinecraftServer/]: Saving chunks for level 'ServerLevel[DevEnviromentWorld]'/minecraft:overworld
[24Sep2026 21:25:13.537] [Server thread/INFO] [dev.ryanhcode.sable.Sable/]: Saving sub-levels for level 'ServerLevel[DevEnviromentWorld]'/minecraft:overworld
[24Sep2026 21:25:13.597] [Server thread/INFO] [net.minecraft.server.MinecraftServer/]: Saving chunks for level 'ServerLevel[DevEnviromentWorld]'/rocketnautics:deep_space
[24Sep2026 21:25:13.597] [Server thread/INFO] [dev.ryanhcode.sable.Sable/]: Saving sub-levels for level 'ServerLevel[DevEnviromentWorld]'/rocketnautics:deep_space
[24Sep2026 21:25:13.597] [Server thread/INFO] [net.minecraft.server.MinecraftServer/]: Saving chunks for level 'ServerLevel[DevEnviromentWorld]'/rocketnautics:moon
[24Sep2026 21:25:13.598] [Server thread/INFO] [dev.ryanhcode.sable.Sable/]: Saving sub-levels for level 'ServerLevel[DevEnviromentWorld]'/rocketnautics:moon
[24Sep2026 21:25:13.598] [Server thread/INFO] [net.minecraft.server.MinecraftServer/]: Saving chunks for level 'ServerLevel[DevEnviromentWorld]'/undergarden:undergarden
[24Sep2026 21:25:13.599] [Server thread/INFO] [dev.ryanhcode.sable.Sable/]: Saving sub-levels for level 'ServerLevel[DevEnviromentWorld]'/undergarden:undergarden
[24Sep2026 21:25:13.599] [Server thread/INFO] [net.minecraft.server.MinecraftServer/]: Saving chunks for level 'ServerLevel[DevEnviromentWorld]'/minecraft:the_nether
[24Sep2026 21:25:13.600] [Server thread/INFO] [dev.ryanhcode.sable.Sable/]: Saving sub-levels for level 'ServerLevel[DevEnviromentWorld]'/minecraft:the_nether
[24Sep2026 21:25:13.600] [Server thread/INFO] [net.minecraft.server.MinecraftServer/]: Saving chunks for level 'ServerLevel[DevEnviromentWorld]'/the_afterdark:afterdark
[24Sep2026 21:25:13.600] [Server thread/INFO] [dev.ryanhcode.sable.Sable/]: Saving sub-levels for level 'ServerLevel[DevEnviromentWorld]'/the_afterdark:afterdark
[24Sep2026 21:25:13.601] [Server thread/INFO] [net.minecraft.server.MinecraftServer/]: Saving chunks for level 'ServerLevel[DevEnviromentWorld]'/minecraft:the_end
[24Sep2026 21:25:13.601] [Server thread/INFO] [dev.ryanhcode.sable.Sable/]: Saving sub-levels for level 'ServerLevel[DevEnviromentWorld]'/minecraft:the_end
[24Sep2026 21:25:13.601] [Server thread/INFO] [net.minecraft.server.MinecraftServer/]: Saving chunks for level 'ServerLevel[DevEnviromentWorld]'/ae2:spatial_storage
[24Sep2026 21:25:13.602] [Server thread/INFO] [dev.ryanhcode.sable.Sable/]: Saving sub-levels for level 'ServerLevel[DevEnviromentWorld]'/ae2:spatial_storage
[24Sep2026 21:31:00.033] [FTBLibrary-ItemSearch/INFO] [FTB Library/]: Done updating item list in 67663μs!
[24Sep2026 21:31:01.246] [Server thread/INFO] [net.minecraft.client.server.IntegratedServer/]: Saving and pausing game...
[24Sep2026 21:31:01.265] [Server thread/INFO] [net.minecraft.server.MinecraftServer/]: Saving chunks for level 'ServerLevel[DevEnviromentWorld]'/minecraft:overworld
[24Sep2026 21:31:01.266] [Server thread/INFO] [dev.ryanhcode.sable.Sable/]: Saving sub-levels for level 'ServerLevel[DevEnviromentWorld]'/minecraft:overworld
[24Sep2026 21:31:01.294] [Server thread/INFO] [net.minecraft.server.MinecraftServer/]: Saving chunks for level 'ServerLevel[DevEnviromentWorld]'/rocketnautics:deep_space
[24Sep2026 21:31:01.295] [Server thread/INFO] [dev.ryanhcode.sable.Sable/]: Saving sub-levels for level 'ServerLevel[DevEnviromentWorld]'/rocketnautics:deep_space
[24Sep2026 21:31:01.296] [Server thread/INFO] [net.minecraft.server.MinecraftServer/]: Saving chunks for level 'ServerLevel[DevEnviromentWorld]'/rocketnautics:moon
[24Sep2026 21:31:01.296] [Server thread/INFO] [dev.ryanhcode.sable.Sable/]: Saving sub-levels for level 'ServerLevel[DevEnviromentWorld]'/rocketnautics:moon
[24Sep2026 21:31:01.296] [Server thread/INFO] [net.minecraft.server.MinecraftServer/]: Saving chunks for level 'ServerLevel[DevEnviromentWorld]'/undergarden:undergarden
[24Sep2026 21:31:01.297] [Server thread/INFO] [dev.ryanhcode.sable.Sable/]: Saving sub-levels for level 'ServerLevel[DevEnviromentWorld]'/undergarden:undergarden
[24Sep2026 21:31:01.297] [Server thread/INFO] [net.minecraft.server.MinecraftServer/]: Saving chunks for level 'ServerLevel[DevEnviromentWorld]'/minecraft:the_nether
[24Sep2026 21:31:01.297] [Server thread/INFO] [dev.ryanhcode.sable.Sable/]: Saving sub-levels for level 'ServerLevel[DevEnviromentWorld]'/minecraft:the_nether
[24Sep2026 21:31:01.297] [Server thread/INFO] [net.minecraft.server.MinecraftServer/]: Saving chunks for level 'ServerLevel[DevEnviromentWorld]'/the_afterdark:afterdark
[24Sep2026 21:31:01.297] [Server thread/INFO] [dev.ryanhcode.sable.Sable/]: Saving sub-levels for level 'ServerLevel[DevEnviromentWorld]'/the_afterdark:afterdark
[24Sep2026 21:31:01.297] [Server thread/INFO] [net.minecraft.server.MinecraftServer/]: Saving chunks for level 'ServerLevel[DevEnviromentWorld]'/minecraft:the_end
[24Sep2026 21:31:01.298] [Server thread/INFO] [dev.ryanhcode.sable.Sable/]: Saving sub-levels for level 'ServerLevel[DevEnviromentWorld]'/minecraft:the_end
[24Sep2026 21:31:01.298] [Server thread/INFO] [net.minecraft.server.MinecraftServer/]: Saving chunks for level 'ServerLevel[DevEnviromentWorld]'/ae2:spatial_storage
[24Sep2026 21:31:01.298] [Server thread/INFO] [dev.ryanhcode.sable.Sable/]: Saving sub-levels for level 'ServerLevel[DevEnviromentWorld]'/ae2:spatial_storage
[24Sep2026 21:34:14.644] [Server thread/INFO] [EMI/]: [EMI] literal{Dev} cheated in 1 gtceu:steel_frame
[24Sep2026 21:34:17.046] [Server thread/INFO] [net.minecraft.client.server.IntegratedServer/]: Saving and pausing game...
[24Sep2026 21:34:17.078] [Server thread/INFO] [net.minecraft.server.MinecraftServer/]: Saving chunks for level 'ServerLevel[DevEnviromentWorld]'/minecraft:overworld
[24Sep2026 21:34:17.079] [Server thread/INFO] [dev.ryanhcode.sable.Sable/]: Saving sub-levels for level 'ServerLevel[DevEnviromentWorld]'/minecraft:overworld
[24Sep2026 21:34:17.095] [Server thread/INFO] [net.minecraft.server.MinecraftServer/]: Saving chunks for level 'ServerLevel[DevEnviromentWorld]'/rocketnautics:deep_space
[24Sep2026 21:34:17.095] [Server thread/INFO] [dev.ryanhcode.sable.Sable/]: Saving sub-levels for level 'ServerLevel[DevEnviromentWorld]'/rocketnautics:deep_space
[24Sep2026 21:34:17.096] [Server thread/INFO] [net.minecraft.server.MinecraftServer/]: Saving chunks for level 'ServerLevel[DevEnviromentWorld]'/rocketnautics:moon
[24Sep2026 21:34:17.096] [Server thread/INFO] [dev.ryanhcode.sable.Sable/]: Saving sub-levels for level 'ServerLevel[DevEnviromentWorld]'/rocketnautics:moon
[24Sep2026 21:34:17.096] [Server thread/INFO] [net.minecraft.server.MinecraftServer/]: Saving chunks for level 'ServerLevel[DevEnviromentWorld]'/undergarden:undergarden
[24Sep2026 21:34:17.096] [Server thread/INFO] [dev.ryanhcode.sable.Sable/]: Saving sub-levels for level 'ServerLevel[DevEnviromentWorld]'/undergarden:undergarden
[24Sep2026 21:34:17.096] [Server thread/INFO] [net.minecraft.server.MinecraftServer/]: Saving chunks for level 'ServerLevel[DevEnviromentWorld]'/minecraft:the_nether
[24Sep2026 21:34:17.096] [Server thread/INFO] [dev.ryanhcode.sable.Sable/]: Saving sub-levels for level 'ServerLevel[DevEnviromentWorld]'/minecraft:the_nether
[24Sep2026 21:34:17.096] [Server thread/INFO] [net.minecraft.server.MinecraftServer/]: Saving chunks for level 'ServerLevel[DevEnviromentWorld]'/the_afterdark:afterdark
[24Sep2026 21:34:17.096] [Server thread/INFO] [dev.ryanhcode.sable.Sable/]: Saving sub-levels for level 'ServerLevel[DevEnviromentWorld]'/the_afterdark:afterdark
[24Sep2026 21:34:17.097] [Server thread/INFO] [net.minecraft.server.MinecraftServer/]: Saving chunks for level 'ServerLevel[DevEnviromentWorld]'/minecraft:the_end
[24Sep2026 21:34:17.097] [Server thread/INFO] [dev.ryanhcode.sable.Sable/]: Saving sub-levels for level 'ServerLevel[DevEnviromentWorld]'/minecraft:the_end
[24Sep2026 21:34:17.097] [Server thread/INFO] [net.minecraft.server.MinecraftServer/]: Saving chunks for level 'ServerLevel[DevEnviromentWorld]'/ae2:spatial_storage
[24Sep2026 21:34:17.097] [Server thread/INFO] [dev.ryanhcode.sable.Sable/]: Saving sub-levels for level 'ServerLevel[DevEnviromentWorld]'/ae2:spatial_storage
[24Sep2026 21:34:30.673] [Server thread/INFO] [dev.ryanhcode.sable.Sable/]: Saving sub-levels for level 'ServerLevel[DevEnviromentWorld]'/minecraft:overworld
[24Sep2026 21:34:30.685] [Server thread/INFO] [dev.ryanhcode.sable.Sable/]: Saving sub-levels for level 'ServerLevel[DevEnviromentWorld]'/rocketnautics:deep_space
[24Sep2026 21:34:30.686] [Server thread/INFO] [dev.ryanhcode.sable.Sable/]: Saving sub-levels for level 'ServerLevel[DevEnviromentWorld]'/rocketnautics:moon
[24Sep2026 21:34:30.686] [Server thread/INFO] [dev.ryanhcode.sable.Sable/]: Saving sub-levels for level 'ServerLevel[DevEnviromentWorld]'/undergarden:undergarden
[24Sep2026 21:34:30.686] [Server thread/INFO] [dev.ryanhcode.sable.Sable/]: Saving sub-levels for level 'ServerLevel[DevEnviromentWorld]'/minecraft:the_nether
[24Sep2026 21:34:30.686] [Server thread/INFO] [dev.ryanhcode.sable.Sable/]: Saving sub-levels for level 'ServerLevel[DevEnviromentWorld]'/the_afterdark:afterdark
[24Sep2026 21:34:30.687] [Server thread/INFO] [dev.ryanhcode.sable.Sable/]: Saving sub-levels for level 'ServerLevel[DevEnviromentWorld]'/minecraft:the_end
[24Sep2026 21:34:30.687] [Server thread/INFO] [dev.ryanhcode.sable.Sable/]: Saving sub-levels for level 'ServerLevel[DevEnviromentWorld]'/ae2:spatial_storage
[24Sep2026 21:34:49.896] [Render thread/WARN] [EMI/]: [EMI] dev.emi.emi.screen.WidgetGroup is tainted by
	 * com.lowdragmc.lowdraglib.core.mixins.emi.WidgetGroupMixin
[24Sep2026 21:36:18.346] [Server thread/INFO] [net.minecraft.client.server.IntegratedServer/]: Saving and pausing game...
[24Sep2026 21:36:18.368] [Server thread/INFO] [net.minecraft.server.MinecraftServer/]: Saving chunks for level 'ServerLevel[DevEnviromentWorld]'/minecraft:overworld
[24Sep2026 21:36:18.368] [Server thread/INFO] [dev.ryanhcode.sable.Sable/]: Saving sub-levels for level 'ServerLevel[DevEnviromentWorld]'/minecraft:overworld
[24Sep2026 21:36:18.380] [Server thread/INFO] [net.minecraft.server.MinecraftServer/]: Saving chunks for level 'ServerLevel[DevEnviromentWorld]'/rocketnautics:deep_space
[24Sep2026 21:36:18.380] [Server thread/INFO] [dev.ryanhcode.sable.Sable/]: Saving sub-levels for level 'ServerLevel[DevEnviromentWorld]'/rocketnautics:deep_space
[24Sep2026 21:36:18.381] [Server thread/INFO] [net.minecraft.server.MinecraftServer/]: Saving chunks for level 'ServerLevel[DevEnviromentWorld]'/rocketnautics:moon
[24Sep2026 21:36:18.381] [Server thread/INFO] [dev.ryanhcode.sable.Sable/]: Saving sub-levels for level 'ServerLevel[DevEnviromentWorld]'/rocketnautics:moon
[24Sep2026 21:36:18.381] [Server thread/INFO] [net.minecraft.server.MinecraftServer/]: Saving chunks for level 'ServerLevel[DevEnviromentWorld]'/undergarden:undergarden
[24Sep2026 21:36:18.381] [Server thread/INFO] [dev.ryanhcode.sable.Sable/]: Saving sub-levels for level 'ServerLevel[DevEnviromentWorld]'/undergarden:undergarden
[24Sep2026 21:36:18.381] [Server thread/INFO] [net.minecraft.server.MinecraftServer/]: Saving chunks for level 'ServerLevel[DevEnviromentWorld]'/minecraft:the_nether
[24Sep2026 21:36:18.381] [Server thread/INFO] [dev.ryanhcode.sable.Sable/]: Saving sub-levels for level 'ServerLevel[DevEnviromentWorld]'/minecraft:the_nether
[24Sep2026 21:36:18.381] [Server thread/INFO] [net.minecraft.server.MinecraftServer/]: Saving chunks for level 'ServerLevel[DevEnviromentWorld]'/the_afterdark:afterdark
[24Sep2026 21:36:18.381] [Server thread/INFO] [dev.ryanhcode.sable.Sable/]: Saving sub-levels for level 'ServerLevel[DevEnviromentWorld]'/the_afterdark:afterdark
[24Sep2026 21:36:18.381] [Server thread/INFO] [net.minecraft.server.MinecraftServer/]: Saving chunks for level 'ServerLevel[DevEnviromentWorld]'/minecraft:the_end
[24Sep2026 21:36:18.381] [Server thread/INFO] [dev.ryanhcode.sable.Sable/]: Saving sub-levels for level 'ServerLevel[DevEnviromentWorld]'/minecraft:the_end
[24Sep2026 21:36:18.382] [Server thread/INFO] [net.minecraft.server.MinecraftServer/]: Saving chunks for level 'ServerLevel[DevEnviromentWorld]'/ae2:spatial_storage
[24Sep2026 21:36:18.382] [Server thread/INFO] [dev.ryanhcode.sable.Sable/]: Saving sub-levels for level 'ServerLevel[DevEnviromentWorld]'/ae2:spatial_storage
[24Sep2026 21:36:57.646] [Server thread/INFO] [net.minecraft.client.server.IntegratedServer/]: Saving and pausing game...
[24Sep2026 21:36:57.689] [Server thread/INFO] [net.minecraft.server.MinecraftServer/]: Saving chunks for level 'ServerLevel[DevEnviromentWorld]'/minecraft:overworld
[24Sep2026 21:36:57.689] [Server thread/INFO] [dev.ryanhcode.sable.Sable/]: Saving sub-levels for level 'ServerLevel[DevEnviromentWorld]'/minecraft:overworld
[24Sep2026 21:36:57.701] [Server thread/INFO] [net.minecraft.server.MinecraftServer/]: Saving chunks for level 'ServerLevel[DevEnviromentWorld]'/rocketnautics:deep_space
[24Sep2026 21:36:57.701] [Server thread/INFO] [dev.ryanhcode.sable.Sable/]: Saving sub-levels for level 'ServerLevel[DevEnviromentWorld]'/rocketnautics:deep_space
[24Sep2026 21:36:57.701] [Server thread/INFO] [net.minecraft.server.MinecraftServer/]: Saving chunks for level 'ServerLevel[DevEnviromentWorld]'/rocketnautics:moon
[24Sep2026 21:36:57.701] [Server thread/INFO] [dev.ryanhcode.sable.Sable/]: Saving sub-levels for level 'ServerLevel[DevEnviromentWorld]'/rocketnautics:moon
[24Sep2026 21:36:57.701] [Server thread/INFO] [net.minecraft.server.MinecraftServer/]: Saving chunks for level 'ServerLevel[DevEnviromentWorld]'/undergarden:undergarden
[24Sep2026 21:36:57.701] [Server thread/INFO] [dev.ryanhcode.sable.Sable/]: Saving sub-levels for level 'ServerLevel[DevEnviromentWorld]'/undergarden:undergarden
[24Sep2026 21:36:57.701] [Server thread/INFO] [net.minecraft.server.MinecraftServer/]: Saving chunks for level 'ServerLevel[DevEnviromentWorld]'/minecraft:the_nether
[24Sep2026 21:36:57.701] [Server thread/INFO] [dev.ryanhcode.sable.Sable/]: Saving sub-levels for level 'ServerLevel[DevEnviromentWorld]'/minecraft:the_nether
[24Sep2026 21:36:57.702] [Server thread/INFO] [net.minecraft.server.MinecraftServer/]: Saving chunks for level 'ServerLevel[DevEnviromentWorld]'/the_afterdark:afterdark
[24Sep2026 21:36:57.702] [Server thread/INFO] [dev.ryanhcode.sable.Sable/]: Saving sub-levels for level 'ServerLevel[DevEnviromentWorld]'/the_afterdark:afterdark
[24Sep2026 21:36:57.702] [Server thread/INFO] [net.minecraft.server.MinecraftServer/]: Saving chunks for level 'ServerLevel[DevEnviromentWorld]'/minecraft:the_end
[24Sep2026 21:36:57.702] [Server thread/INFO] [dev.ryanhcode.sable.Sable/]: Saving sub-levels for level 'ServerLevel[DevEnviromentWorld]'/minecraft:the_end
[24Sep2026 21:36:57.702] [Server thread/INFO] [net.minecraft.server.MinecraftServer/]: Saving chunks for level 'ServerLevel[DevEnviromentWorld]'/ae2:spatial_storage
[24Sep2026 21:36:57.702] [Server thread/INFO] [dev.ryanhcode.sable.Sable/]: Saving sub-levels for level 'ServerLevel[DevEnviromentWorld]'/ae2:spatial_storage
[24Sep2026 21:40:07.285] [Server thread/INFO] [dev.ryanhcode.sable.Sable/]: Saving sub-levels for level 'ServerLevel[DevEnviromentWorld]'/minecraft:overworld
[24Sep2026 21:40:07.297] [Server thread/INFO] [dev.ryanhcode.sable.Sable/]: Saving sub-levels for level 'ServerLevel[DevEnviromentWorld]'/rocketnautics:deep_space
[24Sep2026 21:40:07.298] [Server thread/INFO] [dev.ryanhcode.sable.Sable/]: Saving sub-levels for level 'ServerLevel[DevEnviromentWorld]'/rocketnautics:moon
[24Sep2026 21:40:07.298] [Server thread/INFO] [dev.ryanhcode.sable.Sable/]: Saving sub-levels for level 'ServerLevel[DevEnviromentWorld]'/undergarden:undergarden
[24Sep2026 21:40:07.298] [Server thread/INFO] [dev.ryanhcode.sable.Sable/]: Saving sub-levels for level 'ServerLevel[DevEnviromentWorld]'/minecraft:the_nether
[24Sep2026 21:40:07.298] [Server thread/INFO] [dev.ryanhcode.sable.Sable/]: Saving sub-levels for level 'ServerLevel[DevEnviromentWorld]'/the_afterdark:afterdark
[24Sep2026 21:40:07.298] [Server thread/INFO] [dev.ryanhcode.sable.Sable/]: Saving sub-levels for level 'ServerLevel[DevEnviromentWorld]'/minecraft:the_end
[24Sep2026 21:40:07.298] [Server thread/INFO] [dev.ryanhcode.sable.Sable/]: Saving sub-levels for level 'ServerLevel[DevEnviromentWorld]'/ae2:spatial_storage
[24Sep2026 21:45:07.218] [Server thread/INFO] [dev.ryanhcode.sable.Sable/]: Saving sub-levels for level 'ServerLevel[DevEnviromentWorld]'/minecraft:overworld
[24Sep2026 21:45:07.235] [Server thread/INFO] [dev.ryanhcode.sable.Sable/]: Saving sub-levels for level 'ServerLevel[DevEnviromentWorld]'/rocketnautics:deep_space
[24Sep2026 21:45:07.235] [Server thread/INFO] [dev.ryanhcode.sable.Sable/]: Saving sub-levels for level 'ServerLevel[DevEnviromentWorld]'/rocketnautics:moon
[24Sep2026 21:45:07.236] [Server thread/INFO] [dev.ryanhcode.sable.Sable/]: Saving sub-levels for level 'ServerLevel[DevEnviromentWorld]'/undergarden:undergarden
[24Sep2026 21:45:07.236] [Server thread/INFO] [dev.ryanhcode.sable.Sable/]: Saving sub-levels for level 'ServerLevel[DevEnviromentWorld]'/minecraft:the_nether
[24Sep2026 21:45:07.236] [Server thread/INFO] [dev.ryanhcode.sable.Sable/]: Saving sub-levels for level 'ServerLevel[DevEnviromentWorld]'/the_afterdark:afterdark
[24Sep2026 21:45:07.236] [Server thread/INFO] [dev.ryanhcode.sable.Sable/]: Saving sub-levels for level 'ServerLevel[DevEnviromentWorld]'/minecraft:the_end
[24Sep2026 21:45:07.236] [Server thread/INFO] [dev.ryanhcode.sable.Sable/]: Saving sub-levels for level 'ServerLevel[DevEnviromentWorld]'/ae2:spatial_storage
[24Sep2026 21:46:38.403] [Render thread/INFO] [net.minecraft.client.gui.components.ChatComponent/]: [System] [CHAT] [Debug]: Reloaded resource packs
[24Sep2026 21:46:38.506] [Render thread/INFO] [KubeJS Client/]: client_scripts:example.js#5: Hello, World! (Loaded client scripts)
[24Sep2026 21:46:38.507] [Render thread/INFO] [KubeJS Client/]: Loaded script client_scripts:example.js in 0.001 s
[24Sep2026 21:46:38.507] [Render thread/INFO] [KubeJS Client/]: client_scripts:main.js#2: Hello, World! (Loaded client example script)
[24Sep2026 21:46:38.507] [Render thread/INFO] [KubeJS Client/]: Loaded script client_scripts:main.js in 0.0 s
[24Sep2026 21:46:38.507] [Render thread/INFO] [KubeJS Client/]: Loaded 2/2 KubeJS client scripts in 0.104 s with 0 errors and 0 warnings
[24Sep2026 21:46:38.546] [Render thread/INFO] [KubeJS/]: Loaded 76 asset packs: gtceu:dynamic_assets, vanilla, KubeJS Virtual Resource Pack [Before Mods, assets], mod_resources, mod/sodium, mod/smartbrainlib, mod/rhino, mod/fabric_renderer_api_v1, mod/geckolib, mod/jei, mod/xaerolib, mod/aeronautics, mod/xaeroworldmap, mod/neoforge, mod/fabric_block_view_api_v2, mod/iris, mod/veil, mod/simulated, mod/guideme, mod/ldlib, mod/nuggets, mod/cloth_config, mod/offroad, mod/farmersdelight, mod/emi, mod/kubejs, mod/fabric_api_base, mod/configuration, mod/gtceu, mod/the_afterdark, mod/jade, mod/ae2, mod/nebulaeae2, mod/ae2wtlib, mod/ae2wtlib_api, mod/botania, mod/rocketnautics,dimensional_sable, mod/flywheel, mod/ponder, mod/create, mod/sable, mod/sablecompanion, mod/patchouli, mod/xaerominimap, mod/legendarysurvivaloverhaul, mod/curios, mod/ars_nouveau, mod/modularui, mod/modonomicon, mod/resourcefullib, mod/betteradvancedtooltips, mod/lambdynlights_api, mod/embers, mod/architectury, mod/ftblibrary, mod/ftbteams, mod/ftbchunks, mod/ftbquests, mod/worldstripper, mod/occultism, mod/fabric_rendering_data_attachment_v1, mod/undergarden, mod/lodestone, mod/malum, mod/infiniverse, mod/journeymap_api, mod/effortlessbuilding, mod/vanillin, mod/phoenix_chromatic_codes, mod/space_gravity, mod/forgeborncore, KubeJS Virtual Resource Pack [Internal, assets], KubeJS Virtual Resource Pack [After Mods, assets], KubeJS File Resource Pack [assets], phoenix_chromatic_codes_dynamic_fonts, KubeJS Virtual Resource Pack [Last, assets]
[24Sep2026 21:46:38.549] [Render thread/INFO] [net.minecraft.server.packs.resources.ReloadableResourceManager/]: Reloading ResourceManager: gtceu:dynamic_assets, vanilla, KubeJS Virtual Resource Pack [Before Mods, assets], mod_resources, mod/sodium, mod/smartbrainlib, mod/rhino, mod/fabric_renderer_api_v1, mod/geckolib, mod/jei, mod/xaerolib, mod/aeronautics, mod/xaeroworldmap, mod/neoforge, mod/fabric_block_view_api_v2, mod/iris, mod/veil, mod/simulated, mod/guideme, mod/ldlib, mod/nuggets, mod/cloth_config, mod/offroad, mod/farmersdelight, mod/emi, mod/kubejs, mod/fabric_api_base, mod/configuration, mod/gtceu, mod/the_afterdark, mod/jade, mod/ae2, mod/nebulaeae2, mod/ae2wtlib, mod/ae2wtlib_api, mod/botania, mod/rocketnautics,dimensional_sable, mod/flywheel, mod/ponder, mod/create, mod/sable, mod/sablecompanion, mod/patchouli, mod/xaerominimap, mod/legendarysurvivaloverhaul, mod/curios, mod/ars_nouveau, mod/modularui, mod/modonomicon, mod/resourcefullib, mod/betteradvancedtooltips, mod/lambdynlights_api, mod/embers, mod/architectury, mod/ftblibrary, mod/ftbteams, mod/ftbchunks, mod/ftbquests, mod/worldstripper, mod/occultism, mod/fabric_rendering_data_attachment_v1, mod/undergarden, mod/lodestone, mod/malum, mod/infiniverse, mod/journeymap_api, mod/effortlessbuilding, mod/vanillin, mod/phoenix_chromatic_codes, mod/space_gravity, mod/forgeborncore, KubeJS Virtual Resource Pack [Internal, assets], KubeJS Virtual Resource Pack [After Mods, assets], KubeJS File Resource Pack [assets], phoenix_chromatic_codes_dynamic_fonts, KubeJS Virtual Resource Pack [Last, assets], ldlib
[24Sep2026 21:46:38.549] [Render thread/INFO] [KubeJS/]: Closed KubeJS Virtual Resource Pack [Before Mods, assets]
[24Sep2026 21:46:38.549] [Render thread/INFO] [KubeJS/]: Closed KubeJS Virtual Resource Pack [Internal, assets]
[24Sep2026 21:46:38.550] [Render thread/INFO] [KubeJS/]: Closed KubeJS Virtual Resource Pack [After Mods, assets]
[24Sep2026 21:46:38.550] [Render thread/INFO] [KubeJS/]: Closed KubeJS Virtual Resource Pack [Last, assets]
[24Sep2026 21:46:38.568] [Worker-Main-31/ERROR] [dev.ftb.mods.ftblibrary.icon.EntityIconLoader/]: Missing entity icon settings for ars_nouveau:alakarkinos
[24Sep2026 21:46:38.569] [Worker-Main-31/ERROR] [dev.ftb.mods.ftblibrary.icon.EntityIconLoader/]: Missing entity icon settings for occultism:possessed_ghast
[24Sep2026 21:46:38.569] [Worker-Main-31/ERROR] [dev.ftb.mods.ftblibrary.icon.EntityIconLoader/]: Missing entity icon settings for occultism:wild_horde_silverfish
[24Sep2026 21:46:38.569] [Worker-Main-31/ERROR] [dev.ftb.mods.ftblibrary.icon.EntityIconLoader/]: Missing entity icon settings for ars_nouveau:summon_horse
[24Sep2026 21:46:38.569] [Worker-Main-31/ERROR] [dev.ftb.mods.ftblibrary.icon.EntityIconLoader/]: Missing entity icon settings for occultism:possessed_weak_breeze
[24Sep2026 21:46:38.569] [Worker-Main-31/ERROR] [dev.ftb.mods.ftblibrary.icon.EntityIconLoader/]: Missing entity icon settings for occultism:wild_zombie
[24Sep2026 21:46:38.571] [Worker-Main-31/ERROR] [dev.ftb.mods.ftblibrary.icon.EntityIconLoader/]: Missing entity icon settings for ars_nouveau:summon_wolf
[24Sep2026 21:46:38.571] [Worker-Main-31/ERROR] [dev.ftb.mods.ftblibrary.icon.EntityIconLoader/]: Missing entity icon settings for occultism:marid
[24Sep2026 21:46:38.571] [Worker-Main-31/ERROR] [dev.ftb.mods.ftblibrary.icon.EntityIconLoader/]: Missing entity icon settings for occultism:beaver_familiar
[24Sep2026 21:46:38.571] [Worker-Main-31/ERROR] [dev.ftb.mods.ftblibrary.icon.EntityIconLoader/]: Missing entity icon settings for occultism:possessed_elder_guardian
[24Sep2026 21:46:38.571] [Worker-Main-31/ERROR] [dev.ftb.mods.ftblibrary.icon.EntityIconLoader/]: Missing entity icon settings for occultism:headless_familiar
[24Sep2026 21:46:38.571] [Worker-Main-31/ERROR] [dev.ftb.mods.ftblibrary.icon.EntityIconLoader/]: Missing entity icon settings for occultism:greedy_familiar
[24Sep2026 21:46:38.572] [Worker-Main-31/ERROR] [dev.ftb.mods.ftblibrary.icon.EntityIconLoader/]: Missing entity icon settings for forgeborncore:spirit
[24Sep2026 21:46:38.572] [Worker-Main-31/ERROR] [dev.ftb.mods.ftblibrary.icon.EntityIconLoader/]: Missing entity icon settings for occultism:possessed_enderman
[24Sep2026 21:46:38.572] [Worker-Main-31/ERROR] [dev.ftb.mods.ftblibrary.icon.EntityIconLoader/]: Missing entity icon settings for occultism:possessed_warden
[24Sep2026 21:46:38.572] [Worker-Main-31/ERROR] [dev.ftb.mods.ftblibrary.icon.EntityIconLoader/]: Missing entity icon settings for occultism:wild_horde_husk
[24Sep2026 21:46:38.572] [Worker-Main-31/ERROR] [dev.ftb.mods.ftblibrary.icon.EntityIconLoader/]: Missing entity icon settings for occultism:wild_spider
[24Sep2026 21:46:38.573] [Worker-Main-31/ERROR] [dev.ftb.mods.ftblibrary.icon.EntityIconLoader/]: Missing entity icon settings for occultism:wild_stray
[24Sep2026 21:46:38.573] [Worker-Main-30/WARN] [GeckoLib/]: Found animation file with improper file name format; animation files should end in .animation.json: 'ars_nouveau:animations/agronomic_sourcelink_animation.json'
[24Sep2026 21:46:38.573] [Worker-Main-31/ERROR] [dev.ftb.mods.ftblibrary.icon.EntityIconLoader/]: Missing entity icon settings for occultism:afrit_wild
[24Sep2026 21:46:38.573] [Worker-Main-31/ERROR] [dev.ftb.mods.ftblibrary.icon.EntityIconLoader/]: Missing entity icon settings for ars_nouveau:familiar_wixie
[24Sep2026 21:46:38.573] [Worker-Main-31/ERROR] [dev.ftb.mods.ftblibrary.icon.EntityIconLoader/]: Missing entity icon settings for occultism:possessed_hoglin
[24Sep2026 21:46:38.573] [Worker-Main-31/ERROR] [dev.ftb.mods.ftblibrary.icon.EntityIconLoader/]: Missing entity icon settings for occultism:possessed_endermite
[24Sep2026 21:46:38.573] [Worker-Main-31/ERROR] [dev.ftb.mods.ftblibrary.icon.EntityIconLoader/]: Missing entity icon settings for undergarden:denizen
[24Sep2026 21:46:38.573] [Worker-Main-32/WARN] [GeckoLib/]: Found animation file with improper file name format; animation files should end in .animation.json: 'ars_nouveau:animations/amethyst_golem_animations.json'
[24Sep2026 21:46:38.573] [Worker-Main-37/WARN] [GeckoLib/]: Found animation file with improper file name format; animation files should end in .animation.json: 'ars_nouveau:animations/animated_block_animations.json'
[24Sep2026 21:46:38.573] [Worker-Main-31/ERROR] [dev.ftb.mods.ftblibrary.icon.EntityIconLoader/]: Missing entity icon settings for occultism:djinni
[24Sep2026 21:46:38.573] [Worker-Main-31/ERROR] [dev.ftb.mods.ftblibrary.icon.EntityIconLoader/]: Missing entity icon settings for undergarden:mog
[24Sep2026 21:46:38.573] [Worker-Main-41/WARN] [GeckoLib/]: Found animation file with improper file name format; animation files should end in .animation.json: 'ars_nouveau:animations/arcane_pedestal_animations.json'
[24Sep2026 21:46:38.574] [Worker-Main-31/ERROR] [dev.ftb.mods.ftblibrary.icon.EntityIconLoader/]: Missing entity icon settings for occultism:wild_cave_spider
[24Sep2026 21:46:38.574] [Worker-Main-31/ERROR] [dev.ftb.mods.ftblibrary.icon.EntityIconLoader/]: Missing entity icon settings for occultism:mercy_goat
[24Sep2026 21:46:38.574] [Worker-Main-31/ERROR] [dev.ftb.mods.ftblibrary.icon.EntityIconLoader/]: Missing entity icon settings for occultism:dragon_familiar
[24Sep2026 21:46:38.574] [Worker-Main-31/ERROR] [dev.ftb.mods.ftblibrary.icon.EntityIconLoader/]: Missing entity icon settings for occultism:deer_familiar
[24Sep2026 21:46:38.574] [Worker-Main-41/WARN] [GeckoLib/]: Found animation file with improper file name format; animation files should end in .animation.json: 'ars_nouveau:animations/basic_spell_turret_animations.json'
[24Sep2026 21:46:38.574] [Worker-Main-31/ERROR] [dev.ftb.mods.ftblibrary.icon.EntityIconLoader/]: Missing entity icon settings for ars_nouveau:wilden_stalker
[24Sep2026 21:46:38.574] [Worker-Main-31/ERROR] [dev.ftb.mods.ftblibrary.icon.EntityIconLoader/]: Missing entity icon settings for occultism:beholder_familiar
[24Sep2026 21:46:38.575] [Worker-Main-31/ERROR] [dev.ftb.mods.ftblibrary.icon.EntityIconLoader/]: Missing entity icon settings for undergarden:rotbelcher
[24Sep2026 21:46:38.575] [Worker-Main-31/ERROR] [dev.ftb.mods.ftblibrary.icon.EntityIconLoader/]: Missing entity icon settings for ars_nouveau:familiar_amethyst_golem
[24Sep2026 21:46:38.575] [Worker-Main-39/WARN] [GeckoLib/]: Found animation file with improper file name format; animation files should end in .animation.json: 'ars_nouveau:animations/alteration_apparatus_animations.json'
[24Sep2026 21:46:38.575] [Worker-Main-38/WARN] [GeckoLib/]: Found animation file with improper file name format; animation files should end in .animation.json: 'ars_nouveau:animations/alchemical_sourcelink_animation.json'
[24Sep2026 21:46:38.575] [Worker-Main-41/WARN] [GeckoLib/]: Found animation file with improper file name format; animation files should end in .animation.json: 'ars_nouveau:animations/book_wyrm_animation.json'
[24Sep2026 21:46:38.575] [Worker-Main-31/ERROR] [dev.ftb.mods.ftblibrary.icon.EntityIconLoader/]: Missing entity icon settings for ars_nouveau:blazing_weald_walker
[24Sep2026 21:46:38.575] [Worker-Main-30/WARN] [GeckoLib/]: Found animation file with improper file name format; animation files should end in .animation.json: 'ars_nouveau:animations/book_wyrm_lectern_animations.json'
[24Sep2026 21:46:38.575] [Worker-Main-31/ERROR] [dev.ftb.mods.ftblibrary.icon.EntityIconLoader/]: Missing entity icon settings for occultism:possessed_weak_shulker
[24Sep2026 21:46:38.575] [Worker-Main-31/ERROR] [dev.ftb.mods.ftblibrary.icon.EntityIconLoader/]: Missing entity icon settings for ars_nouveau:cascading_weald_walker
[24Sep2026 21:46:38.575] [Worker-Main-31/ERROR] [dev.ftb.mods.ftblibrary.icon.EntityIconLoader/]: Missing entity icon settings for occultism:chimera_familiar
[24Sep2026 21:46:38.576] [Worker-Main-31/ERROR] [dev.ftb.mods.ftblibrary.icon.EntityIconLoader/]: Missing entity icon settings for occultism:goat_familiar
[24Sep2026 21:46:38.576] [Worker-Main-38/WARN] [GeckoLib/]: Found animation file with improper file name format; animation files should end in .animation.json: 'ars_nouveau:animations/decor_blossom_animations.json'
[24Sep2026 21:46:38.576] [Worker-Main-31/ERROR] [dev.ftb.mods.ftblibrary.icon.EntityIconLoader/]: Missing entity icon settings for occultism:foliot
[24Sep2026 21:46:38.576] [Worker-Main-31/ERROR] [dev.ftb.mods.ftblibrary.icon.EntityIconLoader/]: Missing entity icon settings for occultism:possessed_blaze
[24Sep2026 21:46:38.576] [Worker-Main-31/ERROR] [dev.ftb.mods.ftblibrary.icon.EntityIconLoader/]: Missing entity icon settings for occultism:wild_husk
[24Sep2026 21:46:38.576] [Worker-Main-31/ERROR] [dev.ftb.mods.ftblibrary.icon.EntityIconLoader/]: Missing entity icon settings for occultism:otherworld_bird
[24Sep2026 21:46:38.576] [Worker-Main-31/ERROR] [dev.ftb.mods.ftblibrary.icon.EntityIconLoader/]: Missing entity icon settings for ars_nouveau:familiar_bookwyrm
[24Sep2026 21:46:38.576] [Worker-Main-31/ERROR] [dev.ftb.mods.ftblibrary.icon.EntityIconLoader/]: Missing entity icon settings for occultism:shub_niggurath_familiar
[24Sep2026 21:46:38.573] [Worker-Main-40/WARN] [GeckoLib/]: Found animation file with improper file name format; animation files should end in .animation.json: 'ars_nouveau:animations/arcane_core_animations.json'
[24Sep2026 21:46:38.577] [Worker-Main-31/ERROR] [dev.ftb.mods.ftblibrary.icon.EntityIconLoader/]: Missing entity icon settings for ars_nouveau:flourishing_weald_walker
[24Sep2026 21:46:38.577] [Worker-Main-31/ERROR] [dev.ftb.mods.ftblibrary.icon.EntityIconLoader/]: Missing entity icon settings for undergarden:greater_dweller
[24Sep2026 21:46:38.577] [Worker-Main-31/ERROR] [dev.ftb.mods.ftblibrary.icon.EntityIconLoader/]: Missing entity icon settings for occultism:possessed_shulker
[24Sep2026 21:46:38.578] [Worker-Main-31/ERROR] [dev.ftb.mods.ftblibrary.icon.EntityIconLoader/]: Missing entity icon settings for occultism:wild_bogged
[24Sep2026 21:46:38.578] [Worker-Main-40/WARN] [GeckoLib/]: Found animation file with improper file name format; animation files should end in .animation.json: 'ars_nouveau:animations/drygmy_animations.json'
[24Sep2026 21:46:38.578] [Worker-Main-31/ERROR] [dev.ftb.mods.ftblibrary.icon.EntityIconLoader/]: Missing entity icon settings for forgeborncore:brawler_skeleton
[24Sep2026 21:46:38.578] [Worker-Main-31/ERROR] [dev.ftb.mods.ftblibrary.icon.EntityIconLoader/]: Missing entity icon settings for ars_nouveau:familiar_whirlisprig
[24Sep2026 21:46:38.578] [Worker-Main-31/ERROR] [dev.ftb.mods.ftblibrary.icon.EntityIconLoader/]: Missing entity icon settings for ars_nouveau:vexing_weald_walker
[24Sep2026 21:46:38.579] [Worker-Main-39/WARN] [GeckoLib/]: Found animation file with improper file name format; animation files should end in .animation.json: 'ars_nouveau:animations/enchanting_apparatus_animations.json'
[24Sep2026 21:46:38.579] [Worker-Main-31/ERROR] [dev.ftb.mods.ftblibrary.icon.EntityIconLoader/]: Missing entity icon settings for occultism:possessed_breeze
[24Sep2026 21:46:38.579] [Worker-Main-31/ERROR] [dev.ftb.mods.ftblibrary.icon.EntityIconLoader/]: Missing entity icon settings for undergarden:mysterious_pot
[24Sep2026 21:46:38.579] [Worker-Main-31/ERROR] [dev.ftb.mods.ftblibrary.icon.EntityIconLoader/]: Missing entity icon settings for occultism:wild_horde_creeper
[24Sep2026 21:46:38.579] [Worker-Main-31/ERROR] [dev.ftb.mods.ftblibrary.icon.EntityIconLoader/]: Missing entity icon settings for occultism:bat_familiar
[24Sep2026 21:46:38.579] [Worker-Main-31/ERROR] [dev.ftb.mods.ftblibrary.icon.EntityIconLoader/]: Missing entity icon settings for occultism:wild_horde_drowned
[24Sep2026 21:46:38.579] [Worker-Main-31/ERROR] [dev.ftb.mods.ftblibrary.icon.EntityIconLoader/]: Missing entity icon settings for undergarden:gwib
[24Sep2026 21:46:38.579] [Worker-Main-31/ERROR] [dev.ftb.mods.ftblibrary.icon.EntityIconLoader/]: Missing entity icon settings for occultism:possessed_strong_breeze
[24Sep2026 21:46:38.580] [Worker-Main-31/ERROR] [dev.ftb.mods.ftblibrary.icon.EntityIconLoader/]: Missing entity icon settings for undergarden:smog_mog
[24Sep2026 21:46:38.580] [Worker-Main-31/ERROR] [dev.ftb.mods.ftblibrary.icon.EntityIconLoader/]: Missing entity icon settings for occultism:shub_niggurath_spawn
[24Sep2026 21:46:38.580] [Worker-Main-31/ERROR] [dev.ftb.mods.ftblibrary.icon.EntityIconLoader/]: Missing entity icon settings for occultism:afrit
[24Sep2026 21:46:38.580] [Worker-Main-31/ERROR] [dev.ftb.mods.ftblibrary.icon.EntityIconLoader/]: Missing entity icon settings for ars_nouveau:familiar_starbuncle
[24Sep2026 21:46:38.580] [Worker-Main-31/ERROR] [dev.ftb.mods.ftblibrary.icon.EntityIconLoader/]: Missing entity icon settings for ars_nouveau:drygmy
[24Sep2026 21:46:38.579] [Worker-Main-41/WARN] [GeckoLib/]: Found animation file with improper file name format; animation files should end in .animation.json: 'ars_nouveau:animations/empty.json'
[24Sep2026 21:46:38.581] [Worker-Main-31/ERROR] [dev.ftb.mods.ftblibrary.icon.EntityIconLoader/]: Missing entity icon settings for occultism:demonic_husband
[24Sep2026 21:46:38.581] [Worker-Main-31/ERROR] [dev.ftb.mods.ftblibrary.icon.EntityIconLoader/]: Missing entity icon settings for ars_nouveau:wilden_hunter
[24Sep2026 21:46:38.581] [Worker-Main-31/ERROR] [dev.ftb.mods.ftblibrary.icon.EntityIconLoader/]: Missing entity icon settings for occultism:guardian_familiar
[24Sep2026 21:46:38.581] [Worker-Main-31/ERROR] [dev.ftb.mods.ftblibrary.icon.EntityIconLoader/]: Missing entity icon settings for occultism:cthulhu_familiar
[24Sep2026 21:46:38.582] [Worker-Main-31/ERROR] [dev.ftb.mods.ftblibrary.icon.EntityIconLoader/]: Missing entity icon settings for occultism:possessed_phantom
[24Sep2026 21:46:38.582] [Worker-Main-31/ERROR] [dev.ftb.mods.ftblibrary.icon.EntityIconLoader/]: Missing entity icon settings for occultism:possessed_witch
[24Sep2026 21:46:38.582] [Worker-Main-31/ERROR] [dev.ftb.mods.ftblibrary.icon.EntityIconLoader/]: Missing entity icon settings for occultism:wondering_trader
[24Sep2026 21:46:38.582] [Worker-Main-31/ERROR] [dev.ftb.mods.ftblibrary.icon.EntityIconLoader/]: Missing entity icon settings for occultism:possessed_evoker
[24Sep2026 21:46:38.582] [Worker-Main-31/ERROR] [dev.ftb.mods.ftblibrary.icon.EntityIconLoader/]: Missing entity icon settings for ars_nouveau:wilden_boss
[24Sep2026 21:46:38.583] [Worker-Main-31/ERROR] [dev.ftb.mods.ftblibrary.icon.EntityIconLoader/]: Missing entity icon settings for occultism:blacksmith_familiar
[24Sep2026 21:46:38.583] [Worker-Main-31/ERROR] [dev.ftb.mods.ftblibrary.icon.EntityIconLoader/]: Missing entity icon settings for occultism:possessed_guardian
[24Sep2026 21:46:38.583] [Worker-Main-31/ERROR] [dev.ftb.mods.ftblibrary.icon.EntityIconLoader/]: Missing entity icon settings for occultism:possessed_zombie_piglin
[24Sep2026 21:46:38.583] [Worker-Main-31/ERROR] [dev.ftb.mods.ftblibrary.icon.EntityIconLoader/]: Missing entity icon settings for occultism:wild_hunt_skeleton
[24Sep2026 21:46:38.583] [Worker-Main-31/ERROR] [dev.ftb.mods.ftblibrary.icon.EntityIconLoader/]: Missing entity icon settings for ars_nouveau:wilden_guardian
[24Sep2026 21:46:38.584] [Worker-Main-31/ERROR] [dev.ftb.mods.ftblibrary.icon.EntityIconLoader/]: Missing entity icon settings for occultism:wild_slime
[24Sep2026 21:46:38.584] [Worker-Main-31/ERROR] [dev.ftb.mods.ftblibrary.icon.EntityIconLoader/]: Entity undergarden:gwibling is using legacy invisible texture, please update it to use the new system!
[24Sep2026 21:46:38.584] [Worker-Main-31/ERROR] [dev.ftb.mods.ftblibrary.icon.EntityIconLoader/]: Missing entity icon settings for embers:ancient_golem
[24Sep2026 21:46:38.584] [Worker-Main-31/ERROR] [dev.ftb.mods.ftblibrary.icon.EntityIconLoader/]: Missing entity icon settings for occultism:possessed_skeleton
[24Sep2026 21:46:38.585] [Worker-Main-31/ERROR] [dev.ftb.mods.ftblibrary.icon.EntityIconLoader/]: Missing entity icon settings for occultism:mummy_familiar
[24Sep2026 21:46:38.585] [Worker-Main-31/ERROR] [dev.ftb.mods.ftblibrary.icon.EntityIconLoader/]: Missing entity icon settings for occultism:wild_silverfish
[24Sep2026 21:46:38.585] [Worker-Main-31/ERROR] [dev.ftb.mods.ftblibrary.icon.EntityIconLoader/]: Missing entity icon settings for occultism:wild_hunt_wither_skeleton
[24Sep2026 21:46:38.586] [Worker-Main-31/ERROR] [dev.ftb.mods.ftblibrary.icon.EntityIconLoader/]: Missing entity icon settings for occultism:demonic_wife
[24Sep2026 21:46:38.586] [Worker-Main-31/ERROR] [dev.ftb.mods.ftblibrary.icon.EntityIconLoader/]: Missing entity icon settings for undergarden:forgotten
[24Sep2026 21:46:38.586] [Worker-Main-31/ERROR] [dev.ftb.mods.ftblibrary.icon.EntityIconLoader/]: Missing entity icon settings for ars_nouveau:familiar_drygmy
[24Sep2026 21:46:38.586] [Worker-Main-31/ERROR] [dev.ftb.mods.ftblibrary.icon.EntityIconLoader/]: Missing entity icon settings for occultism:wild_skeleton
[24Sep2026 21:46:38.586] [Worker-Main-31/ERROR] [dev.ftb.mods.ftblibrary.icon.EntityIconLoader/]: Missing entity icon settings for ars_nouveau:amethyst_golem
[24Sep2026 21:46:38.586] [Worker-Main-31/ERROR] [dev.ftb.mods.ftblibrary.icon.EntityIconLoader/]: Missing entity icon settings for botania:doppleganger
[24Sep2026 21:46:38.587] [Worker-Main-31/ERROR] [dev.ftb.mods.ftblibrary.icon.EntityIconLoader/]: Missing entity icon settings for ars_nouveau:gift_starby
[24Sep2026 21:46:38.587] [Worker-Main-31/ERROR] [dev.ftb.mods.ftblibrary.icon.EntityIconLoader/]: Missing entity icon settings for occultism:marid_unbound
[24Sep2026 21:46:38.587] [Worker-Main-31/ERROR] [dev.ftb.mods.ftblibrary.icon.EntityIconLoader/]: Missing entity icon settings for occultism:possessed_bee
[24Sep2026 21:46:38.587] [Worker-Main-34/INFO] [net.minecraft.client.gui.font.providers.UnihexProvider/]: Found unifont_all_no_pua-15.1.05.hex, loading
[24Sep2026 21:46:38.587] [Worker-Main-31/ERROR] [dev.ftb.mods.ftblibrary.icon.EntityIconLoader/]: Missing entity icon settings for smartbrainlib:sbl_skeleton
[24Sep2026 21:46:38.587] [Worker-Main-31/ERROR] [dev.ftb.mods.ftblibrary.icon.EntityIconLoader/]: Missing entity icon settings for occultism:fairy_familiar
[24Sep2026 21:46:38.588] [Worker-Main-31/ERROR] [dev.ftb.mods.ftblibrary.icon.EntityIconLoader/]: Missing entity icon settings for ars_nouveau:summon_skeleton
[24Sep2026 21:46:38.588] [Worker-Main-31/ERROR] [dev.ftb.mods.ftblibrary.icon.EntityIconLoader/]: Missing entity icon settings for occultism:devil_familiar
[24Sep2026 21:46:38.591] [Worker-Main-37/WARN] [GeckoLib/]: Found animation file with improper file name format; animation files should end in .animation.json: 'ars_nouveau:animations/lily_animations.json'
[24Sep2026 21:46:38.591] [Worker-Main-40/WARN] [GeckoLib/]: Found animation file with improper file name format; animation files should end in .animation.json: 'ars_nouveau:animations/mana_relay_animation.json'
[24Sep2026 21:46:38.592] [Worker-Main-32/WARN] [GeckoLib/]: Found animation file with improper file name format; animation files should end in .animation.json: 'ars_nouveau:animations/mana_splitter_animation.json'
[24Sep2026 21:46:38.592] [Worker-Main-41/WARN] [GeckoLib/]: Found animation file with improper file name format; animation files should end in .animation.json: 'ars_nouveau:animations/imbuement_chamber_animations.json'
[24Sep2026 21:46:38.592] [Worker-Main-40/WARN] [GeckoLib/]: Found animation file with improper file name format; animation files should end in .animation.json: 'ars_nouveau:animations/nook_animation.json'
[24Sep2026 21:46:38.592] [Worker-Main-32/WARN] [GeckoLib/]: Found animation file with improper file name format; animation files should end in .animation.json: 'ars_nouveau:animations/potion_melder_animation.json'
[24Sep2026 21:46:38.592] [Worker-Main-30/WARN] [GeckoLib/]: Found animation file with improper file name format; animation files should end in .animation.json: 'ars_nouveau:animations/press_animations.json'
[24Sep2026 21:46:38.592] [Worker-Main-32/WARN] [GeckoLib/]: Found animation file with improper file name format; animation files should end in .animation.json: 'ars_nouveau:animations/redstone_relay_animations.json'
[24Sep2026 21:46:38.592] [Worker-Main-41/WARN] [GeckoLib/]: Found animation file with improper file name format; animation files should end in .animation.json: 'ars_nouveau:animations/ritual.json'
[24Sep2026 21:46:38.592] [Worker-Main-39/WARN] [GeckoLib/]: Found animation file with improper file name format; animation files should end in .animation.json: 'ars_nouveau:animations/rune.json'
[24Sep2026 21:46:38.593] [Worker-Main-32/WARN] [GeckoLib/]: Found animation file with improper file name format; animation files should end in .animation.json: 'ars_nouveau:animations/scribes_table_animations.json'
[24Sep2026 21:46:38.593] [Worker-Main-30/WARN] [GeckoLib/]: Found animation file with improper file name format; animation files should end in .animation.json: 'ars_nouveau:animations/scryers_eye_animation.json'
[24Sep2026 21:46:38.593] [Worker-Main-38/WARN] [GeckoLib/]: Found animation file with improper file name format; animation files should end in .animation.json: 'ars_nouveau:animations/source_collector_animations.json'
[24Sep2026 21:46:38.593] [Worker-Main-39/WARN] [GeckoLib/]: Found animation file with improper file name format; animation files should end in .animation.json: 'ars_nouveau:animations/source_deposit_animations.json'
[24Sep2026 21:46:38.594] [Worker-Main-39/WARN] [GeckoLib/]: Found animation file with improper file name format; animation files should end in .animation.json: 'ars_nouveau:animations/source_relay_animations.json'
[24Sep2026 21:46:38.595] [Worker-Main-39/WARN] [GeckoLib/]: Found animation file with improper file name format; animation files should end in .animation.json: 'ars_nouveau:animations/source_splitter_animations.json'
[24Sep2026 21:46:38.595] [Worker-Main-38/WARN] [GeckoLib/]: Found animation file with improper file name format; animation files should end in .animation.json: 'ars_nouveau:animations/source_warp_animations.json'
[24Sep2026 21:46:38.595] [Worker-Main-40/WARN] [GeckoLib/]: Found animation file with improper file name format; animation files should end in .animation.json: 'ars_nouveau:animations/spell_turret_animations.json'
[24Sep2026 21:46:38.595] [Worker-Main-16/WARN] [GeckoLib/]: Found animation file with improper file name format; animation files should end in .animation.json: 'ars_nouveau:animations/spell_turret_timer_animations.json'
[24Sep2026 21:46:38.596] [Worker-Main-39/WARN] [GeckoLib/]: Found animation file with improper file name format; animation files should end in .animation.json: 'ars_nouveau:animations/spike_animations.json'
[24Sep2026 21:46:38.596] [Worker-Main-40/WARN] [GeckoLib/]: Found animation file with improper file name format; animation files should end in .animation.json: 'ars_nouveau:animations/storage_catalog_animations.json'
[24Sep2026 21:46:38.596] [Worker-Main-38/WARN] [GeckoLib/]: Found animation file with improper file name format; animation files should end in .animation.json: 'ars_nouveau:animations/starbuncle_animations.json'
[24Sep2026 21:46:38.596] [Worker-Main-16/WARN] [GeckoLib/]: Found animation file with improper file name format; animation files should end in .animation.json: 'ars_nouveau:animations/volcanic_sourcelink_animations.json'
[24Sep2026 21:46:38.596] [Worker-Main-39/WARN] [GeckoLib/]: Found animation file with improper file name format; animation files should end in .animation.json: 'ars_nouveau:animations/vitalic_sourcelink_animation.json'
[24Sep2026 21:46:38.596] [Worker-Main-37/WARN] [GeckoLib/]: Found animation file with improper file name format; animation files should end in .animation.json: 'ars_nouveau:animations/wand_animation.json'
[24Sep2026 21:46:38.596] [Worker-Main-30/WARN] [GeckoLib/]: Found animation file with improper file name format; animation files should end in .animation.json: 'ars_nouveau:animations/weald_waddler_animations.json'
[24Sep2026 21:46:38.597] [Worker-Main-41/WARN] [GeckoLib/]: Found animation file with improper file name format; animation files should end in .animation.json: 'ars_nouveau:animations/weald_walker_animations.json'
[24Sep2026 21:46:38.597] [Worker-Main-40/WARN] [GeckoLib/]: Found animation file with improper file name format; animation files should end in .animation.json: 'ars_nouveau:animations/whirlisprig_animations.json'
[24Sep2026 21:46:38.597] [Worker-Main-39/WARN] [GeckoLib/]: Found animation file with improper file name format; animation files should end in .animation.json: 'ars_nouveau:animations/whirlisprig_blossom_animations.json'
[24Sep2026 21:46:38.598] [Worker-Main-37/WARN] [GeckoLib/]: Found animation file with improper file name format; animation files should end in .animation.json: 'ars_nouveau:animations/wilden_chimera_animations.json'
[24Sep2026 21:46:38.599] [Worker-Main-39/WARN] [GeckoLib/]: Found animation file with improper file name format; animation files should end in .animation.json: 'ars_nouveau:animations/wilden_defender_animations.json'
[24Sep2026 21:46:38.599] [Worker-Main-16/WARN] [GeckoLib/]: Found animation file with improper file name format; animation files should end in .animation.json: 'ars_nouveau:animations/wilden_hunter_animations.json'
[24Sep2026 21:46:38.600] [Worker-Main-32/WARN] [GeckoLib/]: Found animation file with improper file name format; animation files should end in .animation.json: 'ars_nouveau:animations/wilden_stalker_animations.json'
[24Sep2026 21:46:38.601] [Worker-Main-30/WARN] [GeckoLib/]: Found animation file with improper file name format; animation files should end in .animation.json: 'ars_nouveau:animations/wixie_animations.json'
[24Sep2026 21:46:38.607] [Worker-Main-41/INFO] [net.minecraft.client.gui.font.providers.UnihexProvider/]: Found unifont_jp_patch-15.1.05.hex, loading
[24Sep2026 21:46:39.070] [Render thread/INFO] [GTCEu/]: GregTech Model loading took 495ms
[24Sep2026 21:46:39.077] [Render thread/INFO] [KubeJS Client/]: Client resource reload complete!
[24Sep2026 21:46:39.101] [Server thread/INFO] [net.minecraft.client.server.IntegratedServer/]: Saving and pausing game...
[24Sep2026 21:46:39.131] [Server thread/INFO] [net.minecraft.server.MinecraftServer/]: Saving chunks for level 'ServerLevel[DevEnviromentWorld]'/minecraft:overworld
[24Sep2026 21:46:39.131] [Server thread/INFO] [dev.ryanhcode.sable.Sable/]: Saving sub-levels for level 'ServerLevel[DevEnviromentWorld]'/minecraft:overworld
[24Sep2026 21:46:39.155] [Server thread/INFO] [net.minecraft.server.MinecraftServer/]: Saving chunks for level 'ServerLevel[DevEnviromentWorld]'/rocketnautics:deep_space
[24Sep2026 21:46:39.155] [Server thread/INFO] [dev.ryanhcode.sable.Sable/]: Saving sub-levels for level 'ServerLevel[DevEnviromentWorld]'/rocketnautics:deep_space
[24Sep2026 21:46:39.155] [Server thread/INFO] [net.minecraft.server.MinecraftServer/]: Saving chunks for level 'ServerLevel[DevEnviromentWorld]'/rocketnautics:moon
[24Sep2026 21:46:39.156] [Server thread/INFO] [dev.ryanhcode.sable.Sable/]: Saving sub-levels for level 'ServerLevel[DevEnviromentWorld]'/rocketnautics:moon
[24Sep2026 21:46:39.156] [Server thread/INFO] [net.minecraft.server.MinecraftServer/]: Saving chunks for level 'ServerLevel[DevEnviromentWorld]'/undergarden:undergarden
[24Sep2026 21:46:39.156] [Server thread/INFO] [dev.ryanhcode.sable.Sable/]: Saving sub-levels for level 'ServerLevel[DevEnviromentWorld]'/undergarden:undergarden
[24Sep2026 21:46:39.156] [Server thread/INFO] [net.minecraft.server.MinecraftServer/]: Saving chunks for level 'ServerLevel[DevEnviromentWorld]'/minecraft:the_nether
[24Sep2026 21:46:39.157] [Server thread/INFO] [dev.ryanhcode.sable.Sable/]: Saving sub-levels for level 'ServerLevel[DevEnviromentWorld]'/minecraft:the_nether
[24Sep2026 21:46:39.157] [Server thread/INFO] [net.minecraft.server.MinecraftServer/]: Saving chunks for level 'ServerLevel[DevEnviromentWorld]'/the_afterdark:afterdark
[24Sep2026 21:46:39.159] [Server thread/INFO] [dev.ryanhcode.sable.Sable/]: Saving sub-levels for level 'ServerLevel[DevEnviromentWorld]'/the_afterdark:afterdark
[24Sep2026 21:46:39.159] [Server thread/INFO] [net.minecraft.server.MinecraftServer/]: Saving chunks for level 'ServerLevel[DevEnviromentWorld]'/minecraft:the_end
[24Sep2026 21:46:39.159] [Server thread/INFO] [dev.ryanhcode.sable.Sable/]: Saving sub-levels for level 'ServerLevel[DevEnviromentWorld]'/minecraft:the_end
[24Sep2026 21:46:39.159] [Server thread/INFO] [net.minecraft.server.MinecraftServer/]: Saving chunks for level 'ServerLevel[DevEnviromentWorld]'/ae2:spatial_storage
[24Sep2026 21:46:39.159] [Server thread/INFO] [dev.ryanhcode.sable.Sable/]: Saving sub-levels for level 'ServerLevel[DevEnviromentWorld]'/ae2:spatial_storage
[24Sep2026 21:46:40.074] [Worker-Main-34/INFO] [Modular UI/]: Reloading Themes...
[24Sep2026 21:46:40.077] [Worker-Main-34/INFO] [Modular UI/]: Found themes.json's at [mod/modularui]
[24Sep2026 21:46:40.409] [Worker-Main-39/ERROR] [net.minecraft.client.resources.model.ModelManager/]: Failed to load model rocketnautics:models/block/engine_core.json
com.google.gson.JsonParseException: 'from' specifier exceeds the allowed boundaries: ( 8.000E+0 -2.000E+1 -3.000E+0)
	at TRANSFORMER/minecraft@1.21.1/net.minecraft.client.renderer.block.model.BlockElement$Deserializer.getFrom(BlockElement.java:185) ~[neoforge-21.1.248.jar%23177!/:?]
	at TRANSFORMER/minecraft@1.21.1/net.minecraft.client.renderer.block.model.BlockElement$Deserializer.deserialize(BlockElement.java:82) ~[neoforge-21.1.248.jar%23177!/:?]
	at TRANSFORMER/minecraft@1.21.1/net.minecraft.client.renderer.block.model.BlockElement$Deserializer.deserialize(BlockElement.java:76) ~[neoforge-21.1.248.jar%23177!/:?]
	at MC-BOOTSTRAP/com.google.gson@2.10.1/com.google.gson.internal.bind.TreeTypeAdapter.read(TreeTypeAdapter.java:76) ~[gson-2.10.1.jar%2396!/:?]
	at MC-BOOTSTRAP/com.google.gson@2.10.1/com.google.gson.Gson.fromJson(Gson.java:1227) ~[gson-2.10.1.jar%2396!/:?]
	at MC-BOOTSTRAP/com.google.gson@2.10.1/com.google.gson.Gson.fromJson(Gson.java:1329) ~[gson-2.10.1.jar%2396!/:?]
	at MC-BOOTSTRAP/com.google.gson@2.10.1/com.google.gson.Gson.fromJson(Gson.java:1300) ~[gson-2.10.1.jar%2396!/:?]
	at MC-BOOTSTRAP/com.google.gson@2.10.1/com.google.gson.internal.bind.TreeTypeAdapter$GsonContextImpl.deserialize(TreeTypeAdapter.java:179) ~[gson-2.10.1.jar%2396!/:?]
	at TRANSFORMER/minecraft@1.21.1/net.minecraft.client.renderer.block.model.BlockModel$Deserializer.getElements(BlockModel.java:409) ~[neoforge-21.1.248.jar%23177!/:?]
	at TRANSFORMER/minecraft@1.21.1/net.minecraft.client.renderer.block.model.BlockModel$Deserializer.deserialize(BlockModel.java:338) ~[neoforge-21.1.248.jar%23177!/:?]
	at TRANSFORMER/neoforge@21.1.248/net.neoforged.neoforge.client.model.ExtendedBlockModelDeserializer.deserialize(ExtendedBlockModelDeserializer.java:51) ~[neoforge-21.1.248.jar%23178!/:?]
	at TRANSFORMER/neoforge@21.1.248/net.neoforged.neoforge.client.model.ExtendedBlockModelDeserializer.deserialize(ExtendedBlockModelDeserializer.java:37) ~[neoforge-21.1.248.jar%23178!/:?]
	at MC-BOOTSTRAP/com.google.gson@2.10.1/com.google.gson.internal.bind.TreeTypeAdapter.read(TreeTypeAdapter.java:76) ~[gson-2.10.1.jar%2396!/:?]
	at TRANSFORMER/minecraft@1.21.1/net.minecraft.util.GsonHelper.fromNullableJson(GsonHelper.java:507) ~[neoforge-21.1.248.jar%23177!/:?]
	at TRANSFORMER/minecraft@1.21.1/net.minecraft.util.GsonHelper.fromJson(GsonHelper.java:514) ~[neoforge-21.1.248.jar%23177!/:?]
	at TRANSFORMER/minecraft@1.21.1/net.minecraft.util.GsonHelper.fromJson(GsonHelper.java:566) ~[neoforge-21.1.248.jar%23177!/:?]
	at TRANSFORMER/minecraft@1.21.1/net.minecraft.client.renderer.block.model.BlockModel.fromStream(BlockModel.java:83) ~[neoforge-21.1.248.jar%23177!/:?]
	at TRANSFORMER/minecraft@1.21.1/net.minecraft.client.resources.model.ModelManager.lambda$loadBlockModels$8(ModelManager.java:144) ~[neoforge-21.1.248.jar%23177!/:?]
	at java.base/java.util.concurrent.CompletableFuture$AsyncSupply.run(CompletableFuture.java:1768) [?:?]
	at java.base/java.util.concurrent.CompletableFuture$AsyncSupply.exec(CompletableFuture.java:1760) [?:?]
	at java.base/java.util.concurrent.ForkJoinTask.doExec(ForkJoinTask.java:387) [?:?]
	at java.base/java.util.concurrent.ForkJoinPool$WorkQueue.topLevelExec(ForkJoinPool.java:1312) [?:?]
	at java.base/java.util.concurrent.ForkJoinPool.scan(ForkJoinPool.java:1843) [?:?]
	at java.base/java.util.concurrent.ForkJoinPool.runWorker(ForkJoinPool.java:1808) [?:?]
	at java.base/java.util.concurrent.ForkJoinWorkerThread.run(ForkJoinWorkerThread.java:188) [?:?]
[24Sep2026 21:46:40.968] [Worker-Main-21/WARN] [net.minecraft.client.renderer.texture.atlas.sources.SingleFile/]: Missing sprite: gtmfo:textures/block/bismuth_bronze_casing_ctm.png
[24Sep2026 21:46:41.219] [Worker-Main-35/WARN] [net.minecraft.client.renderer.texture.SpriteContents/]: Invalid frame index on sprite kubejs:item/circuits/godium_circuit_board frame 7: 7
[24Sep2026 21:46:41.220] [Worker-Main-35/WARN] [net.minecraft.client.renderer.texture.SpriteContents/]: Invalid frame index on sprite kubejs:item/circuits/godium_circuit_board frame 8: 8
[24Sep2026 21:46:41.220] [Worker-Main-35/WARN] [net.minecraft.client.renderer.texture.SpriteContents/]: Invalid frame index on sprite kubejs:item/circuits/godium_circuit_board frame 9: 7
[24Sep2026 21:46:41.277] [Worker-Main-41/WARN] [net.minecraft.client.renderer.texture.SpriteLoader/]: Texture legendarysurvivaloverhaul:item/juice/healing_item_regen with size 18x18 limits mip level from 4 to 1
[24Sep2026 21:46:41.280] [Worker-Main-41/WARN] [net.minecraft.client.renderer.texture.SpriteLoader/]: Texture forgeborncore:block/obj/space_layer with size 1625x813 limits mip level from 1 to 0
[24Sep2026 21:46:42.362] [Worker-Main-31/WARN] [net.minecraft.client.resources.model.BlockStateModelLoader/]: Exception loading blockstate definition: 'ars_nouveau:blockstates/particle_block.json' missing model for variant: 'ars_nouveau:particle_block#waterlogged=true'
[24Sep2026 21:46:42.362] [Worker-Main-31/WARN] [net.minecraft.client.resources.model.BlockStateModelLoader/]: Exception loading blockstate definition: 'ars_nouveau:blockstates/particle_block.json' missing model for variant: 'ars_nouveau:particle_block#waterlogged=false'
[24Sep2026 21:46:42.391] [Worker-Main-31/WARN] [net.minecraft.client.resources.model.BlockStateModelLoader/]: Exception loading blockstate definition: 'ars_nouveau:blockstates/planarium_projector.json' missing model for variant: 'ars_nouveau:planarium_projector#'
[24Sep2026 21:46:42.456] [Worker-Main-31/WARN] [net.minecraft.client.resources.model.BlockStateModelLoader/]: Exception loading blockstate definition: 'embers:blockstates/dwarven_mithril_crystal_seed.json' missing model for variant: 'embers:dwarven_mithril_crystal_seed#waterlogged=true'
[24Sep2026 21:46:42.456] [Worker-Main-31/WARN] [net.minecraft.client.resources.model.BlockStateModelLoader/]: Exception loading blockstate definition: 'embers:blockstates/dwarven_mithril_crystal_seed.json' missing model for variant: 'embers:dwarven_mithril_crystal_seed#waterlogged=false'
[24Sep2026 21:46:42.515] [Worker-Main-31/WARN] [net.minecraft.client.resources.model.BlockStateModelLoader/]: Exception loading blockstate definition: 'occultism:blockstates/otherglass.json' missing model for variant: 'occultism:otherglass#'
[24Sep2026 21:46:42.785] [Worker-Main-31/WARN] [net.minecraft.client.resources.model.ModelBakery/]: Unable to load model: 'modularui:item/test_item' referenced from: modularui:item/test_item: java.io.FileNotFoundException: modularui:models/item/test_item.json
[24Sep2026 21:46:42.789] [Worker-Main-31/WARN] [net.minecraft.client.resources.model.ModelBakery/]: Unable to load model: 'rocketnautics:item/credits_book' referenced from: rocketnautics:item/credits_book: java.io.FileNotFoundException: rocketnautics:models/item/credits_book.json
[24Sep2026 21:46:42.796] [Worker-Main-31/WARN] [net.minecraft.client.resources.model.ModelBakery/]: Unable to load model: 'occultism:item/ritual_dummy_misc' referenced from: occultism:item/jei_dummy/none: java.io.FileNotFoundException: occultism:models/item/ritual_dummy_misc.json
[24Sep2026 21:46:42.808] [Worker-Main-31/WARN] [net.minecraft.client.resources.model.ModelBakery/]: Unable to load model: 'ars_nouveau:item/planarium_projector' referenced from: ars_nouveau:item/planarium_projector: java.io.FileNotFoundException: ars_nouveau:models/item/planarium_projector.json
[24Sep2026 21:46:46.619] [Worker-Main-31/WARN] [net.minecraft.client.resources.model.ModelManager/]: Missing textures in model kubejs:gt_quantum#inventory:
    minecraft:textures/atlas/blocks.png:minecraft:assets/item/gt_quantum
[24Sep2026 21:46:46.619] [Worker-Main-31/WARN] [net.minecraft.client.resources.model.ModelManager/]: Missing textures in model kubejs:enchanted_fabric#inventory:
    minecraft:textures/atlas/blocks.png:kubejs:item/enchanted_fabric
[24Sep2026 21:46:46.619] [Worker-Main-31/WARN] [net.minecraft.client.resources.model.ModelManager/]: Missing textures in model kubejs:raw_terrasteel_crystal#inventory:
    minecraft:textures/atlas/blocks.png:kubejs:item/raw_terrasteel_crystal
[24Sep2026 21:46:46.619] [Worker-Main-31/WARN] [net.minecraft.client.resources.model.ModelManager/]: Missing textures in model forgeborncore:tiny_elementium_dust#inventory:
    minecraft:textures/atlas/blocks.png:forgeborncore:item/material_sets/elementium/dust_tiny
[24Sep2026 21:46:46.619] [Worker-Main-31/WARN] [net.minecraft.client.resources.model.ModelManager/]: Missing textures in model kubejs:plant_rope#inventory:
    minecraft:textures/atlas/blocks.png:kubejs:item/plant_rope
[24Sep2026 21:46:46.619] [Worker-Main-31/WARN] [net.minecraft.client.resources.model.ModelManager/]: Missing textures in model kubejs:cursed_cloth#inventory:
    minecraft:textures/atlas/blocks.png:kubejs:item/cursed_cloth
[24Sep2026 21:46:46.619] [Worker-Main-31/WARN] [net.minecraft.client.resources.model.ModelManager/]: Missing textures in model forgeborncore:elementium_dust#inventory:
    minecraft:textures/atlas/blocks.png:forgeborncore:item/material_sets/elementium/dust
[24Sep2026 21:46:49.476] [Render thread/INFO] [Veil/]: Loaded 0 shader modifications
[24Sep2026 21:46:49.514] [Render thread/INFO] [Veil/]: Loaded 30 shaders from: pinwheel/shaders/program
[24Sep2026 21:46:49.715] [Render thread/ERROR] [net.minecraft.client.sounds.SoundManager/]: Missing subtitle translation{key='subtitles.embers.block.wildfire_stirling.start', args=[]} for sound event: embers:block.wildfire_stirling.start
[24Sep2026 21:46:49.716] [Render thread/ERROR] [net.minecraft.client.sounds.SoundManager/]: Missing subtitle translation{key='subtitles.rocketnautics.rocket_thrust', args=[]} for sound event: rocketnautics:rocket_thrust
[24Sep2026 21:46:49.717] [Render thread/ERROR] [net.minecraft.client.sounds.SoundManager/]: Missing subtitle translation{key='subtitles.embers.block.wildfire_stirling.stop', args=[]} for sound event: embers:block.wildfire_stirling.stop
[24Sep2026 21:46:49.718] [Render thread/WARN] [net.minecraft.client.sounds.SoundEngine/]: Missing sound for event: minecraft:item.goat_horn.play
[24Sep2026 21:46:49.718] [Render thread/WARN] [net.minecraft.client.sounds.SoundEngine/]: Missing sound for event: minecraft:entity.goat.screaming.horn_break
[24Sep2026 21:46:49.799] [Render thread/INFO] [com.mojang.blaze3d.audio.Library/]: OpenAL initialized on device Ryzen HD Audio Controller Analog Stereo
[24Sep2026 21:46:49.800] [Render thread/INFO] [net.minecraft.client.sounds.SoundEngine/SOUNDS]: Sound engine started
[24Sep2026 21:46:51.386] [Render thread/INFO] [net.minecraft.client.renderer.texture.TextureAtlas/]: Created: 4096x2048x4 minecraft:textures/atlas/blocks.png-atlas
[24Sep2026 21:46:51.496] [Render thread/INFO] [xaero.hud.minimap.MinimapLogs/]: Radar icon manager reset!
[24Sep2026 21:46:51.874] [Render thread/INFO] [net.minecraft.client.renderer.texture.TextureAtlas/]: Created: 512x512x4 minecraft:textures/atlas/signs.png-atlas
[24Sep2026 21:46:51.875] [Render thread/INFO] [net.minecraft.client.renderer.texture.TextureAtlas/]: Created: 512x512x4 minecraft:textures/atlas/shield_patterns.png-atlas
[24Sep2026 21:46:51.876] [Render thread/INFO] [net.minecraft.client.renderer.texture.TextureAtlas/]: Created: 1024x512x4 minecraft:textures/atlas/banner_patterns.png-atlas
[24Sep2026 21:46:51.877] [Render thread/INFO] [net.minecraft.client.renderer.texture.TextureAtlas/]: Created: 2048x2048x4 minecraft:textures/atlas/armor_trims.png-atlas
[24Sep2026 21:46:51.882] [Render thread/INFO] [net.minecraft.client.renderer.texture.TextureAtlas/]: Created: 128x64x4 minecraft:textures/atlas/decorated_pot.png-atlas
[24Sep2026 21:46:51.883] [Render thread/INFO] [net.minecraft.client.renderer.texture.TextureAtlas/]: Created: 256x256x4 minecraft:textures/atlas/chest.png-atlas
[24Sep2026 21:46:51.883] [Render thread/INFO] [net.minecraft.client.renderer.texture.TextureAtlas/]: Created: 512x256x4 minecraft:textures/atlas/beds.png-atlas
[24Sep2026 21:46:51.884] [Render thread/INFO] [net.minecraft.client.renderer.texture.TextureAtlas/]: Created: 512x256x4 minecraft:textures/atlas/shulker_boxes.png-atlas
[24Sep2026 21:46:51.885] [Render thread/INFO] [xaero.hud.minimap.MinimapLogs/]: Reloading radar icon resources...
[24Sep2026 21:46:51.891] [Render thread/INFO] [xaero.hud.minimap.MinimapLogs/]: Reloaded radar icon resources!
[24Sep2026 21:46:51.951] [Render thread/INFO] [net.minecraft.client.renderer.texture.TextureAtlas/]: Created: 1024x512x0 minecraft:textures/atlas/particles.png-atlas
[24Sep2026 21:46:51.953] [Render thread/WARN] [net.minecraft.client.particle.ParticleEngine/]: Missing particle sprites: aeronautics:gust_0
[24Sep2026 21:46:51.954] [Render thread/INFO] [net.minecraft.client.renderer.texture.TextureAtlas/]: Created: 512x512x0 minecraft:textures/atlas/paintings.png-atlas
[24Sep2026 21:46:51.955] [Render thread/INFO] [net.minecraft.client.renderer.texture.TextureAtlas/]: Created: 256x256x0 minecraft:textures/atlas/mob_effects.png-atlas
[24Sep2026 21:46:51.955] [Render thread/INFO] [net.minecraft.client.renderer.texture.TextureAtlas/]: Created: 64x64x0 minecraft:textures/atlas/map_decorations.png-atlas
[24Sep2026 21:46:51.955] [Render thread/INFO] [net.minecraft.client.renderer.texture.TextureAtlas/]: Created: 8192x8192x0 minecraft:textures/atlas/gui.png-atlas
[24Sep2026 21:46:52.047] [Render thread/WARN] [net.minecraft.client.renderer.ShaderInstance/]: Shader rendertype_entity_translucent_emissive could not find sampler named Sampler2 in the specified shader program.
[24Sep2026 21:46:52.096] [Render thread/WARN] [net.minecraft.client.renderer.ShaderInstance/]: Shader botania:pylon could not find uniform named IViewRotMat in the specified shader program.
[24Sep2026 21:46:52.098] [Render thread/WARN] [net.minecraft.client.renderer.ShaderInstance/]: Shader botania:film_grain_particle could not find sampler named Sampler2 in the specified shader program.
[24Sep2026 21:46:52.101] [Render thread/WARN] [net.minecraft.client.renderer.ShaderInstance/]: Shader ars_nouveau:rainbow_entity could not find uniform named IViewRotMat in the specified shader program.
[24Sep2026 21:46:52.102] [Render thread/WARN] [net.minecraft.client.renderer.ShaderInstance/]: Shader ars_nouveau:blamed_entity could not find uniform named IViewRotMat in the specified shader program.
[24Sep2026 21:46:52.105] [Render thread/WARN] [net.minecraft.client.renderer.ShaderInstance/]: Shader embers:rendertype_entity_solid_mithril could not find uniform named IViewRotMat in the specified shader program.
[24Sep2026 21:46:52.106] [Render thread/WARN] [net.minecraft.client.renderer.ShaderInstance/]: Shader embers:rendertype_entity_solid_mithril could not find uniform named PlayerPos in the specified shader program.
[24Sep2026 21:46:52.106] [Render thread/INFO] [team.lodestar.lodestone.LodestoneLib/]: Registering shaders for mod: lodestone
[24Sep2026 21:46:52.118] [Render thread/WARN] [net.minecraft.client.renderer.ShaderInstance/]: Shader lodestone:shapes/scrolling_texture could not find uniform named GameTime in the specified shader program.
[24Sep2026 21:46:52.118] [Render thread/WARN] [net.minecraft.client.renderer.ShaderInstance/]: Shader lodestone:shapes/scrolling_texture could not find uniform named Speed in the specified shader program.
[24Sep2026 21:46:52.118] [Render thread/WARN] [team.lodestar.lodestone.LodestoneLib/]: Shader json lodestone:shapes/scrolling_texture has a uniform Speed that is not present in the shader instance uniform map. This may cause issues.
[24Sep2026 21:46:52.120] [Render thread/WARN] [net.minecraft.client.renderer.ShaderInstance/]: Shader lodestone:shapes/scrolling_triangle_texture could not find uniform named GameTime in the specified shader program.
[24Sep2026 21:46:52.120] [Render thread/WARN] [net.minecraft.client.renderer.ShaderInstance/]: Shader lodestone:shapes/scrolling_triangle_texture could not find uniform named Speed in the specified shader program.
[24Sep2026 21:46:52.120] [Render thread/WARN] [team.lodestar.lodestone.LodestoneLib/]: Shader json lodestone:shapes/scrolling_triangle_texture has a uniform Speed that is not present in the shader instance uniform map. This may cause issues.
[24Sep2026 21:46:52.120] [Render thread/INFO] [team.lodestar.lodestone.LodestoneLib/]: Loaded geometry program: lodestone:nineslice/nine_slice
[24Sep2026 21:46:52.122] [Render thread/INFO] [team.lodestar.lodestone.LodestoneLib/]: Loaded geometry program: lodestone:nineslice/distorted/distorted_nine_slice_texture
[24Sep2026 21:46:52.127] [Render thread/INFO] [team.lodestar.lodestone.LodestoneLib/]: Registering shaders for mod: malum
[24Sep2026 21:46:52.142] [Render thread/INFO] [team.lodestar.lodestone.LodestoneLib/]: Closed geometry program: lodestone:nineslice/distorted/distorted_nine_slice_texture
[24Sep2026 21:46:52.143] [Render thread/INFO] [team.lodestar.lodestone.LodestoneLib/]: Closed geometry program: lodestone:nineslice/nine_slice
[24Sep2026 21:46:52.186] [Render thread/INFO] [net.minecraft.client.renderer.texture.TextureAtlas/]: Created: 256x256x0 jei:textures/atlas/gui.png-atlas
[24Sep2026 21:46:52.197] [Render thread/INFO] [xaero.lib.XaeroLib/]: Successfully reloaded the XaeroLib shaders!
[24Sep2026 21:46:52.197] [Render thread/INFO] [net.neoforged.neoforge.client.entity.animation.json.AnimationLoader/]: Loaded 0 entity animations
[24Sep2026 21:46:52.197] [Render thread/INFO] [Veil/]: Loaded 3 framebuffers
[24Sep2026 21:46:52.200] [Render thread/INFO] [Veil/]: Loaded 7 post pipelines
[24Sep2026 21:46:52.201] [Render thread/INFO] [Veil/]: Loaded 4 render types
[24Sep2026 21:46:52.201] [Render thread/INFO] [Veil/]: Loaded 0 quasar particles
[24Sep2026 21:46:52.201] [Render thread/INFO] [Veil/]: Loaded 0 templates
[24Sep2026 21:46:52.201] [Render thread/INFO] [Veil/]: Loaded 0 modules
[24Sep2026 21:46:52.202] [Render thread/INFO] [guideme.internal.GuideReloadListener/]: Data driven guides: []
[24Sep2026 21:46:52.208] [Render thread/INFO] [net.minecraft.client.renderer.texture.TextureAtlas/]: Created: 16x16x0 gtceu:textures/atlas/gui.png-atlas
[24Sep2026 21:46:52.239] [Render thread/INFO] [flywheel/backend/shaders/]: Loaded 79 shader sources in 29.126 ms
[24Sep2026 21:46:52.243] [Render thread/INFO] [com.simibubi.create.Create/]: Loaded 58 train hat configurations.
[24Sep2026 21:46:52.245] [Render thread/INFO] [patchouli/]: BookContentResourceListenerLoader preloaded 555 jsons
[24Sep2026 21:46:52.246] [Render thread/INFO] [patchouli/]: Reloading resource pack-based books
[24Sep2026 21:46:52.247] [Render thread/INFO] [patchouli/]: BookContentResourceListenerLoader: Files found in 639.9 μs
[24Sep2026 21:46:52.249] [Render thread/INFO] [patchouli/]: BookContentResourceListenerLoader: Files found in 761.0 μs
[24Sep2026 21:46:52.275] [Render thread/INFO] [patchouli/]: BookContentResourceListenerLoader: Files found in 605.2 μs
[24Sep2026 21:46:52.348] [Render thread/WARN] [botania/]: Template references nonexistent recipe botania:mana_infusion/slime_to_cactus of type mana_infusion
[24Sep2026 21:46:52.348] [Render thread/WARN] [botania/]: Template references nonexistent recipe botania:mana_infusion/cactus_to_slime of type mana_infusion
[24Sep2026 21:46:52.388] [Render thread/WARN] [patchouli/]: Recipe gardenofglass:root_to_sapling (of type minecraft:crafting) not found
[24Sep2026 21:46:52.388] [Render thread/WARN] [patchouli/]: Recipe gardenofglass:root_to_fertilizer (of type minecraft:crafting) not found
[24Sep2026 21:46:52.388] [Render thread/WARN] [patchouli/]: Recipe gardenofglass:pebble_to_cobblestone (of type minecraft:crafting) not found
[24Sep2026 21:46:52.388] [Render thread/WARN] [botania/]: Template references nonexistent recipe gardenofglass:mana_infusion/sugar_cane of type mana_infusion
[24Sep2026 21:46:52.389] [Render thread/WARN] [patchouli/]: Recipe gardenofglass:magma_cream_to_slime_ball (of type minecraft:crafting) not found
[24Sep2026 21:46:52.389] [Render thread/WARN] [botania/]: Template references nonexistent recipe gardenofglass:mana_infusion/prismarine_shard of type mana_infusion
[24Sep2026 21:46:52.389] [Render thread/WARN] [botania/]: Template references nonexistent recipe gardenofglass:mana_infusion/prismarine_crystals of type mana_infusion
[24Sep2026 21:46:52.389] [Render thread/WARN] [patchouli/]: Recipe gardenofglass:end_portal_frame (of type minecraft:crafting) not found
[24Sep2026 21:46:52.389] [Render thread/WARN] [botania/]: Template references nonexistent recipe gardenofglass:mana_infusion/heart_of_the_sea of type mana_infusion
[24Sep2026 21:46:52.503] [Render thread/INFO] [patchouli/]: BookContentResourceListenerLoader: Files found in 854.4 μs
[24Sep2026 21:46:52.505] [Render thread/INFO] [patchouli/]: BookContentResourceListenerLoader: Files found in 1.085 ms
[24Sep2026 21:46:52.514] [Render thread/INFO] [patchouli/]: BookContentResourceListenerLoader: Files found in 872.2 μs
[24Sep2026 21:46:52.594] [Render thread/INFO] [net.minecraft.client.renderer.texture.TextureAtlas/]: Created: 16x16x0 modularui:textures/atlas/gui.png-atlas
[24Sep2026 21:46:52.612] [Render thread/INFO] [ChunkBuilder/]: Stopping worker threads
[24Sep2026 21:46:52.645] [Render thread/INFO] [ChunkBuilder/]: Started 10 worker threads
[24Sep2026 21:46:52.657] [pool-42-thread-1/INFO] [EMI/]: [EMI] Starting Reload
[24Sep2026 21:46:52.658] [Thread-82/INFO] [EMI/]: [EMI] Starting EMI reload...
[24Sep2026 21:46:52.658] [Thread-82/INFO] [EMI/]: [EMI] Clearing data
[24Sep2026 21:46:52.684] [Thread-82/INFO] [EMI/]: [EMI] Initializing plugin from emi
[24Sep2026 21:46:52.684] [Thread-82/INFO] [EMI/]: [EMI] Initialized plugin from emi in 0ms
[24Sep2026 21:46:52.685] [Thread-82/INFO] [EMI/]: [EMI] Initializing plugin from ldlib
[24Sep2026 21:46:52.685] [Thread-82/INFO] [EMI/]: [EMI] Initialized plugin from ldlib in 0ms
[24Sep2026 21:46:52.685] [Thread-82/INFO] [EMI/]: [EMI] Initializing plugin from kubejs
[24Sep2026 21:46:52.685] [Thread-82/INFO] [EMI/]: [EMI] Initialized plugin from kubejs in 0ms
[24Sep2026 21:46:52.685] [Thread-82/INFO] [EMI/]: [EMI] Initializing plugin from gtceu
[24Sep2026 21:46:52.685] [Thread-82/INFO] [EMI/]: [EMI] Initialized plugin from gtceu in 0ms
[24Sep2026 21:46:52.685] [Thread-82/INFO] [EMI/]: [EMI] Initializing plugin from ae2
[24Sep2026 21:46:52.685] [Thread-82/INFO] [EMI/]: [EMI] Initialized plugin from ae2 in 0ms
[24Sep2026 21:46:52.685] [Thread-82/INFO] [EMI/]: [EMI] Initializing plugin from ae2wtlib
[24Sep2026 21:46:52.685] [Thread-82/INFO] [EMI/]: [EMI] Initialized plugin from ae2wtlib in 0ms
[24Sep2026 21:46:52.685] [Thread-82/INFO] [EMI/]: [EMI] Initializing plugin from botania
[24Sep2026 21:46:52.685] [Thread-82/INFO] [EMI/]: [EMI] Initialized plugin from botania in 0ms
[24Sep2026 21:46:52.685] [Thread-82/INFO] [EMI/]: [EMI] Initializing plugin from curios
[24Sep2026 21:46:52.685] [Thread-82/INFO] [EMI/]: [EMI] Initialized plugin from curios in 0ms
[24Sep2026 21:46:52.685] [Thread-82/INFO] [EMI/]: [EMI] Initializing plugin from ars_nouveau
[24Sep2026 21:46:52.685] [Thread-82/INFO] [EMI/]: [EMI] Initialized plugin from ars_nouveau in 0ms
[24Sep2026 21:46:52.685] [Thread-82/INFO] [EMI/]: [EMI] Initializing plugin from modularui
[24Sep2026 21:46:52.685] [Thread-82/INFO] [EMI/]: [EMI] Initialized plugin from modularui in 0ms
[24Sep2026 21:46:52.686] [Thread-82/INFO] [EMI/]: [EMI] Initializing plugin from ftblibrary
[24Sep2026 21:46:52.686] [Thread-82/INFO] [EMI/]: [EMI] Initialized plugin from ftblibrary in 0ms
[24Sep2026 21:46:52.686] [Thread-82/INFO] [EMI/]: [EMI] Initializing plugin from occultism
[24Sep2026 21:46:52.686] [Thread-82/INFO] [EMI/]: [EMI] Initialized plugin from occultism in 0ms
[24Sep2026 21:46:52.686] [Thread-82/INFO] [EMI/]: [EMI] Initializing plugin from undergarden
[24Sep2026 21:46:52.686] [Thread-82/INFO] [EMI/]: [EMI] Initialized plugin from undergarden in 0ms
[24Sep2026 21:46:52.686] [Thread-82/INFO] [EMI/]: [EMI] Initializing plugin from jemi
[24Sep2026 21:46:52.686] [Thread-82/INFO] [EMI/]: [EMI] Initialized plugin from jemi in 0ms
[24Sep2026 21:46:52.686] [Thread-82/INFO] [EMI/]: [EMI] Processing tags
[24Sep2026 21:46:52.847] [Thread-82/INFO] [EMI/]: [EMI] Constructing index
[24Sep2026 21:46:52.863] [Thread-82/INFO] [EMI/]: [EMI] Reloading item groups on client thread...
[24Sep2026 21:46:53.110] [Thread-82/INFO] [EMI/]: [EMI] Reloading item groups on client thread took 247ms
[24Sep2026 21:46:53.297] [Thread-82/INFO] [EMI/]: [EMI] Loading plugin from emi
[24Sep2026 21:46:54.777] [Thread-82/INFO] [EMI/]: [EMI] Reloaded plugin from emi in 1479ms
[24Sep2026 21:46:54.778] [Thread-82/INFO] [EMI/]: [EMI] Loading plugin from ldlib
[24Sep2026 21:46:54.779] [Thread-82/INFO] [EMI/]: [EMI] Reloaded plugin from ldlib in 1ms
[24Sep2026 21:46:54.779] [Thread-82/INFO] [EMI/]: [EMI] Loading plugin from kubejs
[24Sep2026 21:46:54.779] [Thread-82/INFO] [EMI/]: [EMI] Reloaded plugin from kubejs in 0ms
[24Sep2026 21:46:54.779] [Thread-82/INFO] [EMI/]: [EMI] Loading plugin from gtceu
[24Sep2026 21:46:55.191] [Thread-82/INFO] [EMI/]: [EMI] Reloaded plugin from gtceu in 412ms
[24Sep2026 21:46:55.192] [Thread-82/INFO] [EMI/]: [EMI] Loading plugin from ae2
[24Sep2026 21:46:55.198] [Thread-82/INFO] [EMI/]: [EMI] Reloaded plugin from ae2 in 6ms
[24Sep2026 21:46:55.198] [Thread-82/INFO] [EMI/]: [EMI] Loading plugin from ae2wtlib
[24Sep2026 21:46:55.198] [Thread-82/INFO] [EMI/]: [EMI] Reloaded plugin from ae2wtlib in 0ms
[24Sep2026 21:46:55.198] [Thread-82/INFO] [EMI/]: [EMI] Loading plugin from botania
[24Sep2026 21:46:55.202] [Thread-82/INFO] [EMI/]: [EMI] Reloaded plugin from botania in 4ms
[24Sep2026 21:46:55.203] [Thread-82/INFO] [EMI/]: [EMI] Loading plugin from curios
[24Sep2026 21:46:55.203] [Thread-82/INFO] [EMI/]: [EMI] Reloaded plugin from curios in 0ms
[24Sep2026 21:46:55.203] [Thread-82/INFO] [EMI/]: [EMI] Loading plugin from ars_nouveau
[24Sep2026 21:46:56.433] [Thread-82/INFO] [EMI/]: [EMI] Reloaded plugin from ars_nouveau in 1230ms
[24Sep2026 21:46:56.433] [Thread-82/INFO] [EMI/]: [EMI] Loading plugin from modularui
[24Sep2026 21:46:56.435] [Thread-82/INFO] [EMI/]: [EMI] Reloaded plugin from modularui in 1ms
[24Sep2026 21:46:56.435] [Thread-82/INFO] [EMI/]: [EMI] Loading plugin from ftblibrary
[24Sep2026 21:46:56.436] [Thread-82/INFO] [EMI/]: [EMI] Reloaded plugin from ftblibrary in 0ms
[24Sep2026 21:46:56.436] [Thread-82/INFO] [EMI/]: [EMI] Loading plugin from occultism
[24Sep2026 21:46:56.446] [Thread-82/INFO] [EMI/]: [EMI] Reloaded plugin from occultism in 10ms
[24Sep2026 21:46:56.446] [Thread-82/INFO] [EMI/]: [EMI] Loading plugin from undergarden
[24Sep2026 21:46:56.446] [Thread-82/INFO] [EMI/]: [EMI] Reloaded plugin from undergarden in 0ms
[24Sep2026 21:46:56.446] [Thread-82/INFO] [EMI/]: [EMI] Loading plugin from jemi
[24Sep2026 21:46:56.446] [Thread-82/INFO] [EMI/]: [EMI] [JEMI] Waiting for JEI to finish reloading...
[24Sep2026 21:46:56.446] [Thread-82/INFO] [EMI/]: [EMI] Waiting for JEI to finish...
[24Sep2026 21:46:56.446] [Thread-82/INFO] [EMI/]: [EMI] [JEMI] JEI reloaded!
[24Sep2026 21:46:56.451] [Thread-82/INFO] [EMI/]: [EMI] Loading information from JEI...
[24Sep2026 21:46:56.451] [Thread-82/INFO] [EMI/]: [EMI] Processing JEI stacks...
[24Sep2026 21:46:56.451] [Thread-82/INFO] [EMI/]: [EMI] Processing JEI subtypes...
[24Sep2026 21:46:56.457] [Thread-82/INFO] [EMI/]: [EMI] Processing JEI recipes...
[24Sep2026 21:46:56.458] [Thread-82/INFO] [EMI/]: [EMI] [JEMI] Collecting data for Crafting
[24Sep2026 21:46:56.458] [Thread-82/INFO] [EMI/]: [EMI] Loading JEI data for Crafting
[24Sep2026 21:46:56.460] [Thread-82/INFO] [EMI/]: [EMI] [JEMI] Collecting data for Anvil
[24Sep2026 21:46:56.460] [Thread-82/INFO] [EMI/]: [EMI] Loading JEI data for Anvil
[24Sep2026 21:46:56.460] [Thread-82/INFO] [EMI/]: [EMI] [JEMI] Collecting data for Blasting
[24Sep2026 21:46:56.460] [Thread-82/INFO] [EMI/]: [EMI] Loading JEI data for Blasting
[24Sep2026 21:46:56.461] [Thread-82/INFO] [EMI/]: [EMI] [JEMI] Collecting data for Brewing
[24Sep2026 21:46:56.461] [Thread-82/INFO] [EMI/]: [EMI] Loading JEI data for Brewing
[24Sep2026 21:46:56.461] [Thread-82/INFO] [EMI/]: [EMI] [JEMI] Collecting data for Campfire Cooking
[24Sep2026 21:46:56.461] [Thread-82/INFO] [EMI/]: [EMI] Loading JEI data for Campfire Cooking
[24Sep2026 21:46:56.461] [Thread-82/INFO] [EMI/]: [EMI] [JEMI] Collecting data for Composting
[24Sep2026 21:46:56.461] [Thread-82/INFO] [EMI/]: [EMI] Loading JEI data for Composting
[24Sep2026 21:46:56.461] [Thread-82/INFO] [EMI/]: [EMI] [JEMI] Collecting data for Fuel
[24Sep2026 21:46:56.461] [Thread-82/INFO] [EMI/]: [EMI] Loading JEI data for Fuel
[24Sep2026 21:46:56.461] [Thread-82/INFO] [EMI/]: [EMI] [JEMI] Collecting data for Grindstone
[24Sep2026 21:46:56.461] [Thread-82/INFO] [EMI/]: [EMI] Loading JEI data for Grindstone
[24Sep2026 21:46:56.461] [Thread-82/INFO] [EMI/]: [EMI] [JEMI] Collecting data for Smelting
[24Sep2026 21:46:56.461] [Thread-82/INFO] [EMI/]: [EMI] Loading JEI data for Smelting
[24Sep2026 21:46:56.461] [Thread-82/INFO] [EMI/]: [EMI] [JEMI] Collecting data for Smithing Table
[24Sep2026 21:46:56.461] [Thread-82/INFO] [EMI/]: [EMI] Loading JEI data for Smithing Table
[24Sep2026 21:46:56.461] [Thread-82/INFO] [EMI/]: [EMI] [JEMI] Collecting data for Smoking
[24Sep2026 21:46:56.461] [Thread-82/INFO] [EMI/]: [EMI] Loading JEI data for Smoking
[24Sep2026 21:46:56.461] [Thread-82/INFO] [EMI/]: [EMI] [JEMI] Collecting data for Stonecutting
[24Sep2026 21:46:56.461] [Thread-82/INFO] [EMI/]: [EMI] Loading JEI data for Stonecutting
[24Sep2026 21:46:56.461] [Thread-82/INFO] [EMI/]: [EMI] [JEMI] Collecting data for Automated Brewing
[24Sep2026 21:46:56.461] [Thread-82/INFO] [EMI/]: [EMI] Loading JEI data for Automated Brewing
[24Sep2026 21:46:56.483] [Thread-82/INFO] [EMI/]: [EMI] [JEMI] Collecting data for Automated Packing
[24Sep2026 21:46:56.483] [Thread-82/INFO] [EMI/]: [EMI] Loading JEI data for Automated Packing
[24Sep2026 21:46:56.494] [Thread-82/INFO] [EMI/]: [EMI] [JEMI] Collecting data for Automated Shaped Crafting
[24Sep2026 21:46:56.494] [Thread-82/INFO] [EMI/]: [EMI] Loading JEI data for Automated Shaped Crafting
[24Sep2026 21:46:56.657] [Thread-82/INFO] [EMI/]: [EMI] [JEMI] Collecting data for Automated Shapeless Crafting
[24Sep2026 21:46:56.657] [Thread-82/INFO] [EMI/]: [EMI] Loading JEI data for Automated Shapeless Crafting
[24Sep2026 21:46:56.679] [Thread-82/INFO] [EMI/]: [EMI] [JEMI] Collecting data for Block Cutting
[24Sep2026 21:46:56.679] [Thread-82/INFO] [EMI/]: [EMI] Loading JEI data for Block Cutting
[24Sep2026 21:46:56.684] [Thread-82/INFO] [EMI/]: [EMI] [JEMI] Collecting data for Crushing
[24Sep2026 21:46:56.684] [Thread-82/INFO] [EMI/]: [EMI] Loading JEI data for Crushing
[24Sep2026 21:46:56.686] [Thread-82/INFO] [EMI/]: [EMI] [JEMI] Collecting data for Deploying
[24Sep2026 21:46:56.686] [Thread-82/INFO] [EMI/]: [EMI] Loading JEI data for Deploying
[24Sep2026 21:46:56.690] [Thread-82/INFO] [EMI/]: [EMI] [JEMI] Collecting data for Item Draining
[24Sep2026 21:46:56.690] [Thread-82/INFO] [EMI/]: [EMI] Loading JEI data for Item Draining
[24Sep2026 21:46:56.694] [Thread-82/INFO] [EMI/]: [EMI] [JEMI] Collecting data for Bulk Blasting
[24Sep2026 21:46:56.694] [Thread-82/INFO] [EMI/]: [EMI] Loading JEI data for Bulk Blasting
[24Sep2026 21:46:56.698] [Thread-82/INFO] [EMI/]: [EMI] [JEMI] Collecting data for Bulk Haunting
[24Sep2026 21:46:56.698] [Thread-82/INFO] [EMI/]: [EMI] Loading JEI data for Bulk Haunting
[24Sep2026 21:46:56.698] [Thread-82/INFO] [EMI/]: [EMI] [JEMI] Collecting data for Bulk Smoking
[24Sep2026 21:46:56.698] [Thread-82/INFO] [EMI/]: [EMI] Loading JEI data for Bulk Smoking
[24Sep2026 21:46:56.698] [Thread-82/INFO] [EMI/]: [EMI] [JEMI] Collecting data for Bulk Washing
[24Sep2026 21:46:56.698] [Thread-82/INFO] [EMI/]: [EMI] Loading JEI data for Bulk Washing
[24Sep2026 21:46:56.698] [Thread-82/INFO] [EMI/]: [EMI] [JEMI] Collecting data for Manual Item Application
[24Sep2026 21:46:56.698] [Thread-82/INFO] [EMI/]: [EMI] Loading JEI data for Manual Item Application
[24Sep2026 21:46:56.699] [Thread-82/INFO] [EMI/]: [EMI] [JEMI] Collecting data for Mechanical Crafting
[24Sep2026 21:46:56.699] [Thread-82/INFO] [EMI/]: [EMI] Loading JEI data for Mechanical Crafting
[24Sep2026 21:46:56.699] [Thread-82/INFO] [EMI/]: [EMI] [JEMI] Collecting data for Milling
[24Sep2026 21:46:56.699] [Thread-82/INFO] [EMI/]: [EMI] Loading JEI data for Milling
[24Sep2026 21:46:56.700] [Thread-82/INFO] [EMI/]: [EMI] [JEMI] Collecting data for Mixing
[24Sep2026 21:46:56.700] [Thread-82/INFO] [EMI/]: [EMI] Loading JEI data for Mixing
[24Sep2026 21:46:56.700] [Thread-82/INFO] [EMI/]: [EMI] [JEMI] Collecting data for Mysterious Conversion
[24Sep2026 21:46:56.701] [Thread-82/INFO] [EMI/]: [EMI] Loading JEI data for Mysterious Conversion
[24Sep2026 21:46:56.701] [Thread-82/INFO] [EMI/]: [EMI] [JEMI] Collecting data for Compacting
[24Sep2026 21:46:56.701] [Thread-82/INFO] [EMI/]: [EMI] Loading JEI data for Compacting
[24Sep2026 21:46:56.701] [Thread-82/INFO] [EMI/]: [EMI] [JEMI] Collecting data for Pressing
[24Sep2026 21:46:56.701] [Thread-82/INFO] [EMI/]: [EMI] Loading JEI data for Pressing
[24Sep2026 21:46:56.701] [Thread-82/INFO] [EMI/]: [EMI] [JEMI] Collecting data for Sandpaper Polishing
[24Sep2026 21:46:56.701] [Thread-82/INFO] [EMI/]: [EMI] Loading JEI data for Sandpaper Polishing
[24Sep2026 21:46:56.701] [Thread-82/INFO] [EMI/]: [EMI] [JEMI] Collecting data for Sawing
[24Sep2026 21:46:56.701] [Thread-82/INFO] [EMI/]: [EMI] Loading JEI data for Sawing
[24Sep2026 21:46:56.702] [Thread-82/INFO] [EMI/]: [EMI] [JEMI] Collecting data for Recipe Sequence
[24Sep2026 21:46:56.702] [Thread-82/INFO] [EMI/]: [EMI] Loading JEI data for Recipe Sequence
[24Sep2026 21:46:56.703] [Thread-82/INFO] [EMI/]: [EMI] [JEMI] Collecting data for Filling by Spout
[24Sep2026 21:46:56.703] [Thread-82/INFO] [EMI/]: [EMI] Loading JEI data for Filling by Spout
[24Sep2026 21:46:56.706] [Thread-82/INFO] [EMI/]: [EMI] [JEMI] Collecting data for Alchemy
[24Sep2026 21:46:56.706] [Thread-82/INFO] [EMI/]: [EMI] Loading JEI data for Alchemy
[24Sep2026 21:46:56.713] [Thread-82/INFO] [EMI/]: [EMI] [JEMI] Collecting data for Boiling
[24Sep2026 21:46:56.713] [Thread-82/INFO] [EMI/]: [EMI] Loading JEI data for Boiling
[24Sep2026 21:46:56.714] [Thread-82/INFO] [EMI/]: [EMI] [JEMI] Collecting data for Boring
[24Sep2026 21:46:56.714] [Thread-82/INFO] [EMI/]: [EMI] Loading JEI data for Boring
[24Sep2026 21:46:56.714] [Thread-82/INFO] [EMI/]: [EMI] [JEMI] Collecting data for Catalysis & Combustion
[24Sep2026 21:46:56.714] [Thread-82/INFO] [EMI/]: [EMI] Loading JEI data for Catalysis & Combustion
[24Sep2026 21:46:56.714] [Thread-82/INFO] [EMI/]: [EMI] [JEMI] Collecting data for Dawnstone Anvil
[24Sep2026 21:46:56.714] [Thread-82/INFO] [EMI/]: [EMI] Loading JEI data for Dawnstone Anvil
[24Sep2026 21:46:56.721] [Thread-82/INFO] [EMI/]: [EMI] [JEMI] Collecting data for Ember Activation
[24Sep2026 21:46:56.721] [Thread-82/INFO] [EMI/]: [EMI] Loading JEI data for Ember Activation
[24Sep2026 21:46:56.721] [Thread-82/INFO] [EMI/]: [EMI] [JEMI] Collecting data for Excavation
[24Sep2026 21:46:56.721] [Thread-82/INFO] [EMI/]: [EMI] Loading JEI data for Excavation
[24Sep2026 21:46:56.722] [Thread-82/INFO] [EMI/]: [EMI] [JEMI] Collecting data for Gaseous Fuel
[24Sep2026 21:46:56.722] [Thread-82/INFO] [EMI/]: [EMI] Loading JEI data for Gaseous Fuel
[24Sep2026 21:46:56.722] [Thread-82/INFO] [EMI/]: [EMI] [JEMI] Collecting data for Melting
[24Sep2026 21:46:56.722] [Thread-82/INFO] [EMI/]: [EMI] Loading JEI data for Melting
[24Sep2026 21:46:56.722] [Thread-82/INFO] [EMI/]: [EMI] [JEMI] Collecting data for Geologic Separator Bonus
[24Sep2026 21:46:56.722] [Thread-82/INFO] [EMI/]: [EMI] Loading JEI data for Geologic Separator Bonus
[24Sep2026 21:46:56.723] [Thread-82/INFO] [EMI/]: [EMI] [JEMI] Collecting data for Production Multiplier
[24Sep2026 21:46:56.723] [Thread-82/INFO] [EMI/]: [EMI] Loading JEI data for Production Multiplier
[24Sep2026 21:46:56.724] [Thread-82/INFO] [EMI/]: [EMI] [JEMI] Collecting data for Mixing
[24Sep2026 21:46:56.724] [Thread-82/INFO] [EMI/]: [EMI] Loading JEI data for Mixing
[24Sep2026 21:46:56.724] [Thread-82/INFO] [EMI/]: [EMI] [JEMI] Collecting data for Stamping
[24Sep2026 21:46:56.724] [Thread-82/INFO] [EMI/]: [EMI] Loading JEI data for Stamping
[24Sep2026 21:46:56.724] [Thread-82/INFO] [EMI/]: [EMI] [JEMI] Collecting data for Information
[24Sep2026 21:46:56.724] [Thread-82/INFO] [EMI/]: [EMI] Loading JEI data for Information
[24Sep2026 21:46:56.726] [Thread-82/INFO] [EMI/]: [EMI] [JEMI] Collecting data for Sewing Table
[24Sep2026 21:46:56.726] [Thread-82/INFO] [EMI/]: [EMI] Loading JEI data for Sewing Table
[24Sep2026 21:46:56.728] [Thread-82/INFO] [EMI/]: [EMI] [JEMI] Collecting data for Runeworking
[24Sep2026 21:46:56.728] [Thread-82/INFO] [EMI/]: [EMI] Loading JEI data for Runeworking
[24Sep2026 21:46:56.728] [Thread-82/INFO] [EMI/]: [EMI] [JEMI] Collecting data for Spirit Focusing
[24Sep2026 21:46:56.728] [Thread-82/INFO] [EMI/]: [EMI] Loading JEI data for Spirit Focusing
[24Sep2026 21:46:56.728] [Thread-82/INFO] [EMI/]: [EMI] [JEMI] Collecting data for Spirit Infusion
[24Sep2026 21:46:56.728] [Thread-82/INFO] [EMI/]: [EMI] Loading JEI data for Spirit Infusion
[24Sep2026 21:46:56.730] [Thread-82/INFO] [EMI/]: [EMI] [JEMI] Collecting data for Spirit Repair
[24Sep2026 21:46:56.730] [Thread-82/INFO] [EMI/]: [EMI] Loading JEI data for Spirit Repair
[24Sep2026 21:46:56.731] [Thread-82/INFO] [EMI/]: [EMI] [JEMI] Collecting data for The Unchained Rite
[24Sep2026 21:46:56.731] [Thread-82/INFO] [EMI/]: [EMI] Loading JEI data for The Unchained Rite
[24Sep2026 21:46:56.732] [Thread-82/INFO] [EMI/]: [EMI] [JEMI] Collecting data for The Weeping Well
[24Sep2026 21:46:56.732] [Thread-82/INFO] [EMI/]: [EMI] Loading JEI data for The Weeping Well
[24Sep2026 21:46:56.732] [Thread-82/INFO] [EMI/]: [EMI] [JEMI] Collecting data for Cooking
[24Sep2026 21:46:56.732] [Thread-82/INFO] [EMI/]: [EMI] Loading JEI data for Cooking
[24Sep2026 21:46:56.733] [Thread-82/INFO] [EMI/]: [EMI] [JEMI] Collecting data for Cutting Board
[24Sep2026 21:46:56.733] [Thread-82/INFO] [EMI/]: [EMI] Loading JEI data for Cutting Board
[24Sep2026 21:46:56.738] [Thread-82/INFO] [EMI/]: [EMI] [JEMI] Collecting data for Decomposition
[24Sep2026 21:46:56.738] [Thread-82/INFO] [EMI/]: [EMI] Loading JEI data for Decomposition
[24Sep2026 21:46:56.739] [Thread-82/INFO] [EMI/]: [EMI] Reloaded plugin from jemi in 292ms
[24Sep2026 21:46:56.739] [Thread-82/INFO] [EMI/]: [EMI] Baking index
[24Sep2026 21:46:56.894] [Thread-82/INFO] [EMI/]: [EMI] Registering late recipes
[24Sep2026 21:46:56.914] [Thread-82/INFO] [EMI/]: [EMI] Baking recipes
[24Sep2026 21:46:57.233] [Thread-82/ERROR] [EMI/]: [EMI] Untranslated recipe category ldlib:modular_ui
[24Sep2026 21:46:57.335] [Thread-82/ERROR] [EMI/]: [EMI] Untranslated recipe category modularui:machine
[24Sep2026 21:46:57.922] [Thread-82/INFO] [EMI/]: [EMI] Baked 87519 recipes in 1008ms
[24Sep2026 21:46:57.938] [Thread-82/INFO] [EMI/]: [EMI] Baking search
[24Sep2026 21:46:57.973] [Thread-83/ERROR] [EMI/]: [EMI] Untranslated recipe category ldlib:modular_ui
[24Sep2026 21:46:58.071] [Thread-83/ERROR] [EMI/]: [EMI] Untranslated recipe category modularui:machine
[24Sep2026 21:46:58.649] [Thread-83/INFO] [EMI/]: [EMI] Baked recipes after reload in 727ms
[24Sep2026 21:46:59.895] [Thread-82/INFO] [EMI/]: [EMI] Finishing up
[24Sep2026 21:46:59.895] [Thread-82/INFO] [EMI/]: [EMI] Reloaded EMI in 7237ms
[24Sep2026 21:47:18.867] [Render thread/INFO] [xaero.map.WorldMap/]: Exception when loading gtceu:raw_oil texture, using material colour.
[24Sep2026 21:47:18.868] [Render thread/INFO] [xaero.map.WorldMap/]: Black texture 16
[24Sep2026 21:50:37.332] [Server thread/INFO] [dev.ryanhcode.sable.Sable/]: Saving sub-levels for level 'ServerLevel[DevEnviromentWorld]'/minecraft:overworld
[24Sep2026 21:50:37.363] [Server thread/INFO] [dev.ryanhcode.sable.Sable/]: Saving sub-levels for level 'ServerLevel[DevEnviromentWorld]'/rocketnautics:deep_space
[24Sep2026 21:50:37.363] [Server thread/INFO] [dev.ryanhcode.sable.Sable/]: Saving sub-levels for level 'ServerLevel[DevEnviromentWorld]'/rocketnautics:moon
[24Sep2026 21:50:37.364] [Server thread/INFO] [dev.ryanhcode.sable.Sable/]: Saving sub-levels for level 'ServerLevel[DevEnviromentWorld]'/undergarden:undergarden
[24Sep2026 21:50:37.365] [Server thread/INFO] [dev.ryanhcode.sable.Sable/]: Saving sub-levels for level 'ServerLevel[DevEnviromentWorld]'/minecraft:the_nether
[24Sep2026 21:50:37.365] [Server thread/INFO] [dev.ryanhcode.sable.Sable/]: Saving sub-levels for level 'ServerLevel[DevEnviromentWorld]'/the_afterdark:afterdark
[24Sep2026 21:50:37.366] [Server thread/INFO] [dev.ryanhcode.sable.Sable/]: Saving sub-levels for level 'ServerLevel[DevEnviromentWorld]'/minecraft:the_end
[24Sep2026 21:50:37.366] [Server thread/INFO] [dev.ryanhcode.sable.Sable/]: Saving sub-levels for level 'ServerLevel[DevEnviromentWorld]'/ae2:spatial_storage
[24Sep2026 21:51:06.519] [Server thread/INFO] [net.minecraft.server.MinecraftServer/]: [Dev: Set own game mode to Survival Mode]
[24Sep2026 21:51:06.524] [Render thread/INFO] [net.minecraft.client.gui.components.ChatComponent/]: [System] [CHAT] Set own game mode to Survival Mode
[24Sep2026 21:51:06.539] [Render thread/ERROR] [net.minecraft.world.level.chunk.ChunkAccess/]: Unprimed heightmap: WORLD_SURFACE_WG 9 5
[24Sep2026 21:51:06.541] [Render thread/ERROR] [net.minecraft.world.level.chunk.ChunkAccess/]: Unprimed heightmap: WORLD_SURFACE_WG 3 5
[24Sep2026 21:51:06.542] [Render thread/ERROR] [net.minecraft.world.level.chunk.ChunkAccess/]: Unprimed heightmap: WORLD_SURFACE_WG 15 5
[24Sep2026 21:51:06.543] [Render thread/ERROR] [net.minecraft.world.level.chunk.ChunkAccess/]: Unprimed heightmap: WORLD_SURFACE_WG 9 11
[24Sep2026 21:51:06.543] [Render thread/ERROR] [net.minecraft.world.level.chunk.ChunkAccess/]: Unprimed heightmap: WORLD_SURFACE_WG 0 14
[24Sep2026 21:51:07.906] [Server thread/INFO] [net.minecraft.server.MinecraftServer/]: [Dev: Set own game mode to Creative Mode]
[24Sep2026 21:51:07.909] [Render thread/INFO] [net.minecraft.client.gui.components.ChatComponent/]: [System] [CHAT] Set own game mode to Creative Mode
[24Sep2026 21:51:08.318] [Render thread/INFO] [net.minecraft.client.gui.components.ChatComponent/]: [System] [CHAT] [Debug]: Reloaded resource packs
[24Sep2026 21:51:08.344] [Render thread/INFO] [KubeJS Client/]: client_scripts:example.js#5: Hello, World! (Loaded client scripts)
[24Sep2026 21:51:08.345] [Render thread/INFO] [KubeJS Client/]: Loaded script client_scripts:example.js in 0.001 s
[24Sep2026 21:51:08.345] [Render thread/INFO] [KubeJS Client/]: client_scripts:main.js#2: Hello, World! (Loaded client example script)
[24Sep2026 21:51:08.346] [Render thread/INFO] [KubeJS Client/]: Loaded script client_scripts:main.js in 0.001 s
[24Sep2026 21:51:08.346] [Render thread/INFO] [KubeJS Client/]: Loaded 2/2 KubeJS client scripts in 0.028 s with 0 errors and 0 warnings
[24Sep2026 21:51:08.378] [Render thread/INFO] [KubeJS/]: Loaded 76 asset packs: gtceu:dynamic_assets, vanilla, KubeJS Virtual Resource Pack [Before Mods, assets], mod_resources, mod/sodium, mod/smartbrainlib, mod/rhino, mod/fabric_renderer_api_v1, mod/geckolib, mod/jei, mod/xaerolib, mod/aeronautics, mod/xaeroworldmap, mod/neoforge, mod/fabric_block_view_api_v2, mod/iris, mod/veil, mod/simulated, mod/guideme, mod/ldlib, mod/nuggets, mod/cloth_config, mod/offroad, mod/farmersdelight, mod/emi, mod/kubejs, mod/fabric_api_base, mod/configuration, mod/gtceu, mod/the_afterdark, mod/jade, mod/ae2, mod/nebulaeae2, mod/ae2wtlib, mod/ae2wtlib_api, mod/botania, mod/rocketnautics,dimensional_sable, mod/flywheel, mod/ponder, mod/create, mod/sable, mod/sablecompanion, mod/patchouli, mod/xaerominimap, mod/legendarysurvivaloverhaul, mod/curios, mod/ars_nouveau, mod/modularui, mod/modonomicon, mod/resourcefullib, mod/betteradvancedtooltips, mod/lambdynlights_api, mod/embers, mod/architectury, mod/ftblibrary, mod/ftbteams, mod/ftbchunks, mod/ftbquests, mod/worldstripper, mod/occultism, mod/fabric_rendering_data_attachment_v1, mod/undergarden, mod/lodestone, mod/malum, mod/infiniverse, mod/journeymap_api, mod/effortlessbuilding, mod/vanillin, mod/phoenix_chromatic_codes, mod/space_gravity, mod/forgeborncore, KubeJS Virtual Resource Pack [Internal, assets], KubeJS Virtual Resource Pack [After Mods, assets], KubeJS File Resource Pack [assets], phoenix_chromatic_codes_dynamic_fonts, KubeJS Virtual Resource Pack [Last, assets]
[24Sep2026 21:51:08.380] [Render thread/INFO] [net.minecraft.server.packs.resources.ReloadableResourceManager/]: Reloading ResourceManager: gtceu:dynamic_assets, vanilla, KubeJS Virtual Resource Pack [Before Mods, assets], mod_resources, mod/sodium, mod/smartbrainlib, mod/rhino, mod/fabric_renderer_api_v1, mod/geckolib, mod/jei, mod/xaerolib, mod/aeronautics, mod/xaeroworldmap, mod/neoforge, mod/fabric_block_view_api_v2, mod/iris, mod/veil, mod/simulated, mod/guideme, mod/ldlib, mod/nuggets, mod/cloth_config, mod/offroad, mod/farmersdelight, mod/emi, mod/kubejs, mod/fabric_api_base, mod/configuration, mod/gtceu, mod/the_afterdark, mod/jade, mod/ae2, mod/nebulaeae2, mod/ae2wtlib, mod/ae2wtlib_api, mod/botania, mod/rocketnautics,dimensional_sable, mod/flywheel, mod/ponder, mod/create, mod/sable, mod/sablecompanion, mod/patchouli, mod/xaerominimap, mod/legendarysurvivaloverhaul, mod/curios, mod/ars_nouveau, mod/modularui, mod/modonomicon, mod/resourcefullib, mod/betteradvancedtooltips, mod/lambdynlights_api, mod/embers, mod/architectury, mod/ftblibrary, mod/ftbteams, mod/ftbchunks, mod/ftbquests, mod/worldstripper, mod/occultism, mod/fabric_rendering_data_attachment_v1, mod/undergarden, mod/lodestone, mod/malum, mod/infiniverse, mod/journeymap_api, mod/effortlessbuilding, mod/vanillin, mod/phoenix_chromatic_codes, mod/space_gravity, mod/forgeborncore, KubeJS Virtual Resource Pack [Internal, assets], KubeJS Virtual Resource Pack [After Mods, assets], KubeJS File Resource Pack [assets], phoenix_chromatic_codes_dynamic_fonts, KubeJS Virtual Resource Pack [Last, assets], ldlib
[24Sep2026 21:51:08.380] [Render thread/INFO] [KubeJS/]: Closed KubeJS Virtual Resource Pack [Before Mods, assets]
[24Sep2026 21:51:08.380] [Render thread/INFO] [KubeJS/]: Closed KubeJS Virtual Resource Pack [Internal, assets]
[24Sep2026 21:51:08.380] [Render thread/INFO] [KubeJS/]: Closed KubeJS Virtual Resource Pack [After Mods, assets]
[24Sep2026 21:51:08.381] [Render thread/INFO] [KubeJS/]: Closed KubeJS Virtual Resource Pack [Last, assets]
[24Sep2026 21:51:08.402] [Worker-Main-38/ERROR] [dev.ftb.mods.ftblibrary.icon.EntityIconLoader/]: Missing entity icon settings for ars_nouveau:alakarkinos
[24Sep2026 21:51:08.402] [Worker-Main-38/ERROR] [dev.ftb.mods.ftblibrary.icon.EntityIconLoader/]: Missing entity icon settings for occultism:possessed_ghast
[24Sep2026 21:51:08.404] [Worker-Main-38/ERROR] [dev.ftb.mods.ftblibrary.icon.EntityIconLoader/]: Missing entity icon settings for occultism:wild_horde_silverfish
[24Sep2026 21:51:08.407] [Worker-Main-38/ERROR] [dev.ftb.mods.ftblibrary.icon.EntityIconLoader/]: Missing entity icon settings for ars_nouveau:summon_horse
[24Sep2026 21:51:08.407] [Worker-Main-38/ERROR] [dev.ftb.mods.ftblibrary.icon.EntityIconLoader/]: Missing entity icon settings for occultism:possessed_weak_breeze
[24Sep2026 21:51:08.407] [Worker-Main-42/WARN] [GeckoLib/]: Found animation file with improper file name format; animation files should end in .animation.json: 'ars_nouveau:animations/agronomic_sourcelink_animation.json'
[24Sep2026 21:51:08.407] [Worker-Main-38/ERROR] [dev.ftb.mods.ftblibrary.icon.EntityIconLoader/]: Missing entity icon settings for occultism:wild_zombie
[24Sep2026 21:51:08.409] [Worker-Main-42/WARN] [GeckoLib/]: Found animation file with improper file name format; animation files should end in .animation.json: 'ars_nouveau:animations/alteration_apparatus_animations.json'
[24Sep2026 21:51:08.409] [Worker-Main-44/WARN] [GeckoLib/]: Found animation file with improper file name format; animation files should end in .animation.json: 'ars_nouveau:animations/alchemical_sourcelink_animation.json'
[24Sep2026 21:51:08.410] [Worker-Main-38/ERROR] [dev.ftb.mods.ftblibrary.icon.EntityIconLoader/]: Missing entity icon settings for ars_nouveau:summon_wolf
[24Sep2026 21:51:08.411] [Worker-Main-38/ERROR] [dev.ftb.mods.ftblibrary.icon.EntityIconLoader/]: Missing entity icon settings for occultism:marid
[24Sep2026 21:51:08.410] [Worker-Main-44/WARN] [GeckoLib/]: Found animation file with improper file name format; animation files should end in .animation.json: 'ars_nouveau:animations/amethyst_golem_animations.json'
[24Sep2026 21:51:08.411] [Worker-Main-38/ERROR] [dev.ftb.mods.ftblibrary.icon.EntityIconLoader/]: Missing entity icon settings for occultism:beaver_familiar
[24Sep2026 21:51:08.411] [Worker-Main-38/ERROR] [dev.ftb.mods.ftblibrary.icon.EntityIconLoader/]: Missing entity icon settings for occultism:possessed_elder_guardian
[24Sep2026 21:51:08.412] [Worker-Main-42/WARN] [GeckoLib/]: Found animation file with improper file name format; animation files should end in .animation.json: 'ars_nouveau:animations/animated_block_animations.json'
[24Sep2026 21:51:08.412] [Worker-Main-38/ERROR] [dev.ftb.mods.ftblibrary.icon.EntityIconLoader/]: Missing entity icon settings for occultism:headless_familiar
[24Sep2026 21:51:08.412] [Worker-Main-38/ERROR] [dev.ftb.mods.ftblibrary.icon.EntityIconLoader/]: Missing entity icon settings for occultism:greedy_familiar
[24Sep2026 21:51:08.412] [Worker-Main-38/ERROR] [dev.ftb.mods.ftblibrary.icon.EntityIconLoader/]: Missing entity icon settings for forgeborncore:spirit
[24Sep2026 21:51:08.412] [Worker-Main-34/INFO] [net.minecraft.client.gui.font.providers.UnihexProvider/]: Found unifont_all_no_pua-15.1.05.hex, loading
[24Sep2026 21:51:08.413] [Worker-Main-38/ERROR] [dev.ftb.mods.ftblibrary.icon.EntityIconLoader/]: Missing entity icon settings for occultism:possessed_enderman
[24Sep2026 21:51:08.413] [Worker-Main-38/ERROR] [dev.ftb.mods.ftblibrary.icon.EntityIconLoader/]: Missing entity icon settings for occultism:possessed_warden
[24Sep2026 21:51:08.413] [Worker-Main-38/ERROR] [dev.ftb.mods.ftblibrary.icon.EntityIconLoader/]: Missing entity icon settings for occultism:wild_horde_husk
[24Sep2026 21:51:08.413] [Worker-Main-38/ERROR] [dev.ftb.mods.ftblibrary.icon.EntityIconLoader/]: Missing entity icon settings for occultism:wild_spider
[24Sep2026 21:51:08.414] [Worker-Main-38/ERROR] [dev.ftb.mods.ftblibrary.icon.EntityIconLoader/]: Missing entity icon settings for occultism:wild_stray
[24Sep2026 21:51:08.414] [Worker-Main-38/ERROR] [dev.ftb.mods.ftblibrary.icon.EntityIconLoader/]: Missing entity icon settings for occultism:afrit_wild
[24Sep2026 21:51:08.414] [Worker-Main-38/ERROR] [dev.ftb.mods.ftblibrary.icon.EntityIconLoader/]: Missing entity icon settings for ars_nouveau:familiar_wixie
[24Sep2026 21:51:08.415] [Worker-Main-38/ERROR] [dev.ftb.mods.ftblibrary.icon.EntityIconLoader/]: Missing entity icon settings for occultism:possessed_hoglin
[24Sep2026 21:51:08.415] [Worker-Main-38/ERROR] [dev.ftb.mods.ftblibrary.icon.EntityIconLoader/]: Missing entity icon settings for occultism:possessed_endermite
[24Sep2026 21:51:08.416] [Worker-Main-38/ERROR] [dev.ftb.mods.ftblibrary.icon.EntityIconLoader/]: Missing entity icon settings for undergarden:denizen
[24Sep2026 21:51:08.416] [Worker-Main-42/WARN] [GeckoLib/]: Found animation file with improper file name format; animation files should end in .animation.json: 'ars_nouveau:animations/arcane_core_animations.json'
[24Sep2026 21:51:08.417] [Worker-Main-38/ERROR] [dev.ftb.mods.ftblibrary.icon.EntityIconLoader/]: Missing entity icon settings for occultism:djinni
[24Sep2026 21:51:08.417] [Worker-Main-42/WARN] [GeckoLib/]: Found animation file with improper file name format; animation files should end in .animation.json: 'ars_nouveau:animations/arcane_pedestal_animations.json'
[24Sep2026 21:51:08.420] [Worker-Main-42/WARN] [GeckoLib/]: Found animation file with improper file name format; animation files should end in .animation.json: 'ars_nouveau:animations/book_wyrm_animation.json'
[24Sep2026 21:51:08.420] [Worker-Main-44/WARN] [GeckoLib/]: Found animation file with improper file name format; animation files should end in .animation.json: 'ars_nouveau:animations/basic_spell_turret_animations.json'
[24Sep2026 21:51:08.417] [Worker-Main-38/ERROR] [dev.ftb.mods.ftblibrary.icon.EntityIconLoader/]: Missing entity icon settings for undergarden:mog
[24Sep2026 21:51:08.421] [Worker-Main-38/ERROR] [dev.ftb.mods.ftblibrary.icon.EntityIconLoader/]: Missing entity icon settings for occultism:wild_cave_spider
[24Sep2026 21:51:08.421] [Worker-Main-38/ERROR] [dev.ftb.mods.ftblibrary.icon.EntityIconLoader/]: Missing entity icon settings for occultism:mercy_goat
[24Sep2026 21:51:08.421] [Worker-Main-38/ERROR] [dev.ftb.mods.ftblibrary.icon.EntityIconLoader/]: Missing entity icon settings for occultism:dragon_familiar
[24Sep2026 21:51:08.421] [Worker-Main-38/ERROR] [dev.ftb.mods.ftblibrary.icon.EntityIconLoader/]: Missing entity icon settings for occultism:deer_familiar
[24Sep2026 21:51:08.421] [Worker-Main-42/WARN] [GeckoLib/]: Found animation file with improper file name format; animation files should end in .animation.json: 'ars_nouveau:animations/book_wyrm_lectern_animations.json'
[24Sep2026 21:51:08.421] [Worker-Main-44/WARN] [GeckoLib/]: Found animation file with improper file name format; animation files should end in .animation.json: 'ars_nouveau:animations/decor_blossom_animations.json'
[24Sep2026 21:51:08.422] [Worker-Main-38/ERROR] [dev.ftb.mods.ftblibrary.icon.EntityIconLoader/]: Missing entity icon settings for ars_nouveau:wilden_stalker
[24Sep2026 21:51:08.422] [Worker-Main-38/ERROR] [dev.ftb.mods.ftblibrary.icon.EntityIconLoader/]: Missing entity icon settings for occultism:beholder_familiar
[24Sep2026 21:51:08.424] [Worker-Main-44/WARN] [GeckoLib/]: Found animation file with improper file name format; animation files should end in .animation.json: 'ars_nouveau:animations/drygmy_animations.json'
[24Sep2026 21:51:08.424] [Worker-Main-38/ERROR] [dev.ftb.mods.ftblibrary.icon.EntityIconLoader/]: Missing entity icon settings for undergarden:rotbelcher
[24Sep2026 21:51:08.425] [Worker-Main-38/ERROR] [dev.ftb.mods.ftblibrary.icon.EntityIconLoader/]: Missing entity icon settings for ars_nouveau:familiar_amethyst_golem
[24Sep2026 21:51:08.426] [Worker-Main-38/ERROR] [dev.ftb.mods.ftblibrary.icon.EntityIconLoader/]: Missing entity icon settings for ars_nouveau:blazing_weald_walker
[24Sep2026 21:51:08.427] [Worker-Main-44/WARN] [GeckoLib/]: Found animation file with improper file name format; animation files should end in .animation.json: 'ars_nouveau:animations/enchanting_apparatus_animations.json'
[24Sep2026 21:51:08.426] [Worker-Main-42/WARN] [GeckoLib/]: Found animation file with improper file name format; animation files should end in .animation.json: 'ars_nouveau:animations/empty.json'
[24Sep2026 21:51:08.429] [Worker-Main-38/ERROR] [dev.ftb.mods.ftblibrary.icon.EntityIconLoader/]: Missing entity icon settings for occultism:possessed_weak_shulker
[24Sep2026 21:51:08.429] [Worker-Main-38/ERROR] [dev.ftb.mods.ftblibrary.icon.EntityIconLoader/]: Missing entity icon settings for ars_nouveau:cascading_weald_walker
[24Sep2026 21:51:08.429] [Worker-Main-38/ERROR] [dev.ftb.mods.ftblibrary.icon.EntityIconLoader/]: Missing entity icon settings for occultism:chimera_familiar
[24Sep2026 21:51:08.430] [Worker-Main-38/ERROR] [dev.ftb.mods.ftblibrary.icon.EntityIconLoader/]: Missing entity icon settings for occultism:goat_familiar
[24Sep2026 21:51:08.430] [Worker-Main-38/ERROR] [dev.ftb.mods.ftblibrary.icon.EntityIconLoader/]: Missing entity icon settings for occultism:foliot
[24Sep2026 21:51:08.431] [Worker-Main-38/ERROR] [dev.ftb.mods.ftblibrary.icon.EntityIconLoader/]: Missing entity icon settings for occultism:possessed_blaze
[24Sep2026 21:51:08.437] [Worker-Main-38/ERROR] [dev.ftb.mods.ftblibrary.icon.EntityIconLoader/]: Missing entity icon settings for occultism:wild_husk
[24Sep2026 21:51:08.437] [Worker-Main-38/ERROR] [dev.ftb.mods.ftblibrary.icon.EntityIconLoader/]: Missing entity icon settings for occultism:otherworld_bird
[24Sep2026 21:51:08.438] [Worker-Main-38/ERROR] [dev.ftb.mods.ftblibrary.icon.EntityIconLoader/]: Missing entity icon settings for ars_nouveau:familiar_bookwyrm
[24Sep2026 21:51:08.439] [Worker-Main-38/ERROR] [dev.ftb.mods.ftblibrary.icon.EntityIconLoader/]: Missing entity icon settings for occultism:shub_niggurath_familiar
[24Sep2026 21:51:08.441] [Worker-Main-38/ERROR] [dev.ftb.mods.ftblibrary.icon.EntityIconLoader/]: Missing entity icon settings for ars_nouveau:flourishing_weald_walker
[24Sep2026 21:51:08.444] [Worker-Main-38/ERROR] [dev.ftb.mods.ftblibrary.icon.EntityIconLoader/]: Missing entity icon settings for undergarden:greater_dweller
[24Sep2026 21:51:08.445] [Worker-Main-38/ERROR] [dev.ftb.mods.ftblibrary.icon.EntityIconLoader/]: Missing entity icon settings for occultism:possessed_shulker
[24Sep2026 21:51:08.448] [Worker-Main-38/ERROR] [dev.ftb.mods.ftblibrary.icon.EntityIconLoader/]: Missing entity icon settings for occultism:wild_bogged
[24Sep2026 21:51:08.448] [Worker-Main-38/ERROR] [dev.ftb.mods.ftblibrary.icon.EntityIconLoader/]: Missing entity icon settings for forgeborncore:brawler_skeleton
[24Sep2026 21:51:08.448] [Worker-Main-38/ERROR] [dev.ftb.mods.ftblibrary.icon.EntityIconLoader/]: Missing entity icon settings for ars_nouveau:familiar_whirlisprig
[24Sep2026 21:51:08.448] [Worker-Main-38/ERROR] [dev.ftb.mods.ftblibrary.icon.EntityIconLoader/]: Missing entity icon settings for ars_nouveau:vexing_weald_walker
[24Sep2026 21:51:08.450] [Worker-Main-38/ERROR] [dev.ftb.mods.ftblibrary.icon.EntityIconLoader/]: Missing entity icon settings for occultism:possessed_breeze
[24Sep2026 21:51:08.450] [Worker-Main-38/ERROR] [dev.ftb.mods.ftblibrary.icon.EntityIconLoader/]: Missing entity icon settings for undergarden:mysterious_pot
[24Sep2026 21:51:08.450] [Worker-Main-38/ERROR] [dev.ftb.mods.ftblibrary.icon.EntityIconLoader/]: Missing entity icon settings for occultism:wild_horde_creeper
[24Sep2026 21:51:08.450] [Worker-Main-38/ERROR] [dev.ftb.mods.ftblibrary.icon.EntityIconLoader/]: Missing entity icon settings for occultism:bat_familiar
[24Sep2026 21:51:08.452] [Worker-Main-44/WARN] [GeckoLib/]: Found animation file with improper file name format; animation files should end in .animation.json: 'ars_nouveau:animations/imbuement_chamber_animations.json'
[24Sep2026 21:51:08.451] [Worker-Main-38/ERROR] [dev.ftb.mods.ftblibrary.icon.EntityIconLoader/]: Missing entity icon settings for occultism:wild_horde_drowned
[24Sep2026 21:51:08.453] [Worker-Main-38/ERROR] [dev.ftb.mods.ftblibrary.icon.EntityIconLoader/]: Missing entity icon settings for undergarden:gwib
[24Sep2026 21:51:08.453] [Worker-Main-38/ERROR] [dev.ftb.mods.ftblibrary.icon.EntityIconLoader/]: Missing entity icon settings for occultism:possessed_strong_breeze
[24Sep2026 21:51:08.453] [Worker-Main-44/WARN] [GeckoLib/]: Found animation file with improper file name format; animation files should end in .animation.json: 'ars_nouveau:animations/lily_animations.json'
[24Sep2026 21:51:08.453] [Worker-Main-38/ERROR] [dev.ftb.mods.ftblibrary.icon.EntityIconLoader/]: Missing entity icon settings for undergarden:smog_mog
[24Sep2026 21:51:08.454] [Worker-Main-38/ERROR] [dev.ftb.mods.ftblibrary.icon.EntityIconLoader/]: Missing entity icon settings for occultism:shub_niggurath_spawn
[24Sep2026 21:51:08.454] [Worker-Main-38/ERROR] [dev.ftb.mods.ftblibrary.icon.EntityIconLoader/]: Missing entity icon settings for occultism:afrit
[24Sep2026 21:51:08.456] [Worker-Main-38/ERROR] [dev.ftb.mods.ftblibrary.icon.EntityIconLoader/]: Missing entity icon settings for ars_nouveau:familiar_starbuncle
[24Sep2026 21:51:08.456] [Worker-Main-38/ERROR] [dev.ftb.mods.ftblibrary.icon.EntityIconLoader/]: Missing entity icon settings for ars_nouveau:drygmy
[24Sep2026 21:51:08.457] [Worker-Main-16/WARN] [GeckoLib/]: Found animation file with improper file name format; animation files should end in .animation.json: 'ars_nouveau:animations/mana_relay_animation.json'
[24Sep2026 21:51:08.457] [Worker-Main-38/ERROR] [dev.ftb.mods.ftblibrary.icon.EntityIconLoader/]: Missing entity icon settings for occultism:demonic_husband
[24Sep2026 21:51:08.457] [Worker-Main-42/WARN] [GeckoLib/]: Found animation file with improper file name format; animation files should end in .animation.json: 'ars_nouveau:animations/nook_animation.json'
[24Sep2026 21:51:08.458] [Worker-Main-38/ERROR] [dev.ftb.mods.ftblibrary.icon.EntityIconLoader/]: Missing entity icon settings for ars_nouveau:wilden_hunter
[24Sep2026 21:51:08.459] [Worker-Main-39/WARN] [GeckoLib/]: Found animation file with improper file name format; animation files should end in .animation.json: 'ars_nouveau:animations/potion_melder_animation.json'
[24Sep2026 21:51:08.459] [Worker-Main-38/ERROR] [dev.ftb.mods.ftblibrary.icon.EntityIconLoader/]: Missing entity icon settings for occultism:guardian_familiar
[24Sep2026 21:51:08.460] [Worker-Main-39/WARN] [GeckoLib/]: Found animation file with improper file name format; animation files should end in .animation.json: 'ars_nouveau:animations/press_animations.json'
[24Sep2026 21:51:08.460] [Worker-Main-38/ERROR] [dev.ftb.mods.ftblibrary.icon.EntityIconLoader/]: Missing entity icon settings for occultism:cthulhu_familiar
[24Sep2026 21:51:08.460] [Worker-Main-38/ERROR] [dev.ftb.mods.ftblibrary.icon.EntityIconLoader/]: Missing entity icon settings for occultism:possessed_phantom
[24Sep2026 21:51:08.460] [Worker-Main-44/WARN] [GeckoLib/]: Found animation file with improper file name format; animation files should end in .animation.json: 'ars_nouveau:animations/redstone_relay_animations.json'
[24Sep2026 21:51:08.461] [Worker-Main-44/WARN] [GeckoLib/]: Found animation file with improper file name format; animation files should end in .animation.json: 'ars_nouveau:animations/rune.json'
[24Sep2026 21:51:08.462] [Worker-Main-44/WARN] [GeckoLib/]: Found animation file with improper file name format; animation files should end in .animation.json: 'ars_nouveau:animations/scryers_eye_animation.json'
[24Sep2026 21:51:08.462] [Worker-Main-42/WARN] [GeckoLib/]: Found animation file with improper file name format; animation files should end in .animation.json: 'ars_nouveau:animations/scribes_table_animations.json'
[24Sep2026 21:51:08.457] [Worker-Main-16/WARN] [GeckoLib/]: Found animation file with improper file name format; animation files should end in .animation.json: 'ars_nouveau:animations/mana_splitter_animation.json'
[24Sep2026 21:51:08.461] [Worker-Main-39/WARN] [GeckoLib/]: Found animation file with improper file name format; animation files should end in .animation.json: 'ars_nouveau:animations/ritual.json'
[24Sep2026 21:51:08.464] [Worker-Main-44/WARN] [GeckoLib/]: Found animation file with improper file name format; animation files should end in .animation.json: 'ars_nouveau:animations/source_collector_animations.json'
[24Sep2026 21:51:08.465] [Worker-Main-16/WARN] [GeckoLib/]: Found animation file with improper file name format; animation files should end in .animation.json: 'ars_nouveau:animations/source_deposit_animations.json'
[24Sep2026 21:51:08.465] [Worker-Main-44/WARN] [GeckoLib/]: Found animation file with improper file name format; animation files should end in .animation.json: 'ars_nouveau:animations/source_relay_animations.json'
[24Sep2026 21:51:08.465] [Worker-Main-38/ERROR] [dev.ftb.mods.ftblibrary.icon.EntityIconLoader/]: Missing entity icon settings for occultism:possessed_witch
[24Sep2026 21:51:08.466] [Worker-Main-38/ERROR] [dev.ftb.mods.ftblibrary.icon.EntityIconLoader/]: Missing entity icon settings for occultism:wondering_trader
[24Sep2026 21:51:08.466] [Worker-Main-38/ERROR] [dev.ftb.mods.ftblibrary.icon.EntityIconLoader/]: Missing entity icon settings for occultism:possessed_evoker
[24Sep2026 21:51:08.467] [Worker-Main-38/ERROR] [dev.ftb.mods.ftblibrary.icon.EntityIconLoader/]: Missing entity icon settings for ars_nouveau:wilden_boss
[24Sep2026 21:51:08.467] [Worker-Main-38/ERROR] [dev.ftb.mods.ftblibrary.icon.EntityIconLoader/]: Missing entity icon settings for occultism:blacksmith_familiar
[24Sep2026 21:51:08.468] [Worker-Main-42/WARN] [GeckoLib/]: Found animation file with improper file name format; animation files should end in .animation.json: 'ars_nouveau:animations/source_splitter_animations.json'
[24Sep2026 21:51:08.468] [Worker-Main-39/WARN] [GeckoLib/]: Found animation file with improper file name format; animation files should end in .animation.json: 'ars_nouveau:animations/source_warp_animations.json'
[24Sep2026 21:51:08.469] [Worker-Main-42/WARN] [GeckoLib/]: Found animation file with improper file name format; animation files should end in .animation.json: 'ars_nouveau:animations/spell_turret_animations.json'
[24Sep2026 21:51:08.469] [Worker-Main-43/WARN] [GeckoLib/]: Found animation file with improper file name format; animation files should end in .animation.json: 'ars_nouveau:animations/spell_turret_timer_animations.json'
[24Sep2026 21:51:08.470] [Worker-Main-38/ERROR] [dev.ftb.mods.ftblibrary.icon.EntityIconLoader/]: Missing entity icon settings for occultism:possessed_guardian
[24Sep2026 21:51:08.471] [Worker-Main-38/ERROR] [dev.ftb.mods.ftblibrary.icon.EntityIconLoader/]: Missing entity icon settings for occultism:possessed_zombie_piglin
[24Sep2026 21:51:08.470] [Worker-Main-42/WARN] [GeckoLib/]: Found animation file with improper file name format; animation files should end in .animation.json: 'ars_nouveau:animations/spike_animations.json'
[24Sep2026 21:51:08.470] [Worker-Main-43/WARN] [GeckoLib/]: Found animation file with improper file name format; animation files should end in .animation.json: 'ars_nouveau:animations/starbuncle_animations.json'
[24Sep2026 21:51:08.472] [Worker-Main-38/ERROR] [dev.ftb.mods.ftblibrary.icon.EntityIconLoader/]: Missing entity icon settings for occultism:wild_hunt_skeleton
[24Sep2026 21:51:08.472] [Worker-Main-38/ERROR] [dev.ftb.mods.ftblibrary.icon.EntityIconLoader/]: Missing entity icon settings for ars_nouveau:wilden_guardian
[24Sep2026 21:51:08.472] [Worker-Main-42/WARN] [GeckoLib/]: Found animation file with improper file name format; animation files should end in .animation.json: 'ars_nouveau:animations/volcanic_sourcelink_animations.json'
[24Sep2026 21:51:08.472] [Worker-Main-38/ERROR] [dev.ftb.mods.ftblibrary.icon.EntityIconLoader/]: Missing entity icon settings for occultism:wild_slime
[24Sep2026 21:51:08.473] [Worker-Main-42/WARN] [GeckoLib/]: Found animation file with improper file name format; animation files should end in .animation.json: 'ars_nouveau:animations/wand_animation.json'
[24Sep2026 21:51:08.471] [Worker-Main-16/WARN] [GeckoLib/]: Found animation file with improper file name format; animation files should end in .animation.json: 'ars_nouveau:animations/vitalic_sourcelink_animation.json'
[24Sep2026 21:51:08.473] [Worker-Main-42/WARN] [GeckoLib/]: Found animation file with improper file name format; animation files should end in .animation.json: 'ars_nouveau:animations/weald_waddler_animations.json'
[24Sep2026 21:51:08.474] [Worker-Main-16/WARN] [GeckoLib/]: Found animation file with improper file name format; animation files should end in .animation.json: 'ars_nouveau:animations/weald_walker_animations.json'
[24Sep2026 21:51:08.471] [Worker-Main-39/WARN] [GeckoLib/]: Found animation file with improper file name format; animation files should end in .animation.json: 'ars_nouveau:animations/storage_catalog_animations.json'
[24Sep2026 21:51:08.474] [Worker-Main-38/ERROR] [dev.ftb.mods.ftblibrary.icon.EntityIconLoader/]: Entity undergarden:gwibling is using legacy invisible texture, please update it to use the new system!
[24Sep2026 21:51:08.474] [Worker-Main-38/ERROR] [dev.ftb.mods.ftblibrary.icon.EntityIconLoader/]: Missing entity icon settings for embers:ancient_golem
[24Sep2026 21:51:08.475] [Worker-Main-37/WARN] [GeckoLib/]: Found animation file with improper file name format; animation files should end in .animation.json: 'ars_nouveau:animations/whirlisprig_animations.json'
[24Sep2026 21:51:08.475] [Worker-Main-39/WARN] [GeckoLib/]: Found animation file with improper file name format; animation files should end in .animation.json: 'ars_nouveau:animations/whirlisprig_blossom_animations.json'
[24Sep2026 21:51:08.475] [Worker-Main-38/ERROR] [dev.ftb.mods.ftblibrary.icon.EntityIconLoader/]: Missing entity icon settings for occultism:possessed_skeleton
[24Sep2026 21:51:08.475] [Worker-Main-38/ERROR] [dev.ftb.mods.ftblibrary.icon.EntityIconLoader/]: Missing entity icon settings for occultism:mummy_familiar
[24Sep2026 21:51:08.475] [Worker-Main-44/WARN] [GeckoLib/]: Found animation file with improper file name format; animation files should end in .animation.json: 'ars_nouveau:animations/wilden_chimera_animations.json'
[24Sep2026 21:51:08.475] [Worker-Main-39/WARN] [GeckoLib/]: Found animation file with improper file name format; animation files should end in .animation.json: 'ars_nouveau:animations/wilden_defender_animations.json'
[24Sep2026 21:51:08.476] [Worker-Main-38/ERROR] [dev.ftb.mods.ftblibrary.icon.EntityIconLoader/]: Missing entity icon settings for occultism:wild_silverfish
[24Sep2026 21:51:08.476] [Worker-Main-38/ERROR] [dev.ftb.mods.ftblibrary.icon.EntityIconLoader/]: Missing entity icon settings for occultism:wild_hunt_wither_skeleton
[24Sep2026 21:51:08.476] [Worker-Main-43/WARN] [GeckoLib/]: Found animation file with improper file name format; animation files should end in .animation.json: 'ars_nouveau:animations/wilden_hunter_animations.json'
[24Sep2026 21:51:08.478] [Worker-Main-42/WARN] [GeckoLib/]: Found animation file with improper file name format; animation files should end in .animation.json: 'ars_nouveau:animations/wixie_animations.json'
[24Sep2026 21:51:08.476] [Worker-Main-38/ERROR] [dev.ftb.mods.ftblibrary.icon.EntityIconLoader/]: Missing entity icon settings for occultism:demonic_wife
[24Sep2026 21:51:08.479] [Worker-Main-38/ERROR] [dev.ftb.mods.ftblibrary.icon.EntityIconLoader/]: Missing entity icon settings for undergarden:forgotten
[24Sep2026 21:51:08.479] [Worker-Main-38/ERROR] [dev.ftb.mods.ftblibrary.icon.EntityIconLoader/]: Missing entity icon settings for ars_nouveau:familiar_drygmy
[24Sep2026 21:51:08.478] [Worker-Main-37/WARN] [GeckoLib/]: Found animation file with improper file name format; animation files should end in .animation.json: 'ars_nouveau:animations/wilden_stalker_animations.json'
[24Sep2026 21:51:08.480] [Worker-Main-38/ERROR] [dev.ftb.mods.ftblibrary.icon.EntityIconLoader/]: Missing entity icon settings for occultism:wild_skeleton
[24Sep2026 21:51:08.483] [Worker-Main-42/INFO] [net.minecraft.client.gui.font.providers.UnihexProvider/]: Found unifont_jp_patch-15.1.05.hex, loading
[24Sep2026 21:51:08.482] [Worker-Main-38/ERROR] [dev.ftb.mods.ftblibrary.icon.EntityIconLoader/]: Missing entity icon settings for ars_nouveau:amethyst_golem
[24Sep2026 21:51:08.485] [Worker-Main-38/ERROR] [dev.ftb.mods.ftblibrary.icon.EntityIconLoader/]: Missing entity icon settings for botania:doppleganger
[24Sep2026 21:51:08.485] [Worker-Main-38/ERROR] [dev.ftb.mods.ftblibrary.icon.EntityIconLoader/]: Missing entity icon settings for ars_nouveau:gift_starby
[24Sep2026 21:51:08.486] [Worker-Main-38/ERROR] [dev.ftb.mods.ftblibrary.icon.EntityIconLoader/]: Missing entity icon settings for occultism:marid_unbound
[24Sep2026 21:51:08.486] [Worker-Main-38/ERROR] [dev.ftb.mods.ftblibrary.icon.EntityIconLoader/]: Missing entity icon settings for occultism:possessed_bee
[24Sep2026 21:51:08.486] [Worker-Main-38/ERROR] [dev.ftb.mods.ftblibrary.icon.EntityIconLoader/]: Missing entity icon settings for smartbrainlib:sbl_skeleton
[24Sep2026 21:51:08.488] [Worker-Main-38/ERROR] [dev.ftb.mods.ftblibrary.icon.EntityIconLoader/]: Missing entity icon settings for occultism:fairy_familiar
[24Sep2026 21:51:08.488] [Worker-Main-38/ERROR] [dev.ftb.mods.ftblibrary.icon.EntityIconLoader/]: Missing entity icon settings for ars_nouveau:summon_skeleton
[24Sep2026 21:51:08.491] [Worker-Main-38/ERROR] [dev.ftb.mods.ftblibrary.icon.EntityIconLoader/]: Missing entity icon settings for occultism:devil_familiar
[24Sep2026 21:51:08.881] [Render thread/INFO] [GTCEu/]: GregTech Model loading took 475ms
[24Sep2026 21:51:08.886] [Render thread/INFO] [KubeJS Client/]: Client resource reload complete!
[24Sep2026 21:51:08.899] [Server thread/INFO] [net.minecraft.client.server.IntegratedServer/]: Saving and pausing game...
[24Sep2026 21:51:08.927] [Server thread/INFO] [net.minecraft.server.MinecraftServer/]: Saving chunks for level 'ServerLevel[DevEnviromentWorld]'/minecraft:overworld
[24Sep2026 21:51:08.928] [Server thread/INFO] [dev.ryanhcode.sable.Sable/]: Saving sub-levels for level 'ServerLevel[DevEnviromentWorld]'/minecraft:overworld
[24Sep2026 21:51:08.975] [Server thread/INFO] [net.minecraft.server.MinecraftServer/]: Saving chunks for level 'ServerLevel[DevEnviromentWorld]'/rocketnautics:deep_space
[24Sep2026 21:51:08.979] [Server thread/INFO] [dev.ryanhcode.sable.Sable/]: Saving sub-levels for level 'ServerLevel[DevEnviromentWorld]'/rocketnautics:deep_space
[24Sep2026 21:51:08.980] [Server thread/INFO] [net.minecraft.server.MinecraftServer/]: Saving chunks for level 'ServerLevel[DevEnviromentWorld]'/rocketnautics:moon
[24Sep2026 21:51:08.980] [Server thread/INFO] [dev.ryanhcode.sable.Sable/]: Saving sub-levels for level 'ServerLevel[DevEnviromentWorld]'/rocketnautics:moon
[24Sep2026 21:51:08.980] [Server thread/INFO] [net.minecraft.server.MinecraftServer/]: Saving chunks for level 'ServerLevel[DevEnviromentWorld]'/undergarden:undergarden
[24Sep2026 21:51:08.980] [Server thread/INFO] [dev.ryanhcode.sable.Sable/]: Saving sub-levels for level 'ServerLevel[DevEnviromentWorld]'/undergarden:undergarden
[24Sep2026 21:51:08.980] [Server thread/INFO] [net.minecraft.server.MinecraftServer/]: Saving chunks for level 'ServerLevel[DevEnviromentWorld]'/minecraft:the_nether
[24Sep2026 21:51:08.980] [Server thread/INFO] [dev.ryanhcode.sable.Sable/]: Saving sub-levels for level 'ServerLevel[DevEnviromentWorld]'/minecraft:the_nether
[24Sep2026 21:51:08.981] [Server thread/INFO] [net.minecraft.server.MinecraftServer/]: Saving chunks for level 'ServerLevel[DevEnviromentWorld]'/the_afterdark:afterdark
[24Sep2026 21:51:08.984] [Server thread/INFO] [dev.ryanhcode.sable.Sable/]: Saving sub-levels for level 'ServerLevel[DevEnviromentWorld]'/the_afterdark:afterdark
[24Sep2026 21:51:08.984] [Server thread/INFO] [net.minecraft.server.MinecraftServer/]: Saving chunks for level 'ServerLevel[DevEnviromentWorld]'/minecraft:the_end
[24Sep2026 21:51:08.984] [Server thread/INFO] [dev.ryanhcode.sable.Sable/]: Saving sub-levels for level 'ServerLevel[DevEnviromentWorld]'/minecraft:the_end
[24Sep2026 21:51:08.984] [Server thread/INFO] [net.minecraft.server.MinecraftServer/]: Saving chunks for level 'ServerLevel[DevEnviromentWorld]'/ae2:spatial_storage
[24Sep2026 21:51:08.986] [Server thread/INFO] [dev.ryanhcode.sable.Sable/]: Saving sub-levels for level 'ServerLevel[DevEnviromentWorld]'/ae2:spatial_storage
[24Sep2026 21:51:09.625] [Worker-Main-36/INFO] [Modular UI/]: Reloading Themes...
[24Sep2026 21:51:09.628] [Worker-Main-36/INFO] [Modular UI/]: Found themes.json's at [mod/modularui]
[24Sep2026 21:51:10.082] [Worker-Main-25/ERROR] [net.minecraft.client.resources.model.ModelManager/]: Failed to load model rocketnautics:models/block/engine_core.json
com.google.gson.JsonParseException: 'from' specifier exceeds the allowed boundaries: ( 8.000E+0 -2.000E+1 -3.000E+0)
	at TRANSFORMER/minecraft@1.21.1/net.minecraft.client.renderer.block.model.BlockElement$Deserializer.getFrom(BlockElement.java:185) ~[neoforge-21.1.248.jar%23177!/:?]
	at TRANSFORMER/minecraft@1.21.1/net.minecraft.client.renderer.block.model.BlockElement$Deserializer.deserialize(BlockElement.java:82) ~[neoforge-21.1.248.jar%23177!/:?]
	at TRANSFORMER/minecraft@1.21.1/net.minecraft.client.renderer.block.model.BlockElement$Deserializer.deserialize(BlockElement.java:76) ~[neoforge-21.1.248.jar%23177!/:?]
	at MC-BOOTSTRAP/com.google.gson@2.10.1/com.google.gson.internal.bind.TreeTypeAdapter.read(TreeTypeAdapter.java:76) ~[gson-2.10.1.jar%2396!/:?]
	at MC-BOOTSTRAP/com.google.gson@2.10.1/com.google.gson.Gson.fromJson(Gson.java:1227) ~[gson-2.10.1.jar%2396!/:?]
	at MC-BOOTSTRAP/com.google.gson@2.10.1/com.google.gson.Gson.fromJson(Gson.java:1329) ~[gson-2.10.1.jar%2396!/:?]
	at MC-BOOTSTRAP/com.google.gson@2.10.1/com.google.gson.Gson.fromJson(Gson.java:1300) ~[gson-2.10.1.jar%2396!/:?]
	at MC-BOOTSTRAP/com.google.gson@2.10.1/com.google.gson.internal.bind.TreeTypeAdapter$GsonContextImpl.deserialize(TreeTypeAdapter.java:179) ~[gson-2.10.1.jar%2396!/:?]
	at TRANSFORMER/minecraft@1.21.1/net.minecraft.client.renderer.block.model.BlockModel$Deserializer.getElements(BlockModel.java:409) ~[neoforge-21.1.248.jar%23177!/:?]
	at TRANSFORMER/minecraft@1.21.1/net.minecraft.client.renderer.block.model.BlockModel$Deserializer.deserialize(BlockModel.java:338) ~[neoforge-21.1.248.jar%23177!/:?]
	at TRANSFORMER/neoforge@21.1.248/net.neoforged.neoforge.client.model.ExtendedBlockModelDeserializer.deserialize(ExtendedBlockModelDeserializer.java:51) ~[neoforge-21.1.248.jar%23178!/:?]
	at TRANSFORMER/neoforge@21.1.248/net.neoforged.neoforge.client.model.ExtendedBlockModelDeserializer.deserialize(ExtendedBlockModelDeserializer.java:37) ~[neoforge-21.1.248.jar%23178!/:?]
	at MC-BOOTSTRAP/com.google.gson@2.10.1/com.google.gson.internal.bind.TreeTypeAdapter.read(TreeTypeAdapter.java:76) ~[gson-2.10.1.jar%2396!/:?]
	at TRANSFORMER/minecraft@1.21.1/net.minecraft.util.GsonHelper.fromNullableJson(GsonHelper.java:507) ~[neoforge-21.1.248.jar%23177!/:?]
	at TRANSFORMER/minecraft@1.21.1/net.minecraft.util.GsonHelper.fromJson(GsonHelper.java:514) ~[neoforge-21.1.248.jar%23177!/:?]
	at TRANSFORMER/minecraft@1.21.1/net.minecraft.util.GsonHelper.fromJson(GsonHelper.java:566) ~[neoforge-21.1.248.jar%23177!/:?]
	at TRANSFORMER/minecraft@1.21.1/net.minecraft.client.renderer.block.model.BlockModel.fromStream(BlockModel.java:83) ~[neoforge-21.1.248.jar%23177!/:?]
	at TRANSFORMER/minecraft@1.21.1/net.minecraft.client.resources.model.ModelManager.lambda$loadBlockModels$8(ModelManager.java:144) ~[neoforge-21.1.248.jar%23177!/:?]
	at java.base/java.util.concurrent.CompletableFuture$AsyncSupply.run(CompletableFuture.java:1768) [?:?]
	at java.base/java.util.concurrent.CompletableFuture$AsyncSupply.exec(CompletableFuture.java:1760) [?:?]
	at java.base/java.util.concurrent.ForkJoinTask.doExec(ForkJoinTask.java:387) [?:?]
	at java.base/java.util.concurrent.ForkJoinPool$WorkQueue.topLevelExec(ForkJoinPool.java:1312) [?:?]
	at java.base/java.util.concurrent.ForkJoinPool.scan(ForkJoinPool.java:1843) [?:?]
	at java.base/java.util.concurrent.ForkJoinPool.runWorker(ForkJoinPool.java:1808) [?:?]
	at java.base/java.util.concurrent.ForkJoinWorkerThread.run(ForkJoinWorkerThread.java:188) [?:?]
[24Sep2026 21:51:10.904] [Worker-Main-16/WARN] [net.minecraft.client.renderer.texture.atlas.sources.SingleFile/]: Missing sprite: gtmfo:textures/block/bismuth_bronze_casing_ctm.png
[24Sep2026 21:51:11.345] [Worker-Main-41/WARN] [net.minecraft.client.renderer.texture.SpriteContents/]: Invalid frame index on sprite kubejs:item/circuits/godium_circuit_board frame 7: 7
[24Sep2026 21:51:11.345] [Worker-Main-41/WARN] [net.minecraft.client.renderer.texture.SpriteContents/]: Invalid frame index on sprite kubejs:item/circuits/godium_circuit_board frame 8: 8
[24Sep2026 21:51:11.345] [Worker-Main-41/WARN] [net.minecraft.client.renderer.texture.SpriteContents/]: Invalid frame index on sprite kubejs:item/circuits/godium_circuit_board frame 9: 7
[24Sep2026 21:51:11.399] [Worker-Main-41/WARN] [net.minecraft.client.renderer.texture.SpriteLoader/]: Texture legendarysurvivaloverhaul:item/juice/healing_item_regen with size 18x18 limits mip level from 4 to 1
[24Sep2026 21:51:11.402] [Worker-Main-41/WARN] [net.minecraft.client.renderer.texture.SpriteLoader/]: Texture forgeborncore:block/obj/space_layer with size 1625x813 limits mip level from 1 to 0
[24Sep2026 21:51:12.146] [Worker-Main-36/WARN] [net.minecraft.client.resources.model.BlockStateModelLoader/]: Exception loading blockstate definition: 'ars_nouveau:blockstates/particle_block.json' missing model for variant: 'ars_nouveau:particle_block#waterlogged=true'
[24Sep2026 21:51:12.146] [Worker-Main-36/WARN] [net.minecraft.client.resources.model.BlockStateModelLoader/]: Exception loading blockstate definition: 'ars_nouveau:blockstates/particle_block.json' missing model for variant: 'ars_nouveau:particle_block#waterlogged=false'
[24Sep2026 21:51:12.162] [Worker-Main-36/WARN] [net.minecraft.client.resources.model.BlockStateModelLoader/]: Exception loading blockstate definition: 'ars_nouveau:blockstates/planarium_projector.json' missing model for variant: 'ars_nouveau:planarium_projector#'
[24Sep2026 21:51:12.229] [Worker-Main-36/WARN] [net.minecraft.client.resources.model.BlockStateModelLoader/]: Exception loading blockstate definition: 'embers:blockstates/dwarven_mithril_crystal_seed.json' missing model for variant: 'embers:dwarven_mithril_crystal_seed#waterlogged=true'
[24Sep2026 21:51:12.229] [Worker-Main-36/WARN] [net.minecraft.client.resources.model.BlockStateModelLoader/]: Exception loading blockstate definition: 'embers:blockstates/dwarven_mithril_crystal_seed.json' missing model for variant: 'embers:dwarven_mithril_crystal_seed#waterlogged=false'
[24Sep2026 21:51:12.285] [Worker-Main-36/WARN] [net.minecraft.client.resources.model.BlockStateModelLoader/]: Exception loading blockstate definition: 'occultism:blockstates/otherglass.json' missing model for variant: 'occultism:otherglass#'
[24Sep2026 21:51:12.584] [Worker-Main-36/WARN] [net.minecraft.client.resources.model.ModelBakery/]: Unable to load model: 'modularui:item/test_item' referenced from: modularui:item/test_item: java.io.FileNotFoundException: modularui:models/item/test_item.json
[24Sep2026 21:51:12.588] [Worker-Main-36/WARN] [net.minecraft.client.resources.model.ModelBakery/]: Unable to load model: 'rocketnautics:item/credits_book' referenced from: rocketnautics:item/credits_book: java.io.FileNotFoundException: rocketnautics:models/item/credits_book.json
[24Sep2026 21:51:12.594] [Worker-Main-36/WARN] [net.minecraft.client.resources.model.ModelBakery/]: Unable to load model: 'occultism:item/ritual_dummy_misc' referenced from: occultism:item/jei_dummy/none: java.io.FileNotFoundException: occultism:models/item/ritual_dummy_misc.json
[24Sep2026 21:51:12.606] [Worker-Main-36/WARN] [net.minecraft.client.resources.model.ModelBakery/]: Unable to load model: 'ars_nouveau:item/planarium_projector' referenced from: ars_nouveau:item/planarium_projector: java.io.FileNotFoundException: ars_nouveau:models/item/planarium_projector.json
[24Sep2026 21:51:16.328] [Worker-Main-36/WARN] [net.minecraft.client.resources.model.ModelManager/]: Missing textures in model kubejs:gt_quantum#inventory:
    minecraft:textures/atlas/blocks.png:minecraft:assets/item/gt_quantum
[24Sep2026 21:51:16.328] [Worker-Main-36/WARN] [net.minecraft.client.resources.model.ModelManager/]: Missing textures in model kubejs:enchanted_fabric#inventory:
    minecraft:textures/atlas/blocks.png:kubejs:item/enchanted_fabric
[24Sep2026 21:51:16.328] [Worker-Main-36/WARN] [net.minecraft.client.resources.model.ModelManager/]: Missing textures in model kubejs:raw_terrasteel_crystal#inventory:
    minecraft:textures/atlas/blocks.png:kubejs:item/raw_terrasteel_crystal
[24Sep2026 21:51:16.328] [Worker-Main-36/WARN] [net.minecraft.client.resources.model.ModelManager/]: Missing textures in model forgeborncore:tiny_elementium_dust#inventory:
    minecraft:textures/atlas/blocks.png:forgeborncore:item/material_sets/elementium/dust_tiny
[24Sep2026 21:51:16.329] [Worker-Main-36/WARN] [net.minecraft.client.resources.model.ModelManager/]: Missing textures in model kubejs:plant_rope#inventory:
    minecraft:textures/atlas/blocks.png:kubejs:item/plant_rope
[24Sep2026 21:51:16.329] [Worker-Main-36/WARN] [net.minecraft.client.resources.model.ModelManager/]: Missing textures in model kubejs:cursed_cloth#inventory:
    minecraft:textures/atlas/blocks.png:kubejs:item/cursed_cloth
[24Sep2026 21:51:16.329] [Worker-Main-36/WARN] [net.minecraft.client.resources.model.ModelManager/]: Missing textures in model forgeborncore:elementium_dust#inventory:
    minecraft:textures/atlas/blocks.png:forgeborncore:item/material_sets/elementium/dust
[24Sep2026 21:51:19.449] [Render thread/INFO] [Veil/]: Loaded 0 shader modifications
[24Sep2026 21:51:19.477] [Render thread/INFO] [Veil/]: Loaded 30 shaders from: pinwheel/shaders/program
[24Sep2026 21:51:19.717] [Render thread/ERROR] [net.minecraft.client.sounds.SoundManager/]: Missing subtitle translation{key='subtitles.embers.block.wildfire_stirling.start', args=[]} for sound event: embers:block.wildfire_stirling.start
[24Sep2026 21:51:19.718] [Render thread/ERROR] [net.minecraft.client.sounds.SoundManager/]: Missing subtitle translation{key='subtitles.rocketnautics.rocket_thrust', args=[]} for sound event: rocketnautics:rocket_thrust
[24Sep2026 21:51:19.719] [Render thread/ERROR] [net.minecraft.client.sounds.SoundManager/]: Missing subtitle translation{key='subtitles.embers.block.wildfire_stirling.stop', args=[]} for sound event: embers:block.wildfire_stirling.stop
[24Sep2026 21:51:19.721] [Render thread/WARN] [net.minecraft.client.sounds.SoundEngine/]: Missing sound for event: minecraft:item.goat_horn.play
[24Sep2026 21:51:19.721] [Render thread/WARN] [net.minecraft.client.sounds.SoundEngine/]: Missing sound for event: minecraft:entity.goat.screaming.horn_break
[24Sep2026 21:51:19.793] [Render thread/INFO] [com.mojang.blaze3d.audio.Library/]: OpenAL initialized on device Ryzen HD Audio Controller Analog Stereo
[24Sep2026 21:51:19.795] [Render thread/INFO] [net.minecraft.client.sounds.SoundEngine/SOUNDS]: Sound engine started
[24Sep2026 21:51:21.481] [Render thread/INFO] [net.minecraft.client.renderer.texture.TextureAtlas/]: Created: 4096x2048x4 minecraft:textures/atlas/blocks.png-atlas
[24Sep2026 21:51:21.577] [Render thread/INFO] [xaero.hud.minimap.MinimapLogs/]: Radar icon manager reset!
[24Sep2026 21:51:22.006] [Render thread/INFO] [net.minecraft.client.renderer.texture.TextureAtlas/]: Created: 512x512x4 minecraft:textures/atlas/signs.png-atlas
[24Sep2026 21:51:22.007] [Render thread/INFO] [net.minecraft.client.renderer.texture.TextureAtlas/]: Created: 512x512x4 minecraft:textures/atlas/shield_patterns.png-atlas
[24Sep2026 21:51:22.007] [Render thread/INFO] [net.minecraft.client.renderer.texture.TextureAtlas/]: Created: 1024x512x4 minecraft:textures/atlas/banner_patterns.png-atlas
[24Sep2026 21:51:22.008] [Render thread/INFO] [net.minecraft.client.renderer.texture.TextureAtlas/]: Created: 2048x2048x4 minecraft:textures/atlas/armor_trims.png-atlas
[24Sep2026 21:51:22.018] [Render thread/INFO] [net.minecraft.client.renderer.texture.TextureAtlas/]: Created: 128x64x4 minecraft:textures/atlas/decorated_pot.png-atlas
[24Sep2026 21:51:22.018] [Render thread/INFO] [net.minecraft.client.renderer.texture.TextureAtlas/]: Created: 256x256x4 minecraft:textures/atlas/chest.png-atlas
[24Sep2026 21:51:22.019] [Render thread/INFO] [net.minecraft.client.renderer.texture.TextureAtlas/]: Created: 512x256x4 minecraft:textures/atlas/beds.png-atlas
[24Sep2026 21:51:22.019] [Render thread/INFO] [net.minecraft.client.renderer.texture.TextureAtlas/]: Created: 512x256x4 minecraft:textures/atlas/shulker_boxes.png-atlas
[24Sep2026 21:51:22.021] [Render thread/INFO] [xaero.hud.minimap.MinimapLogs/]: Reloading radar icon resources...
[24Sep2026 21:51:22.026] [Render thread/INFO] [xaero.hud.minimap.MinimapLogs/]: Reloaded radar icon resources!
[24Sep2026 21:51:22.089] [Render thread/INFO] [net.minecraft.client.renderer.texture.TextureAtlas/]: Created: 1024x512x0 minecraft:textures/atlas/particles.png-atlas
[24Sep2026 21:51:22.092] [Render thread/WARN] [net.minecraft.client.particle.ParticleEngine/]: Missing particle sprites: aeronautics:gust_0
[24Sep2026 21:51:22.092] [Render thread/INFO] [net.minecraft.client.renderer.texture.TextureAtlas/]: Created: 512x512x0 minecraft:textures/atlas/paintings.png-atlas
[24Sep2026 21:51:22.093] [Render thread/INFO] [net.minecraft.client.renderer.texture.TextureAtlas/]: Created: 256x256x0 minecraft:textures/atlas/mob_effects.png-atlas
[24Sep2026 21:51:22.094] [Render thread/INFO] [net.minecraft.client.renderer.texture.TextureAtlas/]: Created: 64x64x0 minecraft:textures/atlas/map_decorations.png-atlas
[24Sep2026 21:51:22.094] [Render thread/INFO] [net.minecraft.client.renderer.texture.TextureAtlas/]: Created: 8192x8192x0 minecraft:textures/atlas/gui.png-atlas
[24Sep2026 21:51:23.934] [Render thread/WARN] [net.minecraft.client.renderer.ShaderInstance/]: Shader rendertype_entity_translucent_emissive could not find sampler named Sampler2 in the specified shader program.
[24Sep2026 21:51:23.988] [Render thread/WARN] [net.minecraft.client.renderer.ShaderInstance/]: Shader botania:pylon could not find uniform named IViewRotMat in the specified shader program.
[24Sep2026 21:51:23.990] [Render thread/WARN] [net.minecraft.client.renderer.ShaderInstance/]: Shader botania:film_grain_particle could not find sampler named Sampler2 in the specified shader program.
[24Sep2026 21:51:23.993] [Render thread/WARN] [net.minecraft.client.renderer.ShaderInstance/]: Shader ars_nouveau:rainbow_entity could not find uniform named IViewRotMat in the specified shader program.
[24Sep2026 21:51:23.994] [Render thread/WARN] [net.minecraft.client.renderer.ShaderInstance/]: Shader ars_nouveau:blamed_entity could not find uniform named IViewRotMat in the specified shader program.
[24Sep2026 21:51:23.998] [Render thread/WARN] [net.minecraft.client.renderer.ShaderInstance/]: Shader embers:rendertype_entity_solid_mithril could not find uniform named IViewRotMat in the specified shader program.
[24Sep2026 21:51:23.998] [Render thread/WARN] [net.minecraft.client.renderer.ShaderInstance/]: Shader embers:rendertype_entity_solid_mithril could not find uniform named PlayerPos in the specified shader program.
[24Sep2026 21:51:23.998] [Render thread/INFO] [team.lodestar.lodestone.LodestoneLib/]: Registering shaders for mod: lodestone
[24Sep2026 21:51:24.014] [Render thread/WARN] [net.minecraft.client.renderer.ShaderInstance/]: Shader lodestone:shapes/scrolling_texture could not find uniform named GameTime in the specified shader program.
[24Sep2026 21:51:24.014] [Render thread/WARN] [net.minecraft.client.renderer.ShaderInstance/]: Shader lodestone:shapes/scrolling_texture could not find uniform named Speed in the specified shader program.
[24Sep2026 21:51:24.014] [Render thread/WARN] [team.lodestar.lodestone.LodestoneLib/]: Shader json lodestone:shapes/scrolling_texture has a uniform Speed that is not present in the shader instance uniform map. This may cause issues.
[24Sep2026 21:51:24.015] [Render thread/WARN] [net.minecraft.client.renderer.ShaderInstance/]: Shader lodestone:shapes/scrolling_triangle_texture could not find uniform named GameTime in the specified shader program.
[24Sep2026 21:51:24.015] [Render thread/WARN] [net.minecraft.client.renderer.ShaderInstance/]: Shader lodestone:shapes/scrolling_triangle_texture could not find uniform named Speed in the specified shader program.
[24Sep2026 21:51:24.015] [Render thread/WARN] [team.lodestar.lodestone.LodestoneLib/]: Shader json lodestone:shapes/scrolling_triangle_texture has a uniform Speed that is not present in the shader instance uniform map. This may cause issues.
[24Sep2026 21:51:24.015] [Render thread/INFO] [team.lodestar.lodestone.LodestoneLib/]: Loaded geometry program: lodestone:nineslice/nine_slice
[24Sep2026 21:51:24.018] [Render thread/INFO] [team.lodestar.lodestone.LodestoneLib/]: Loaded geometry program: lodestone:nineslice/distorted/distorted_nine_slice_texture
[24Sep2026 21:51:24.022] [Render thread/INFO] [team.lodestar.lodestone.LodestoneLib/]: Registering shaders for mod: malum
[24Sep2026 21:51:24.030] [Render thread/INFO] [team.lodestar.lodestone.LodestoneLib/]: Closed geometry program: lodestone:nineslice/distorted/distorted_nine_slice_texture
[24Sep2026 21:51:24.031] [Render thread/INFO] [team.lodestar.lodestone.LodestoneLib/]: Closed geometry program: lodestone:nineslice/nine_slice
[24Sep2026 21:51:24.055] [Render thread/INFO] [net.minecraft.client.renderer.texture.TextureAtlas/]: Created: 256x256x0 jei:textures/atlas/gui.png-atlas
[24Sep2026 21:51:24.062] [Render thread/INFO] [xaero.lib.XaeroLib/]: Successfully reloaded the XaeroLib shaders!
[24Sep2026 21:51:24.062] [Render thread/INFO] [net.neoforged.neoforge.client.entity.animation.json.AnimationLoader/]: Loaded 0 entity animations
[24Sep2026 21:51:24.062] [Render thread/INFO] [Veil/]: Loaded 3 framebuffers
[24Sep2026 21:51:24.064] [Render thread/INFO] [Veil/]: Loaded 7 post pipelines
[24Sep2026 21:51:24.064] [Render thread/INFO] [Veil/]: Loaded 4 render types
[24Sep2026 21:51:24.065] [Render thread/INFO] [Veil/]: Loaded 0 quasar particles
[24Sep2026 21:51:24.065] [Render thread/INFO] [Veil/]: Loaded 0 templates
[24Sep2026 21:51:24.065] [Render thread/INFO] [Veil/]: Loaded 0 modules
[24Sep2026 21:51:24.065] [Render thread/INFO] [guideme.internal.GuideReloadListener/]: Data driven guides: []
[24Sep2026 21:51:24.071] [Render thread/INFO] [net.minecraft.client.renderer.texture.TextureAtlas/]: Created: 16x16x0 gtceu:textures/atlas/gui.png-atlas
[24Sep2026 21:51:24.091] [Render thread/INFO] [flywheel/backend/shaders/]: Loaded 79 shader sources in 19.895 ms
[24Sep2026 21:51:24.094] [Render thread/INFO] [com.simibubi.create.Create/]: Loaded 58 train hat configurations.
[24Sep2026 21:51:24.096] [Render thread/INFO] [patchouli/]: BookContentResourceListenerLoader preloaded 555 jsons
[24Sep2026 21:51:24.096] [Render thread/INFO] [patchouli/]: Reloading resource pack-based books
[24Sep2026 21:51:24.096] [Render thread/INFO] [patchouli/]: BookContentResourceListenerLoader: Files found in 416.3 μs
[24Sep2026 21:51:24.097] [Render thread/INFO] [patchouli/]: BookContentResourceListenerLoader: Files found in 401.5 μs
[24Sep2026 21:51:24.114] [Render thread/INFO] [patchouli/]: BookContentResourceListenerLoader: Files found in 340.9 μs
[24Sep2026 21:51:24.188] [Render thread/WARN] [botania/]: Template references nonexistent recipe botania:mana_infusion/slime_to_cactus of type mana_infusion
[24Sep2026 21:51:24.188] [Render thread/WARN] [botania/]: Template references nonexistent recipe botania:mana_infusion/cactus_to_slime of type mana_infusion
[24Sep2026 21:51:24.215] [Render thread/WARN] [patchouli/]: Recipe gardenofglass:root_to_sapling (of type minecraft:crafting) not found
[24Sep2026 21:51:24.215] [Render thread/WARN] [patchouli/]: Recipe gardenofglass:root_to_fertilizer (of type minecraft:crafting) not found
[24Sep2026 21:51:24.215] [Render thread/WARN] [patchouli/]: Recipe gardenofglass:pebble_to_cobblestone (of type minecraft:crafting) not found
[24Sep2026 21:51:24.215] [Render thread/WARN] [botania/]: Template references nonexistent recipe gardenofglass:mana_infusion/sugar_cane of type mana_infusion
[24Sep2026 21:51:24.215] [Render thread/WARN] [patchouli/]: Recipe gardenofglass:magma_cream_to_slime_ball (of type minecraft:crafting) not found
[24Sep2026 21:51:24.215] [Render thread/WARN] [botania/]: Template references nonexistent recipe gardenofglass:mana_infusion/prismarine_shard of type mana_infusion
[24Sep2026 21:51:24.215] [Render thread/WARN] [botania/]: Template references nonexistent recipe gardenofglass:mana_infusion/prismarine_crystals of type mana_infusion
[24Sep2026 21:51:24.216] [Render thread/WARN] [patchouli/]: Recipe gardenofglass:end_portal_frame (of type minecraft:crafting) not found
[24Sep2026 21:51:24.216] [Render thread/WARN] [botania/]: Template references nonexistent recipe gardenofglass:mana_infusion/heart_of_the_sea of type mana_infusion
[24Sep2026 21:51:24.384] [Render thread/INFO] [patchouli/]: BookContentResourceListenerLoader: Files found in 487.5 μs
[24Sep2026 21:51:24.384] [Render thread/INFO] [patchouli/]: BookContentResourceListenerLoader: Files found in 523.5 μs
[24Sep2026 21:51:24.389] [Render thread/INFO] [patchouli/]: BookContentResourceListenerLoader: Files found in 468.6 μs
[24Sep2026 21:51:24.485] [Render thread/INFO] [net.minecraft.client.renderer.texture.TextureAtlas/]: Created: 16x16x0 modularui:textures/atlas/gui.png-atlas
[24Sep2026 21:51:24.509] [Render thread/INFO] [ChunkBuilder/]: Stopping worker threads
[24Sep2026 21:51:24.558] [Render thread/INFO] [ChunkBuilder/]: Started 10 worker threads
[24Sep2026 21:51:24.573] [pool-43-thread-1/INFO] [EMI/]: [EMI] Starting Reload
[24Sep2026 21:51:24.575] [Thread-94/INFO] [EMI/]: [EMI] Starting EMI reload...
[24Sep2026 21:51:24.576] [Thread-94/INFO] [EMI/]: [EMI] Clearing data
[24Sep2026 21:51:24.602] [Thread-94/INFO] [EMI/]: [EMI] Initializing plugin from emi
[24Sep2026 21:51:24.602] [Thread-94/INFO] [EMI/]: [EMI] Initialized plugin from emi in 0ms
[24Sep2026 21:51:24.602] [Thread-94/INFO] [EMI/]: [EMI] Initializing plugin from ldlib
[24Sep2026 21:51:24.602] [Thread-94/INFO] [EMI/]: [EMI] Initialized plugin from ldlib in 0ms
[24Sep2026 21:51:24.602] [Thread-94/INFO] [EMI/]: [EMI] Initializing plugin from kubejs
[24Sep2026 21:51:24.603] [Thread-94/INFO] [EMI/]: [EMI] Initialized plugin from kubejs in 0ms
[24Sep2026 21:51:24.603] [Thread-94/INFO] [EMI/]: [EMI] Initializing plugin from gtceu
[24Sep2026 21:51:24.603] [Thread-94/INFO] [EMI/]: [EMI] Initialized plugin from gtceu in 0ms
[24Sep2026 21:51:24.603] [Thread-94/INFO] [EMI/]: [EMI] Initializing plugin from ae2
[24Sep2026 21:51:24.603] [Thread-94/INFO] [EMI/]: [EMI] Initialized plugin from ae2 in 0ms
[24Sep2026 21:51:24.603] [Thread-94/INFO] [EMI/]: [EMI] Initializing plugin from ae2wtlib
[24Sep2026 21:51:24.603] [Thread-94/INFO] [EMI/]: [EMI] Initialized plugin from ae2wtlib in 0ms
[24Sep2026 21:51:24.603] [Thread-94/INFO] [EMI/]: [EMI] Initializing plugin from botania
[24Sep2026 21:51:24.603] [Thread-94/INFO] [EMI/]: [EMI] Initialized plugin from botania in 0ms
[24Sep2026 21:51:24.604] [Thread-94/INFO] [EMI/]: [EMI] Initializing plugin from curios
[24Sep2026 21:51:24.604] [Thread-94/INFO] [EMI/]: [EMI] Initialized plugin from curios in 0ms
[24Sep2026 21:51:24.604] [Thread-94/INFO] [EMI/]: [EMI] Initializing plugin from ars_nouveau
[24Sep2026 21:51:24.604] [Thread-94/INFO] [EMI/]: [EMI] Initialized plugin from ars_nouveau in 0ms
[24Sep2026 21:51:24.604] [Thread-94/INFO] [EMI/]: [EMI] Initializing plugin from modularui
[24Sep2026 21:51:24.604] [Thread-94/INFO] [EMI/]: [EMI] Initialized plugin from modularui in 0ms
[24Sep2026 21:51:24.604] [Thread-94/INFO] [EMI/]: [EMI] Initializing plugin from ftblibrary
[24Sep2026 21:51:24.604] [Thread-94/INFO] [EMI/]: [EMI] Initialized plugin from ftblibrary in 0ms
[24Sep2026 21:51:24.604] [Thread-94/INFO] [EMI/]: [EMI] Initializing plugin from occultism
[24Sep2026 21:51:24.604] [Thread-94/INFO] [EMI/]: [EMI] Initialized plugin from occultism in 0ms
[24Sep2026 21:51:24.604] [Thread-94/INFO] [EMI/]: [EMI] Initializing plugin from undergarden
[24Sep2026 21:51:24.604] [Thread-94/INFO] [EMI/]: [EMI] Initialized plugin from undergarden in 0ms
[24Sep2026 21:51:24.604] [Thread-94/INFO] [EMI/]: [EMI] Initializing plugin from jemi
[24Sep2026 21:51:24.604] [Thread-94/INFO] [EMI/]: [EMI] Initialized plugin from jemi in 0ms
[24Sep2026 21:51:24.604] [Thread-94/INFO] [EMI/]: [EMI] Processing tags
[24Sep2026 21:51:24.782] [Thread-94/INFO] [EMI/]: [EMI] Constructing index
[24Sep2026 21:51:24.814] [Thread-94/INFO] [EMI/]: [EMI] Reloading item groups on client thread...
[24Sep2026 21:51:25.216] [Thread-94/INFO] [EMI/]: [EMI] Reloading item groups on client thread took 402ms
[24Sep2026 21:51:25.391] [Thread-94/INFO] [EMI/]: [EMI] Loading plugin from emi
[24Sep2026 21:51:28.147] [Thread-94/INFO] [EMI/]: [EMI] Reloaded plugin from emi in 2756ms
[24Sep2026 21:51:28.147] [Thread-94/INFO] [EMI/]: [EMI] Loading plugin from ldlib
[24Sep2026 21:51:28.148] [Thread-94/INFO] [EMI/]: [EMI] Reloaded plugin from ldlib in 1ms
[24Sep2026 21:51:28.148] [Thread-94/INFO] [EMI/]: [EMI] Loading plugin from kubejs
[24Sep2026 21:51:28.148] [Thread-94/INFO] [EMI/]: [EMI] Reloaded plugin from kubejs in 0ms
[24Sep2026 21:51:28.148] [Thread-94/INFO] [EMI/]: [EMI] Loading plugin from gtceu
[24Sep2026 21:51:28.434] [Thread-94/INFO] [EMI/]: [EMI] Reloaded plugin from gtceu in 286ms
[24Sep2026 21:51:28.435] [Thread-94/INFO] [EMI/]: [EMI] Loading plugin from ae2
[24Sep2026 21:51:28.441] [Thread-94/INFO] [EMI/]: [EMI] Reloaded plugin from ae2 in 6ms
[24Sep2026 21:51:28.441] [Thread-94/INFO] [EMI/]: [EMI] Loading plugin from ae2wtlib
[24Sep2026 21:51:28.441] [Thread-94/INFO] [EMI/]: [EMI] Reloaded plugin from ae2wtlib in 0ms
[24Sep2026 21:51:28.441] [Thread-94/INFO] [EMI/]: [EMI] Loading plugin from botania
[24Sep2026 21:51:28.445] [Thread-94/INFO] [EMI/]: [EMI] Reloaded plugin from botania in 4ms
[24Sep2026 21:51:28.445] [Thread-94/INFO] [EMI/]: [EMI] Loading plugin from curios
[24Sep2026 21:51:28.445] [Thread-94/INFO] [EMI/]: [EMI] Reloaded plugin from curios in 0ms
[24Sep2026 21:51:28.445] [Thread-94/INFO] [EMI/]: [EMI] Loading plugin from ars_nouveau
[24Sep2026 21:51:30.092] [Thread-94/INFO] [EMI/]: [EMI] Reloaded plugin from ars_nouveau in 1647ms
[24Sep2026 21:51:30.092] [Thread-94/INFO] [EMI/]: [EMI] Loading plugin from modularui
[24Sep2026 21:51:30.096] [Thread-94/INFO] [EMI/]: [EMI] Reloaded plugin from modularui in 3ms
[24Sep2026 21:51:30.096] [Thread-94/INFO] [EMI/]: [EMI] Loading plugin from ftblibrary
[24Sep2026 21:51:30.096] [Thread-94/INFO] [EMI/]: [EMI] Reloaded plugin from ftblibrary in 0ms
[24Sep2026 21:51:30.096] [Thread-94/INFO] [EMI/]: [EMI] Loading plugin from occultism
[24Sep2026 21:51:30.106] [Thread-94/INFO] [EMI/]: [EMI] Reloaded plugin from occultism in 10ms
[24Sep2026 21:51:30.106] [Thread-94/INFO] [EMI/]: [EMI] Loading plugin from undergarden
[24Sep2026 21:51:30.106] [Thread-94/INFO] [EMI/]: [EMI] Reloaded plugin from undergarden in 0ms
[24Sep2026 21:51:30.106] [Thread-94/INFO] [EMI/]: [EMI] Loading plugin from jemi
[24Sep2026 21:51:30.106] [Thread-94/INFO] [EMI/]: [EMI] [JEMI] Waiting for JEI to finish reloading...
[24Sep2026 21:51:30.106] [Thread-94/INFO] [EMI/]: [EMI] Waiting for JEI to finish...
[24Sep2026 21:51:30.106] [Thread-94/INFO] [EMI/]: [EMI] [JEMI] JEI reloaded!
[24Sep2026 21:51:30.112] [Thread-94/INFO] [EMI/]: [EMI] Loading information from JEI...
[24Sep2026 21:51:30.112] [Thread-94/INFO] [EMI/]: [EMI] Processing JEI stacks...
[24Sep2026 21:51:30.112] [Thread-94/INFO] [EMI/]: [EMI] Processing JEI subtypes...
[24Sep2026 21:51:30.120] [Thread-94/INFO] [EMI/]: [EMI] Processing JEI recipes...
[24Sep2026 21:51:30.121] [Thread-94/INFO] [EMI/]: [EMI] [JEMI] Collecting data for Crafting
[24Sep2026 21:51:30.121] [Thread-94/INFO] [EMI/]: [EMI] Loading JEI data for Crafting
[24Sep2026 21:51:30.124] [Thread-94/INFO] [EMI/]: [EMI] [JEMI] Collecting data for Anvil
[24Sep2026 21:51:30.124] [Thread-94/INFO] [EMI/]: [EMI] Loading JEI data for Anvil
[24Sep2026 21:51:30.124] [Thread-94/INFO] [EMI/]: [EMI] [JEMI] Collecting data for Blasting
[24Sep2026 21:51:30.124] [Thread-94/INFO] [EMI/]: [EMI] Loading JEI data for Blasting
[24Sep2026 21:51:30.124] [Thread-94/INFO] [EMI/]: [EMI] [JEMI] Collecting data for Brewing
[24Sep2026 21:51:30.124] [Thread-94/INFO] [EMI/]: [EMI] Loading JEI data for Brewing
[24Sep2026 21:51:30.124] [Thread-94/INFO] [EMI/]: [EMI] [JEMI] Collecting data for Campfire Cooking
[24Sep2026 21:51:30.124] [Thread-94/INFO] [EMI/]: [EMI] Loading JEI data for Campfire Cooking
[24Sep2026 21:51:30.124] [Thread-94/INFO] [EMI/]: [EMI] [JEMI] Collecting data for Composting
[24Sep2026 21:51:30.124] [Thread-94/INFO] [EMI/]: [EMI] Loading JEI data for Composting
[24Sep2026 21:51:30.124] [Thread-94/INFO] [EMI/]: [EMI] [JEMI] Collecting data for Fuel
[24Sep2026 21:51:30.124] [Thread-94/INFO] [EMI/]: [EMI] Loading JEI data for Fuel
[24Sep2026 21:51:30.124] [Thread-94/INFO] [EMI/]: [EMI] [JEMI] Collecting data for Grindstone
[24Sep2026 21:51:30.124] [Thread-94/INFO] [EMI/]: [EMI] Loading JEI data for Grindstone
[24Sep2026 21:51:30.124] [Thread-94/INFO] [EMI/]: [EMI] [JEMI] Collecting data for Smelting
[24Sep2026 21:51:30.124] [Thread-94/INFO] [EMI/]: [EMI] Loading JEI data for Smelting
[24Sep2026 21:51:30.124] [Thread-94/INFO] [EMI/]: [EMI] [JEMI] Collecting data for Smithing Table
[24Sep2026 21:51:30.124] [Thread-94/INFO] [EMI/]: [EMI] Loading JEI data for Smithing Table
[24Sep2026 21:51:30.124] [Thread-94/INFO] [EMI/]: [EMI] [JEMI] Collecting data for Smoking
[24Sep2026 21:51:30.125] [Thread-94/INFO] [EMI/]: [EMI] Loading JEI data for Smoking
[24Sep2026 21:51:30.125] [Thread-94/INFO] [EMI/]: [EMI] [JEMI] Collecting data for Stonecutting
[24Sep2026 21:51:30.125] [Thread-94/INFO] [EMI/]: [EMI] Loading JEI data for Stonecutting
[24Sep2026 21:51:30.125] [Thread-94/INFO] [EMI/]: [EMI] [JEMI] Collecting data for Automated Brewing
[24Sep2026 21:51:30.125] [Thread-94/INFO] [EMI/]: [EMI] Loading JEI data for Automated Brewing
[24Sep2026 21:51:30.143] [Thread-94/INFO] [EMI/]: [EMI] [JEMI] Collecting data for Automated Packing
[24Sep2026 21:51:30.143] [Thread-94/INFO] [EMI/]: [EMI] Loading JEI data for Automated Packing
[24Sep2026 21:51:30.153] [Thread-94/INFO] [EMI/]: [EMI] [JEMI] Collecting data for Automated Shaped Crafting
[24Sep2026 21:51:30.153] [Thread-94/INFO] [EMI/]: [EMI] Loading JEI data for Automated Shaped Crafting
[24Sep2026 21:51:30.317] [Thread-94/INFO] [EMI/]: [EMI] [JEMI] Collecting data for Automated Shapeless Crafting
[24Sep2026 21:51:30.317] [Thread-94/INFO] [EMI/]: [EMI] Loading JEI data for Automated Shapeless Crafting
[24Sep2026 21:51:30.331] [Thread-94/INFO] [EMI/]: [EMI] [JEMI] Collecting data for Block Cutting
[24Sep2026 21:51:30.331] [Thread-94/INFO] [EMI/]: [EMI] Loading JEI data for Block Cutting
[24Sep2026 21:51:30.335] [Thread-94/INFO] [EMI/]: [EMI] [JEMI] Collecting data for Crushing
[24Sep2026 21:51:30.336] [Thread-94/INFO] [EMI/]: [EMI] Loading JEI data for Crushing
[24Sep2026 21:51:30.337] [Thread-94/INFO] [EMI/]: [EMI] [JEMI] Collecting data for Deploying
[24Sep2026 21:51:30.337] [Thread-94/INFO] [EMI/]: [EMI] Loading JEI data for Deploying
[24Sep2026 21:51:30.341] [Thread-94/INFO] [EMI/]: [EMI] [JEMI] Collecting data for Item Draining
[24Sep2026 21:51:30.341] [Thread-94/INFO] [EMI/]: [EMI] Loading JEI data for Item Draining
[24Sep2026 21:51:30.344] [Thread-94/INFO] [EMI/]: [EMI] [JEMI] Collecting data for Bulk Blasting
[24Sep2026 21:51:30.344] [Thread-94/INFO] [EMI/]: [EMI] Loading JEI data for Bulk Blasting
[24Sep2026 21:51:30.346] [Thread-94/INFO] [EMI/]: [EMI] [JEMI] Collecting data for Bulk Haunting
[24Sep2026 21:51:30.347] [Thread-94/INFO] [EMI/]: [EMI] Loading JEI data for Bulk Haunting
[24Sep2026 21:51:30.347] [Thread-94/INFO] [EMI/]: [EMI] [JEMI] Collecting data for Bulk Smoking
[24Sep2026 21:51:30.347] [Thread-94/INFO] [EMI/]: [EMI] Loading JEI data for Bulk Smoking
[24Sep2026 21:51:30.347] [Thread-94/INFO] [EMI/]: [EMI] [JEMI] Collecting data for Bulk Washing
[24Sep2026 21:51:30.347] [Thread-94/INFO] [EMI/]: [EMI] Loading JEI data for Bulk Washing
[24Sep2026 21:51:30.347] [Thread-94/INFO] [EMI/]: [EMI] [JEMI] Collecting data for Manual Item Application
[24Sep2026 21:51:30.348] [Thread-94/INFO] [EMI/]: [EMI] Loading JEI data for Manual Item Application
[24Sep2026 21:51:30.348] [Thread-94/INFO] [EMI/]: [EMI] [JEMI] Collecting data for Mechanical Crafting
[24Sep2026 21:51:30.348] [Thread-94/INFO] [EMI/]: [EMI] Loading JEI data for Mechanical Crafting
[24Sep2026 21:51:30.348] [Thread-94/INFO] [EMI/]: [EMI] [JEMI] Collecting data for Milling
[24Sep2026 21:51:30.348] [Thread-94/INFO] [EMI/]: [EMI] Loading JEI data for Milling
[24Sep2026 21:51:30.349] [Thread-94/INFO] [EMI/]: [EMI] [JEMI] Collecting data for Mixing
[24Sep2026 21:51:30.349] [Thread-94/INFO] [EMI/]: [EMI] Loading JEI data for Mixing
[24Sep2026 21:51:30.349] [Thread-94/INFO] [EMI/]: [EMI] [JEMI] Collecting data for Mysterious Conversion
[24Sep2026 21:51:30.350] [Thread-94/INFO] [EMI/]: [EMI] Loading JEI data for Mysterious Conversion
[24Sep2026 21:51:30.350] [Thread-94/INFO] [EMI/]: [EMI] [JEMI] Collecting data for Compacting
[24Sep2026 21:51:30.350] [Thread-94/INFO] [EMI/]: [EMI] Loading JEI data for Compacting
[24Sep2026 21:51:30.350] [Thread-94/INFO] [EMI/]: [EMI] [JEMI] Collecting data for Pressing
[24Sep2026 21:51:30.350] [Thread-94/INFO] [EMI/]: [EMI] Loading JEI data for Pressing
[24Sep2026 21:51:30.350] [Thread-94/INFO] [EMI/]: [EMI] [JEMI] Collecting data for Sandpaper Polishing
[24Sep2026 21:51:30.350] [Thread-94/INFO] [EMI/]: [EMI] Loading JEI data for Sandpaper Polishing
[24Sep2026 21:51:30.350] [Thread-94/INFO] [EMI/]: [EMI] [JEMI] Collecting data for Sawing
[24Sep2026 21:51:30.350] [Thread-94/INFO] [EMI/]: [EMI] Loading JEI data for Sawing
[24Sep2026 21:51:30.351] [Thread-94/INFO] [EMI/]: [EMI] [JEMI] Collecting data for Recipe Sequence
[24Sep2026 21:51:30.351] [Thread-94/INFO] [EMI/]: [EMI] Loading JEI data for Recipe Sequence
[24Sep2026 21:51:30.352] [Thread-94/INFO] [EMI/]: [EMI] [JEMI] Collecting data for Filling by Spout
[24Sep2026 21:51:30.352] [Thread-94/INFO] [EMI/]: [EMI] Loading JEI data for Filling by Spout
[24Sep2026 21:51:30.354] [Thread-94/INFO] [EMI/]: [EMI] [JEMI] Collecting data for Alchemy
[24Sep2026 21:51:30.354] [Thread-94/INFO] [EMI/]: [EMI] Loading JEI data for Alchemy
[24Sep2026 21:51:30.360] [Thread-94/INFO] [EMI/]: [EMI] [JEMI] Collecting data for Boiling
[24Sep2026 21:51:30.360] [Thread-94/INFO] [EMI/]: [EMI] Loading JEI data for Boiling
[24Sep2026 21:51:30.360] [Thread-94/INFO] [EMI/]: [EMI] [JEMI] Collecting data for Boring
[24Sep2026 21:51:30.361] [Thread-94/INFO] [EMI/]: [EMI] Loading JEI data for Boring
[24Sep2026 21:51:30.361] [Thread-94/INFO] [EMI/]: [EMI] [JEMI] Collecting data for Catalysis & Combustion
[24Sep2026 21:51:30.361] [Thread-94/INFO] [EMI/]: [EMI] Loading JEI data for Catalysis & Combustion
[24Sep2026 21:51:30.361] [Thread-94/INFO] [EMI/]: [EMI] [JEMI] Collecting data for Dawnstone Anvil
[24Sep2026 21:51:30.361] [Thread-94/INFO] [EMI/]: [EMI] Loading JEI data for Dawnstone Anvil
[24Sep2026 21:51:30.369] [Thread-94/INFO] [EMI/]: [EMI] [JEMI] Collecting data for Ember Activation
[24Sep2026 21:51:30.369] [Thread-94/INFO] [EMI/]: [EMI] Loading JEI data for Ember Activation
[24Sep2026 21:51:30.370] [Thread-94/INFO] [EMI/]: [EMI] [JEMI] Collecting data for Excavation
[24Sep2026 21:51:30.370] [Thread-94/INFO] [EMI/]: [EMI] Loading JEI data for Excavation
[24Sep2026 21:51:30.370] [Thread-94/INFO] [EMI/]: [EMI] [JEMI] Collecting data for Gaseous Fuel
[24Sep2026 21:51:30.370] [Thread-94/INFO] [EMI/]: [EMI] Loading JEI data for Gaseous Fuel
[24Sep2026 21:51:30.370] [Thread-94/INFO] [EMI/]: [EMI] [JEMI] Collecting data for Melting
[24Sep2026 21:51:30.370] [Thread-94/INFO] [EMI/]: [EMI] Loading JEI data for Melting
[24Sep2026 21:51:30.371] [Thread-94/INFO] [EMI/]: [EMI] [JEMI] Collecting data for Geologic Separator Bonus
[24Sep2026 21:51:30.371] [Thread-94/INFO] [EMI/]: [EMI] Loading JEI data for Geologic Separator Bonus
[24Sep2026 21:51:30.371] [Thread-94/INFO] [EMI/]: [EMI] [JEMI] Collecting data for Production Multiplier
[24Sep2026 21:51:30.371] [Thread-94/INFO] [EMI/]: [EMI] Loading JEI data for Production Multiplier
[24Sep2026 21:51:30.372] [Thread-94/INFO] [EMI/]: [EMI] [JEMI] Collecting data for Mixing
[24Sep2026 21:51:30.372] [Thread-94/INFO] [EMI/]: [EMI] Loading JEI data for Mixing
[24Sep2026 21:51:30.372] [Thread-94/INFO] [EMI/]: [EMI] [JEMI] Collecting data for Stamping
[24Sep2026 21:51:30.372] [Thread-94/INFO] [EMI/]: [EMI] Loading JEI data for Stamping
[24Sep2026 21:51:30.373] [Thread-94/INFO] [EMI/]: [EMI] [JEMI] Collecting data for Information
[24Sep2026 21:51:30.373] [Thread-94/INFO] [EMI/]: [EMI] Loading JEI data for Information
[24Sep2026 21:51:30.375] [Thread-94/INFO] [EMI/]: [EMI] [JEMI] Collecting data for Sewing Table
[24Sep2026 21:51:30.375] [Thread-94/INFO] [EMI/]: [EMI] Loading JEI data for Sewing Table
[24Sep2026 21:51:30.377] [Thread-94/INFO] [EMI/]: [EMI] [JEMI] Collecting data for Runeworking
[24Sep2026 21:51:30.377] [Thread-94/INFO] [EMI/]: [EMI] Loading JEI data for Runeworking
[24Sep2026 21:51:30.377] [Thread-94/INFO] [EMI/]: [EMI] [JEMI] Collecting data for Spirit Focusing
[24Sep2026 21:51:30.377] [Thread-94/INFO] [EMI/]: [EMI] Loading JEI data for Spirit Focusing
[24Sep2026 21:51:30.378] [Thread-94/INFO] [EMI/]: [EMI] [JEMI] Collecting data for Spirit Infusion
[24Sep2026 21:51:30.378] [Thread-94/INFO] [EMI/]: [EMI] Loading JEI data for Spirit Infusion
[24Sep2026 21:51:30.379] [Thread-94/INFO] [EMI/]: [EMI] [JEMI] Collecting data for Spirit Repair
[24Sep2026 21:51:30.379] [Thread-94/INFO] [EMI/]: [EMI] Loading JEI data for Spirit Repair
[24Sep2026 21:51:30.381] [Thread-94/INFO] [EMI/]: [EMI] [JEMI] Collecting data for The Unchained Rite
[24Sep2026 21:51:30.381] [Thread-94/INFO] [EMI/]: [EMI] Loading JEI data for The Unchained Rite
[24Sep2026 21:51:30.382] [Thread-94/INFO] [EMI/]: [EMI] [JEMI] Collecting data for The Weeping Well
[24Sep2026 21:51:30.382] [Thread-94/INFO] [EMI/]: [EMI] Loading JEI data for The Weeping Well
[24Sep2026 21:51:30.382] [Thread-94/INFO] [EMI/]: [EMI] [JEMI] Collecting data for Cooking
[24Sep2026 21:51:30.382] [Thread-94/INFO] [EMI/]: [EMI] Loading JEI data for Cooking
[24Sep2026 21:51:30.383] [Thread-94/INFO] [EMI/]: [EMI] [JEMI] Collecting data for Cutting Board
[24Sep2026 21:51:30.383] [Thread-94/INFO] [EMI/]: [EMI] Loading JEI data for Cutting Board
[24Sep2026 21:51:30.386] [Thread-94/INFO] [EMI/]: [EMI] [JEMI] Collecting data for Decomposition
[24Sep2026 21:51:30.386] [Thread-94/INFO] [EMI/]: [EMI] Loading JEI data for Decomposition
[24Sep2026 21:51:30.387] [Thread-94/INFO] [EMI/]: [EMI] Reloaded plugin from jemi in 281ms
[24Sep2026 21:51:30.387] [Thread-94/INFO] [EMI/]: [EMI] Baking index
[24Sep2026 21:51:30.523] [Thread-94/INFO] [EMI/]: [EMI] Registering late recipes
[24Sep2026 21:51:30.539] [Thread-94/INFO] [EMI/]: [EMI] Baking recipes
[24Sep2026 21:51:30.979] [Thread-94/ERROR] [EMI/]: [EMI] Untranslated recipe category ldlib:modular_ui
[24Sep2026 21:51:30.980] [Thread-94/ERROR] [EMI/]: [EMI] Untranslated recipe category modularui:machine
[24Sep2026 21:51:31.427] [Thread-94/INFO] [EMI/]: [EMI] Baked 87519 recipes in 888ms
[24Sep2026 21:51:31.441] [Thread-94/INFO] [EMI/]: [EMI] Baking search
[24Sep2026 21:51:31.638] [Thread-95/ERROR] [EMI/]: [EMI] Untranslated recipe category ldlib:modular_ui
[24Sep2026 21:51:31.640] [Thread-95/ERROR] [EMI/]: [EMI] Untranslated recipe category modularui:machine
[24Sep2026 21:51:32.249] [Thread-95/INFO] [EMI/]: [EMI] Baked recipes after reload in 821ms
[24Sep2026 21:51:33.733] [Thread-94/INFO] [EMI/]: [EMI] Finishing up
[24Sep2026 21:51:33.735] [Thread-94/INFO] [EMI/]: [EMI] Reloaded EMI in 9158ms
[24Sep2026 21:52:07.198] [Render thread/WARN] [Sodium-VertexConsumerTracker/]: Class com.mojang.blaze3d.vertex.VertexMultiConsumer$Double does not support optimized vertex writing code paths, which may cause reduced rendering performance
[24Sep2026 21:52:18.933] [Render thread/INFO] [xaero.map.WorldMap/]: Exception when loading gtceu:raw_oil texture, using material colour.
[24Sep2026 21:52:18.934] [Render thread/INFO] [xaero.map.WorldMap/]: Black texture 16
[24Sep2026 21:53:05.506] [Server thread/INFO] [EMI/]: [EMI] literal{Dev} cheated in 1 gtceu:naquadah_alloy_sword
[24Sep2026 21:53:13.896] [Server thread/INFO] [net.minecraft.client.server.IntegratedServer/]: Saving and pausing game...
[24Sep2026 21:53:13.930] [Server thread/INFO] [net.minecraft.server.MinecraftServer/]: Saving chunks for level 'ServerLevel[DevEnviromentWorld]'/minecraft:overworld
[24Sep2026 21:53:13.930] [Server thread/INFO] [dev.ryanhcode.sable.Sable/]: Saving sub-levels for level 'ServerLevel[DevEnviromentWorld]'/minecraft:overworld
[24Sep2026 21:53:13.958] [Server thread/INFO] [net.minecraft.server.MinecraftServer/]: Saving chunks for level 'ServerLevel[DevEnviromentWorld]'/rocketnautics:deep_space
[24Sep2026 21:53:13.958] [Server thread/INFO] [dev.ryanhcode.sable.Sable/]: Saving sub-levels for level 'ServerLevel[DevEnviromentWorld]'/rocketnautics:deep_space
[24Sep2026 21:53:13.959] [Server thread/INFO] [net.minecraft.server.MinecraftServer/]: Saving chunks for level 'ServerLevel[DevEnviromentWorld]'/rocketnautics:moon
[24Sep2026 21:53:13.959] [Server thread/INFO] [dev.ryanhcode.sable.Sable/]: Saving sub-levels for level 'ServerLevel[DevEnviromentWorld]'/rocketnautics:moon
[24Sep2026 21:53:13.959] [Server thread/INFO] [net.minecraft.server.MinecraftServer/]: Saving chunks for level 'ServerLevel[DevEnviromentWorld]'/undergarden:undergarden
[24Sep2026 21:53:13.959] [Server thread/INFO] [dev.ryanhcode.sable.Sable/]: Saving sub-levels for level 'ServerLevel[DevEnviromentWorld]'/undergarden:undergarden
[24Sep2026 21:53:13.959] [Server thread/INFO] [net.minecraft.server.MinecraftServer/]: Saving chunks for level 'ServerLevel[DevEnviromentWorld]'/minecraft:the_nether
[24Sep2026 21:53:13.959] [Server thread/INFO] [dev.ryanhcode.sable.Sable/]: Saving sub-levels for level 'ServerLevel[DevEnviromentWorld]'/minecraft:the_nether
[24Sep2026 21:53:13.959] [Server thread/INFO] [net.minecraft.server.MinecraftServer/]: Saving chunks for level 'ServerLevel[DevEnviromentWorld]'/the_afterdark:afterdark
[24Sep2026 21:53:13.960] [Server thread/INFO] [dev.ryanhcode.sable.Sable/]: Saving sub-levels for level 'ServerLevel[DevEnviromentWorld]'/the_afterdark:afterdark
[24Sep2026 21:53:13.960] [Server thread/INFO] [net.minecraft.server.MinecraftServer/]: Saving chunks for level 'ServerLevel[DevEnviromentWorld]'/minecraft:the_end
[24Sep2026 21:53:13.960] [Server thread/INFO] [dev.ryanhcode.sable.Sable/]: Saving sub-levels for level 'ServerLevel[DevEnviromentWorld]'/minecraft:the_end
[24Sep2026 21:53:13.960] [Server thread/INFO] [net.minecraft.server.MinecraftServer/]: Saving chunks for level 'ServerLevel[DevEnviromentWorld]'/ae2:spatial_storage
[24Sep2026 21:53:13.960] [Server thread/INFO] [dev.ryanhcode.sable.Sable/]: Saving sub-levels for level 'ServerLevel[DevEnviromentWorld]'/ae2:spatial_storage
[24Sep2026 21:54:05.713] [Server thread/INFO] [EMI/]: [EMI] literal{Dev} cheated in 1 gtceu:lv_autoclave
[24Sep2026 21:54:26.196] [Server thread/INFO] [net.minecraft.client.server.IntegratedServer/]: Saving and pausing game...
[24Sep2026 21:54:26.216] [Server thread/INFO] [net.minecraft.server.MinecraftServer/]: Saving chunks for level 'ServerLevel[DevEnviromentWorld]'/minecraft:overworld
[24Sep2026 21:54:26.216] [Server thread/INFO] [dev.ryanhcode.sable.Sable/]: Saving sub-levels for level 'ServerLevel[DevEnviromentWorld]'/minecraft:overworld
[24Sep2026 21:54:26.233] [Server thread/INFO] [net.minecraft.server.MinecraftServer/]: Saving chunks for level 'ServerLevel[DevEnviromentWorld]'/rocketnautics:deep_space
[24Sep2026 21:54:26.233] [Server thread/INFO] [dev.ryanhcode.sable.Sable/]: Saving sub-levels for level 'ServerLevel[DevEnviromentWorld]'/rocketnautics:deep_space
[24Sep2026 21:54:26.233] [Server thread/INFO] [net.minecraft.server.MinecraftServer/]: Saving chunks for level 'ServerLevel[DevEnviromentWorld]'/rocketnautics:moon
[24Sep2026 21:54:26.233] [Server thread/INFO] [dev.ryanhcode.sable.Sable/]: Saving sub-levels for level 'ServerLevel[DevEnviromentWorld]'/rocketnautics:moon
[24Sep2026 21:54:26.234] [Server thread/INFO] [net.minecraft.server.MinecraftServer/]: Saving chunks for level 'ServerLevel[DevEnviromentWorld]'/undergarden:undergarden
[24Sep2026 21:54:26.234] [Server thread/INFO] [dev.ryanhcode.sable.Sable/]: Saving sub-levels for level 'ServerLevel[DevEnviromentWorld]'/undergarden:undergarden
[24Sep2026 21:54:26.234] [Server thread/INFO] [net.minecraft.server.MinecraftServer/]: Saving chunks for level 'ServerLevel[DevEnviromentWorld]'/minecraft:the_nether
[24Sep2026 21:54:26.234] [Server thread/INFO] [dev.ryanhcode.sable.Sable/]: Saving sub-levels for level 'ServerLevel[DevEnviromentWorld]'/minecraft:the_nether
[24Sep2026 21:54:26.234] [Server thread/INFO] [net.minecraft.server.MinecraftServer/]: Saving chunks for level 'ServerLevel[DevEnviromentWorld]'/the_afterdark:afterdark
[24Sep2026 21:54:26.234] [Server thread/INFO] [dev.ryanhcode.sable.Sable/]: Saving sub-levels for level 'ServerLevel[DevEnviromentWorld]'/the_afterdark:afterdark
[24Sep2026 21:54:26.234] [Server thread/INFO] [net.minecraft.server.MinecraftServer/]: Saving chunks for level 'ServerLevel[DevEnviromentWorld]'/minecraft:the_end
[24Sep2026 21:54:26.234] [Server thread/INFO] [dev.ryanhcode.sable.Sable/]: Saving sub-levels for level 'ServerLevel[DevEnviromentWorld]'/minecraft:the_end
[24Sep2026 21:54:26.234] [Server thread/INFO] [net.minecraft.server.MinecraftServer/]: Saving chunks for level 'ServerLevel[DevEnviromentWorld]'/ae2:spatial_storage
[24Sep2026 21:54:26.234] [Server thread/INFO] [dev.ryanhcode.sable.Sable/]: Saving sub-levels for level 'ServerLevel[DevEnviromentWorld]'/ae2:spatial_storage
[24Sep2026 21:54:26.746] [Netty Local Client IO #1/INFO] [dev.ryanhcode.sable.Sable/]: Client UDP channel inactive
[24Sep2026 21:54:26.746] [Netty Local Client IO #1/INFO] [dev.ryanhcode.sable.Sable/]: Closed UDP channel!
[24Sep2026 21:54:26.746] [Render thread/INFO] [EMI/]: [EMI] Disconnecting from server, EMI data cleared
[24Sep2026 21:54:26.747] [Render thread/INFO] [xaero.map.WorldMap/]: Finalizing world map session...
[24Sep2026 21:54:26.747] [Thread-143/INFO] [EMI/]: [EMI] Clearing data
[24Sep2026 21:54:26.789] [Thread-7/INFO] [xaero.map.WorldMap/]: World map cleaned normally!
[24Sep2026 21:54:26.847] [Render thread/INFO] [xaero.map.WorldMap/]: World map session finalized.
[24Sep2026 21:54:26.848] [Render thread/INFO] [xaero.hud.minimap.MinimapLogs/]: Xaero hud session finalized.
[24Sep2026 21:54:26.854] [Render thread/INFO] [mezz.jei.library.startup.JeiStarter/]: Stopping JEI
[24Sep2026 21:54:26.854] [Render thread/INFO] [mezz.jei.library.load.PluginCaller/]: Sending Runtime Unavailable...
[24Sep2026 21:54:26.855] [Render thread/INFO] [mezz.jei.neoforge.plugins.neoforge.NeoForgeGuiPlugin/]: Stopping JEI GUI
[24Sep2026 21:54:26.857] [Render thread/INFO] [mezz.jei.library.load.PluginCaller/]: Sending Runtime Unavailable took 2.783 milliseconds
[24Sep2026 21:54:26.907] [Server thread/INFO] [net.minecraft.server.network.ServerGamePacketListenerImpl/]: Dev lost connection: Disconnected
[24Sep2026 21:54:26.907] [Server thread/INFO] [net.minecraft.server.MinecraftServer/]: Dev left the game
[24Sep2026 21:54:26.946] [Server thread/INFO] [net.minecraft.server.network.ServerCommonPacketListenerImpl/]: Stopping singleplayer server as player logged out
[24Sep2026 21:54:27.004] [Server thread/INFO] [net.minecraft.server.MinecraftServer/]: Stopping server
[24Sep2026 21:54:27.005] [Server thread/INFO] [net.minecraft.server.MinecraftServer/]: Saving players
[24Sep2026 21:54:27.005] [Server thread/INFO] [net.minecraft.server.MinecraftServer/]: Saving worlds
[24Sep2026 21:54:27.218] [Server thread/INFO] [net.minecraft.server.MinecraftServer/]: Saving chunks for level 'ServerLevel[DevEnviromentWorld]'/minecraft:overworld
[24Sep2026 21:54:27.219] [Server thread/INFO] [dev.ryanhcode.sable.Sable/]: Saving sub-levels for level 'ServerLevel[DevEnviromentWorld]'/minecraft:overworld
[24Sep2026 21:54:27.404] [Server thread/INFO] [net.minecraft.server.MinecraftServer/]: Saving chunks for level 'ServerLevel[DevEnviromentWorld]'/rocketnautics:deep_space
[24Sep2026 21:54:27.404] [Server thread/INFO] [dev.ryanhcode.sable.Sable/]: Saving sub-levels for level 'ServerLevel[DevEnviromentWorld]'/rocketnautics:deep_space
[24Sep2026 21:54:27.418] [Server thread/INFO] [net.minecraft.server.MinecraftServer/]: Saving chunks for level 'ServerLevel[DevEnviromentWorld]'/rocketnautics:moon
[24Sep2026 21:54:27.419] [Server thread/INFO] [dev.ryanhcode.sable.Sable/]: Saving sub-levels for level 'ServerLevel[DevEnviromentWorld]'/rocketnautics:moon
[24Sep2026 21:54:27.429] [Server thread/INFO] [net.minecraft.server.MinecraftServer/]: Saving chunks for level 'ServerLevel[DevEnviromentWorld]'/undergarden:undergarden
[24Sep2026 21:54:27.429] [Server thread/INFO] [dev.ryanhcode.sable.Sable/]: Saving sub-levels for level 'ServerLevel[DevEnviromentWorld]'/undergarden:undergarden
[24Sep2026 21:54:27.440] [Server thread/INFO] [net.minecraft.server.MinecraftServer/]: Saving chunks for level 'ServerLevel[DevEnviromentWorld]'/minecraft:the_nether
[24Sep2026 21:54:27.440] [Server thread/INFO] [dev.ryanhcode.sable.Sable/]: Saving sub-levels for level 'ServerLevel[DevEnviromentWorld]'/minecraft:the_nether
[24Sep2026 21:54:27.451] [Server thread/INFO] [net.minecraft.server.MinecraftServer/]: Saving chunks for level 'ServerLevel[DevEnviromentWorld]'/the_afterdark:afterdark
[24Sep2026 21:54:27.451] [Server thread/INFO] [dev.ryanhcode.sable.Sable/]: Saving sub-levels for level 'ServerLevel[DevEnviromentWorld]'/the_afterdark:afterdark
[24Sep2026 21:54:27.462] [Server thread/INFO] [net.minecraft.server.MinecraftServer/]: Saving chunks for level 'ServerLevel[DevEnviromentWorld]'/minecraft:the_end
[24Sep2026 21:54:27.462] [Server thread/INFO] [dev.ryanhcode.sable.Sable/]: Saving sub-levels for level 'ServerLevel[DevEnviromentWorld]'/minecraft:the_end
[24Sep2026 21:54:27.473] [Server thread/INFO] [net.minecraft.server.MinecraftServer/]: Saving chunks for level 'ServerLevel[DevEnviromentWorld]'/ae2:spatial_storage
[24Sep2026 21:54:27.473] [Server thread/INFO] [dev.ryanhcode.sable.Sable/]: Saving sub-levels for level 'ServerLevel[DevEnviromentWorld]'/ae2:spatial_storage
[24Sep2026 21:54:27.494] [Server thread/INFO] [net.minecraft.server.MinecraftServer/]: ThreadedAnvilChunkStorage (DevEnviromentWorld): All chunks are saved
[24Sep2026 21:54:27.494] [Server thread/INFO] [net.minecraft.server.MinecraftServer/]: ThreadedAnvilChunkStorage (deep_space): All chunks are saved
[24Sep2026 21:54:27.494] [Server thread/INFO] [net.minecraft.server.MinecraftServer/]: ThreadedAnvilChunkStorage (moon): All chunks are saved
[24Sep2026 21:54:27.494] [Server thread/INFO] [net.minecraft.server.MinecraftServer/]: ThreadedAnvilChunkStorage (undergarden): All chunks are saved
[24Sep2026 21:54:27.494] [Server thread/INFO] [net.minecraft.server.MinecraftServer/]: ThreadedAnvilChunkStorage (DIM-1): All chunks are saved
[24Sep2026 21:54:27.494] [Server thread/INFO] [net.minecraft.server.MinecraftServer/]: ThreadedAnvilChunkStorage (afterdark): All chunks are saved
[24Sep2026 21:54:27.494] [Server thread/INFO] [net.minecraft.server.MinecraftServer/]: ThreadedAnvilChunkStorage (DIM1): All chunks are saved
[24Sep2026 21:54:27.494] [Server thread/INFO] [net.minecraft.server.MinecraftServer/]: ThreadedAnvilChunkStorage (spatial_storage): All chunks are saved
[24Sep2026 21:54:27.494] [Server thread/INFO] [net.minecraft.server.MinecraftServer/]: ThreadedAnvilChunkStorage: All dimensions are saved
[24Sep2026 21:54:27.506] [Server thread/INFO] [KubeJS/]: Closed KubeJS Virtual Resource Pack [Before Mods, data]
[24Sep2026 21:54:27.507] [Server thread/INFO] [KubeJS/]: Closed KubeJS Virtual Resource Pack [Internal, data]
[24Sep2026 21:54:27.507] [Server thread/INFO] [KubeJS/]: Closed KubeJS Virtual Resource Pack [Registries, data]
[24Sep2026 21:54:27.507] [Server thread/INFO] [KubeJS/]: Closed KubeJS Virtual Resource Pack [After Mods, data]
[24Sep2026 21:54:27.507] [Server thread/INFO] [KubeJS/]: Closed KubeJS Virtual Resource Pack [Last, data]
[24Sep2026 21:54:27.525] [Render thread/INFO] [ChunkBuilder/]: Stopping worker threads
[24Sep2026 21:54:27.563] [Render thread/ERROR] [net.minecraft.Util/]: Entity forgeborncore:brawler_skeleton has no attributes
[24Sep2026 21:54:28.761] [Render thread/INFO] [team.lodestar.lodestone.LodestoneLib/]: Shutting down Lodestone
[24Sep2026 21:54:28.777] [Render thread/INFO] [net.minecraft.client.Minecraft/]: Stopping!
[24Sep2026 21:54:28.807] [Render thread/INFO] [team.lodestar.lodestone.LodestoneLib/]: Closed geometry program: lodestone:nineslice/distorted/distorted_nine_slice_texture
[24Sep2026 21:54:28.807] [Render thread/INFO] [team.lodestar.lodestone.LodestoneLib/]: Closed geometry program: lodestone:nineslice/nine_slice
[24Sep2026 21:54:28.843] [Render thread/INFO] [KubeJS/]: Closed KubeJS Virtual Resource Pack [Before Mods, assets]
[24Sep2026 21:54:28.843] [Render thread/INFO] [KubeJS/]: Closed KubeJS Virtual Resource Pack [Internal, assets]
[24Sep2026 21:54:28.843] [Render thread/INFO] [KubeJS/]: Closed KubeJS Virtual Resource Pack [After Mods, assets]
[24Sep2026 21:54:28.843] [Render thread/INFO] [KubeJS/]: Closed KubeJS Virtual Resource Pack [Last, assets]
[24Sep2026 21:54:28.846] [Render thread/INFO] [FTB Chunks/]: Shutting down map thread
