[15Sept2026 14:36:48.391] [main/INFO] [cpw.mods.modlauncher.Launcher/MODLAUNCHER]: ModLauncher running: args [--launchTarget, forgeclientdev, --version, 21.1.248, --assetIndex, 17, --assetsDir, C:\\Users\\sqviz\\.gradle\\caches\\neoformruntime\\assets, --gameDir, ., --fml.fmlVersion, 4.0.43, --fml.mcVersion, 1.21.1, --fml.neoForgeVersion, 21.1.248, --fml.neoFormVersion, 20240808.144430]
[15Sept2026 14:36:48.395] [main/INFO] [cpw.mods.modlauncher.Launcher/MODLAUNCHER]: JVM identified as Eclipse Adoptium OpenJDK 64-Bit Server VM 21.0.4+7-LTS
[15Sept2026 14:36:48.396] [main/INFO] [cpw.mods.modlauncher.Launcher/MODLAUNCHER]: ModLauncher 11.0.5+main.901c6ea8 starting: java version 21.0.4 by Eclipse Adoptium; OS Windows 11 arch amd64 version 10.0
[15Sept2026 14:36:48.540] [main/INFO] [net.neoforged.fml.loading.ImmediateWindowHandler/]: Loading ImmediateWindowProvider fmlearlywindow
[15Sept2026 14:36:48.757] [main/INFO] [EARLYDISPLAY/]: Trying GL version 4.6
[15Sept2026 14:36:49.635] [main/INFO] [EARLYDISPLAY/]: Requested GL version 4.6 got version 4.6
[15Sept2026 14:36:49.780] [main/INFO] [mixin/]: SpongePowered MIXIN Subsystem Version=0.8.7 Source=union:/C:/Users/sqviz/.gradle/caches/modules-2/files-2.1/net.fabricmc/sponge-mixin/0.15.2+mixin.0.8.7/2af2f021d8e02a0220dc27a7a72b4666d66d44ca/sponge-mixin-0.15.2+mixin.0.8.7.jar%23138!/ Service=ModLauncher Env=CLIENT
[15Sept2026 14:36:50.257] [pool-2-thread-1/INFO] [EARLYDISPLAY/]: GL info: NVIDIA GeForce RTX 3050 Laptop GPU/PCIe/SSE2 GL version 4.6.0 NVIDIA 610.88, NVIDIA Corporation
[15Sept2026 14:36:51.609] [main/WARN] [net.neoforged.jarjar.selection.JarSelector/]: Attempted to select two dependency jars from JarJar which have the same identification: Nested Mod File  in Mod File: C:\Users\sqviz\.gradle\caches\modules-2\files-2.1\dev.engine-room.vanillin\vanillin-neoforge-1.21.1\1.1.3-41\d92ad47c6956ffb76ab73ecc6afe92d7fce36447\vanillin-neoforge-1.21.1-1.1.3-41.jar and Nested Mod File  in Mod File: C:\Users\sqviz\.gradle\caches\modules-2\files-2.1\com.simibubi.create\create-1.21.1\6.0.10-281\79f11cca15c31cf0e6730fa343a443bf686ee39e\create-1.21.1-6.0.10-281.jar. Using Nested Mod File  in Mod File: C:\Users\sqviz\.gradle\caches\modules-2\files-2.1\dev.engine-room.vanillin\vanillin-neoforge-1.21.1\1.1.3-41\d92ad47c6956ffb76ab73ecc6afe92d7fce36447\vanillin-neoforge-1.21.1-1.1.3-41.jar
[15Sept2026 14:36:51.610] [main/WARN] [net.neoforged.jarjar.selection.JarSelector/]: Attempted to select two dependency jars from JarJar which have the same identification: Nested Mod File  in Mod File: C:\Users\sqviz\.gradle\caches\modules-2\files-2.1\curse.maven\phoenixs-chromatic-colors-1483210\8388618\fc8d3dc626339399a90f98fa93ca396f18d8f043\phoenixs-chromatic-colors-1483210-8388618.jar and Nested Mod File  in Mod File: C:\McMods\forgeborncore-1.21.1\libs\gtceu-1.21.1-8.0.0.jar. Using Nested Mod File  in Mod File: C:\Users\sqviz\.gradle\caches\modules-2\files-2.1\curse.maven\phoenixs-chromatic-colors-1483210\8388618\fc8d3dc626339399a90f98fa93ca396f18d8f043\phoenixs-chromatic-colors-1483210-8388618.jar
[15Sept2026 14:36:51.611] [main/WARN] [net.neoforged.jarjar.selection.JarSelector/]: Attempted to select a dependency jar for JarJar which was passed in as source: fabric_api_base. Using Mod File: C:\Users\sqviz\.gradle\caches\modules-2\files-2.1\org.sinytra.forgified-fabric-api\fabric-api-base\0.4.42+d1308ded19\53aa20857722d75ce2862a67978b4a10cb907a03\fabric-api-base-0.4.42+d1308ded19.jar
[15Sept2026 14:36:51.612] [main/WARN] [net.neoforged.jarjar.selection.JarSelector/]: Attempted to select a dependency jar for JarJar which was passed in as source: fabric_renderer_api_v1. Using Mod File: C:\Users\sqviz\.gradle\caches\modules-2\files-2.1\org.sinytra.forgified-fabric-api\fabric-renderer-api-v1\3.4.1+9125b6dc19\29a16658efccf7f58a5c9c2b22a5d4ba43ec31\fabric-renderer-api-v1-3.4.1+9125b6dc19.jar
[15Sept2026 14:36:51.612] [main/WARN] [net.neoforged.jarjar.selection.JarSelector/]: Attempted to select a dependency jar for JarJar which was passed in as source: library:sable_rapier. Using Mod File: C:\Users\sqviz\.gradle\caches\modules-2\files-2.1\dev.ryanhcode.sable\sable-sable_rapier-1.21.1\2.0.3\a88c0860320890144b6b44c332a2a2db3a61e189\sable-sable_rapier-1.21.1-2.0.3.jar
[15Sept2026 14:36:51.613] [main/WARN] [net.neoforged.jarjar.selection.JarSelector/]: Attempted to select a dependency jar for JarJar which was passed in as source: ae2wtlib_api. Using Mod File: C:\Users\sqviz\.gradle\caches\modules-2\files-2.1\de.mari_023\ae2wtlib_api\19.5.0\93e3697372d0138ac1aec3d5616ed6c4bf5e03d7\ae2wtlib_api-19.5.0.jar
[15Sept2026 14:36:51.613] [main/WARN] [net.neoforged.jarjar.selection.JarSelector/]: Attempted to select a dependency jar for JarJar which was passed in as source: ponder. Using Mod File: C:\Users\sqviz\.gradle\caches\modules-2\files-2.1\net.createmod.ponder\ponder-neoforge\1.0.87+mc1.21.1\7783eeff0389f8c6003457133b9dd98e903266c6\ponder-neoforge-1.0.87+mc1.21.1.jar
[15Sept2026 14:36:51.613] [main/WARN] [net.neoforged.jarjar.selection.JarSelector/]: Attempted to select a dependency jar for JarJar which was passed in as source: flywheel. Using Mod File: C:\Users\sqviz\.gradle\caches\modules-2\files-2.1\dev.engine-room.flywheel\flywheel-neoforge-1.21.1\1.0.6-44\2e859af550aeb7fa7fda017e7edef2c45ef3f988\flywheel-neoforge-1.21.1-1.0.6-44.jar
[15Sept2026 14:36:51.614] [main/WARN] [net.neoforged.jarjar.selection.JarSelector/]: Attempted to select a dependency jar for JarJar which was passed in as source: sablecompanion. Using Mod File: C:\Users\sqviz\.gradle\caches\modules-2\files-2.1\dev.ryanhcode.sable-companion\sable-companion-common-1.21.1\1.6.0\370be7db705926176e05c0215ed676150c45daae\sable-companion-common-1.21.1-1.6.0.jar
[15Sept2026 14:36:51.615] [main/WARN] [net.neoforged.jarjar.selection.JarSelector/]: Attempted to select a dependency jar for JarJar which was passed in as source: fabric_block_view_api_v2. Using Mod File: C:\Users\sqviz\.gradle\caches\modules-2\files-2.1\org.sinytra.forgified-fabric-api\fabric-block-view-api-v2\1.0.10+9afaaf8c19\3bfe4bbaf18fc388e471c7b6c6271d06d9ed2ffa\fabric-block-view-api-v2-1.0.10+9afaaf8c19.jar
[15Sept2026 14:36:51.615] [main/WARN] [net.neoforged.jarjar.selection.JarSelector/]: Attempted to select a dependency jar for JarJar which was passed in as source: veil. Using Mod File: C:\Users\sqviz\.gradle\caches\modules-2\files-2.1\curse.maven\veil-lib-1517006\8236124\642ec0bd02213ee087d86eda553d6d79c6a04d2b\veil-lib-1517006-8236124.jar
[15Sept2026 14:36:51.615] [main/WARN] [net.neoforged.jarjar.selection.JarSelector/]: Attempted to select a dependency jar for JarJar which was passed in as source: betteradvancedtooltips. Using Mod File: C:\Users\sqviz\.gradle\caches\modules-2\files-2.1\dev.latvian.mods\better-advanced-tooltips\2101.1.0-build.1\4f9175f55758c06edba610cc8a32d317b15e8726\better-advanced-tooltips-2101.1.0-build.1.jar
[15Sept2026 14:36:51.615] [main/WARN] [net.neoforged.jarjar.selection.JarSelector/]: Attempted to select a dependency jar for JarJar which was passed in as source: fabric_rendering_data_attachment_v1. Using Mod File: C:\Users\sqviz\.gradle\caches\modules-2\files-2.1\org.sinytra.forgified-fabric-api\fabric-rendering-data-attachment-v1\0.3.48+73761d2e19\2dec5cb3ffb4bb3c443d61f25f28e15bb988f2b1\fabric-rendering-data-attachment-v1-0.3.48+73761d2e19.jar
[15Sept2026 14:36:51.617] [main/WARN] [net.neoforged.jarjar.selection.JarSelector/]: Attempted to select a dependency jar for JarJar which was passed in as source: library:Registrate.MC1._21._67. Using Mod File: C:\Users\sqviz\.gradle\caches\modules-2\files-2.1\com.tterrag.registrate\Registrate\MC1.21-1.3.0+67\66ddc4cd56472fea1ea1a24182901e6c92a51c0a\Registrate-MC1.21-1.3.0+67.jar
[15Sept2026 14:36:51.617] [main/INFO] [net.neoforged.fml.loading.moddiscovery.locators.JarInJarDependencyLocator/]: Found 23 dependencies adding them to mods collection
[15Sept2026 14:36:51.622] [main/INFO] [net.neoforged.fml.loading.moddiscovery.ModDiscoverer/]: 
     Mod List:
		Name Version (Mod Id)

		AE2WTLib 19.5.0 (ae2wtlib)
		AE2WTLib API 19.5.0 (ae2wtlib_api)
		Applied Energistics 2 19.2.17 (ae2)
		Architectury 13.0.8 (architectury)
		Ars Nouveau 5.12.0 (ars_nouveau)
		Better Advanced Tooltips 2101.1.0-build.1 (betteradvancedtooltips)
		Botania 452-SNAPSHOT (botania)
		Cloth Config v15 API 15.0.140 (cloth_config)
		Configuration 3.1.1 (configuration)
		Create 6.0.10 (create)
		Create Aeronautics 1.3.0 (aeronautics)
		Create Offroad 1.3.0 (offroad)
		Create Simulated 1.3.0 (simulated)
		Create: Cosmonautics 1.4.0rc1 (rocketnautics)
		Curios API 9.5.1+1.21.1 (curios)
		Effortless Building 4.1 (effortlessbuilding)
		Embers Re-Ignited 1.21.1-1.5.4 (embers)
		EMI 1.1.24+1.21.1+neoforge (emi)
		Farmer's Delight 1.2.9 (farmersdelight)
		Flywheel 1.0.6-44 (flywheel)
		ForgeBorn: Core 0.0.1 (forgeborncore)
		Forgified Fabric API Base 0.4.42+d1308ded19 (fabric_api_base)
		Forgified Fabric BlockView API (v2) 1.0.10+9afaaf8c19 (fabric_block_view_api_v2)
		Forgified Fabric Renderer API (v1) 3.4.1+9125b6dc19 (fabric_renderer_api_v1)
		Forgified Fabric Rendering Data Attachment (v1) 0.3.48+73761d2e19 (fabric_rendering_data_attachment_v1)
		FTB Chunks 2101.1.1 (ftbchunks)
		FTB Library 2101.1.32 (ftblibrary)
		FTB Quests 2101.1.27 (ftbquests)
		FTB Teams 2101.1.10 (ftbteams)
		GeckoLib 4 4.8.4 (geckolib)
		GregTech 8.0.0 (gtceu)
		GuideME 21.1.16 (guideme)
		Infiniverse 2.0.1.0 (infiniverse)
		Iris 1.8.14-beta.1+mc1.21.1 (iris)
		Jade 15.10.5+neoforge (jade)
		JourneyMap API 2.0.0 (journeymap_api)
		Just Enough Items 19.25.1.328 (jei)
		KubeJS 2101.7.2-build.368 (kubejs)
		LambDynamicLights (API) 4.5.1+1.21.1 (lambdynlights_api)
		Legendary Survival Overhaul 2.4.2 (legendarysurvivaloverhaul)
		Lodestone 1.8.2 (lodestone)
		LowDragLib 1.0.35.a (ldlib)
		Malum 1.8.2 (malum)
		Minecraft 1.21.1 (minecraft)
		Modonomicon 1.120.1 (modonomicon)
		ModularUI 3.3.1-SNAPSHOT (modularui)
		Nebulae AE2 0.1.0 (nebulaeae2)
		NeoForge 21.1.248 (neoforge)
		Nuggets 1.1.0.48 (nuggets)
		Occultism 1.221.0 (occultism)
		Patchouli 1.21.1-93-NEOFORGE (patchouli)
		PhoenixChromaticCodes 1.10 (phoenix_chromatic_codes)
		Ponder 1.0.87+mc1.21.1 (ponder)
		Resourceful Lib 3.0.12 (resourcefullib)
		Rhino 2101.2.7-build.85 (rhino)
		Sable 2.0.3 (sable)
		Sable Companion 1.6.0 (sablecompanion)
		SmartBrainLib 1.16.11 (smartbrainlib)
		Sodium 0.8.12-beta.1+mc1.21.1 (sodium)
		Space Gravity 1.0.3 (space_gravity)
		The Afterdark 1.0.3.1 (the_afterdark)
		The Undergarden 0.9.6 (undergarden)
		Vanillin 1.1.3-41 (vanillin)
		Veil 4.1.4 (veil)
		World Stripper 5.0.0 (worldstripper)
		Xaero's Minimap 25.3.10 (xaerominimap)
		Xaero's World Map 1.40.11 (xaeroworldmap)
		XaeroLib 1.1.0 (xaerolib)
[15Sept2026 14:36:52.225] [main/INFO] [net.neoforged.fml.loading.FMLServiceProvider/CORE]: Loading coremod script-engine for [xaeroworldmap, xaerominimap]
[15Sept2026 14:36:55.969] [main/INFO] [mixin/]: Compatibility level set to JAVA_21
[15Sept2026 14:36:56.129] [main/INFO] [cpw.mods.modlauncher.LaunchServiceHandler/MODLAUNCHER]: Launching target 'forgeclientdev' with arguments [--version, 21.1.248, --gameDir, ., --assetsDir, C:\Users\sqviz\.gradle\caches\neoformruntime\assets, --assetIndex, 17]
[15Sept2026 14:36:56.215] [main/WARN] [mixin/]: Reference map 'geckolib.refmap.json' for geckolib.mixins.json could not be read. If this is a development environment you can ignore this message
[15Sept2026 14:36:56.227] [main/WARN] [mixin/]: Reference map 'xaerolib.refmap.json' for xaerolib.mixins.json could not be read. If this is a development environment you can ignore this message
[15Sept2026 14:36:56.245] [main/WARN] [mixin/]: Reference map 'aeronautics.refmap.json' for aeronautics.mixins.json could not be read. If this is a development environment you can ignore this message
[15Sept2026 14:36:56.249] [main/WARN] [mixin/]: Reference map 'xaeroworldmap.refmap.json' for xaeroworldmap.mixins.json could not be read. If this is a development environment you can ignore this message
[15Sept2026 14:36:56.254] [main/WARN] [mixin/]: Reference map 'iris.refmap.json' for mixins.iris.json could not be read. If this is a development environment you can ignore this message
[15Sept2026 14:36:56.255] [main/WARN] [mixin/]: Reference map 'iris.refmap.json' for mixins.iris.fantastic.json could not be read. If this is a development environment you can ignore this message
[15Sept2026 14:36:56.256] [main/WARN] [mixin/]: Reference map 'iris.refmap.json' for mixins.iris.vertexformat.json could not be read. If this is a development environment you can ignore this message
[15Sept2026 14:36:56.257] [main/WARN] [mixin/]: Reference map 'iris.refmap.json' for iris-batched-entity-rendering.mixins.json could not be read. If this is a development environment you can ignore this message
[15Sept2026 14:36:56.258] [main/WARN] [mixin/]: Reference map 'iris.refmap.json' for mixins.iris.compat.sodium.json could not be read. If this is a development environment you can ignore this message
[15Sept2026 14:36:56.295] [main/WARN] [mixin/]: Reference map 'simulated.refmap.json' for simulated.mixins.json could not be read. If this is a development environment you can ignore this message
[15Sept2026 14:36:56.302] [main/WARN] [mixin/]: Reference map 'nuggets.refmap.json' for nuggets.mixins.json could not be read. If this is a development environment you can ignore this message
[15Sept2026 14:36:56.342] [main/INFO] [Sodium/]: Loaded configuration file for Sodium: 45 options available, 1 override(s) found
[15Sept2026 14:36:56.344] [main/WARN] [mixin/]: Reference map 'offroad.refmap.json' for offroad.mixins.json could not be read. If this is a development environment you can ignore this message
[15Sept2026 14:36:56.355] [main/WARN] [mixin/]: Reference map 'configuration.refmap.json' for configuration.mixins.json could not be read. If this is a development environment you can ignore this message
[15Sept2026 14:36:56.378] [main/WARN] [mixin/]: Reference map 'gtceu.refmap.json' for gtceu.mixins.json could not be read. If this is a development environment you can ignore this message
[15Sept2026 14:36:56.380] [main/WARN] [mixin/]: Reference map 'gtceu.refmap.json' for mixin_configs/gtceu-neoforge.mixins.json could not be read. If this is a development environment you can ignore this message
[15Sept2026 14:36:56.381] [main/WARN] [mixin/]: Reference map 'gtceu.refmap.json' for mixin_configs/gtceu-sodium.mixins.json could not be read. If this is a development environment you can ignore this message
[15Sept2026 14:36:56.382] [main/WARN] [mixin/]: Reference map 'gtceu.refmap.json' for mixin_configs/gtceu-iris.mixins.json could not be read. If this is a development environment you can ignore this message
[15Sept2026 14:36:56.383] [main/WARN] [mixin/]: Reference map 'gtceu.refmap.json' for mixin_configs/gtceu-emi.mixins.json could not be read. If this is a development environment you can ignore this message
[15Sept2026 14:36:56.384] [main/WARN] [mixin/]: Reference map 'gtceu.refmap.json' for mixin_configs/gtceu-jei.mixins.json could not be read. If this is a development environment you can ignore this message
[15Sept2026 14:36:56.386] [main/WARN] [mixin/]: Reference map 'gtceu.refmap.json' for mixin_configs/gtceu-ftbchunks.mixins.json could not be read. If this is a development environment you can ignore this message
[15Sept2026 14:36:56.387] [main/WARN] [mixin/]: Reference map 'gtceu.refmap.json' for mixin_configs/gtceu-xaerominimap.mixins.json could not be read. If this is a development environment you can ignore this message
[15Sept2026 14:36:56.389] [main/WARN] [mixin/]: Reference map 'gtceu.refmap.json' for mixin_configs/gtceu-xaeroworldmap.mixins.json could not be read. If this is a development environment you can ignore this message
[15Sept2026 14:36:56.390] [main/WARN] [mixin/]: Reference map 'gtceu.refmap.json' for mixin_configs/gtceu-sable.mixins.json could not be read. If this is a development environment you can ignore this message
[15Sept2026 14:36:56.397] [main/WARN] [mixin/]: Reference map 'botania.refmap.json' for botania.xplat.mixins.json could not be read. If this is a development environment you can ignore this message
[15Sept2026 14:36:56.398] [main/WARN] [mixin/]: Reference map 'botania.refmap.json' for botania.neoforge.mixins.json could not be read. If this is a development environment you can ignore this message
[15Sept2026 14:36:56.415] [main/WARN] [mixin/]: Reference map 'ponder.refmap.json' for ponder-common.mixins.json could not be read. If this is a development environment you can ignore this message
[15Sept2026 14:36:56.430] [main/INFO] [dev.ryanhcode.sable.mixin.AbstractSableMixinPlugin/]: Using Sodium renderer mixins
[15Sept2026 14:36:56.432] [main/INFO] [dev.ryanhcode.sable.mixin.AbstractSableMixinPlugin/]: Using Sodium renderer mixins
[15Sept2026 14:36:56.434] [main/WARN] [mixin/]: Reference map 'patchouli.refmap.json' for patchouli_xplat.mixins.json could not be read. If this is a development environment you can ignore this message
[15Sept2026 14:36:56.439] [main/WARN] [mixin/]: Reference map 'xaerominimap.refmap.json' for xaerohud.mixins.json could not be read. If this is a development environment you can ignore this message
[15Sept2026 14:36:56.441] [main/WARN] [mixin/]: Reference map 'xaerominimap.refmap.json' for xaerominimap.mixins.json could not be read. If this is a development environment you can ignore this message
[15Sept2026 14:36:56.443] [main/WARN] [mixin/]: Reference map 'curios.refmap.json' for curios.neoforge.mixins.json could not be read. If this is a development environment you can ignore this message
[15Sept2026 14:36:56.444] [main/WARN] [mixin/]: Reference map 'curios.refmap.json' for curios.mixins.json could not be read. If this is a development environment you can ignore this message
[15Sept2026 14:36:56.621] [main/WARN] [mixin/]: Reference map 'ars_nouveau.refmap.json' for ars_nouveau.mixins.json could not be read. If this is a development environment you can ignore this message
[15Sept2026 14:36:56.624] [main/WARN] [mixin/]: Reference map 'modularui.refmap.json' for modularui.mixins.json could not be read. If this is a development environment you can ignore this message
[15Sept2026 14:36:56.637] [main/WARN] [mixin/]: Reference map 'lodestone.refmap.json' for lodestone.mixins.json could not be read. If this is a development environment you can ignore this message
[15Sept2026 14:36:56.639] [main/WARN] [mixin/]: Reference map 'malum.refmap.json' for malum.mixins.json could not be read. If this is a development environment you can ignore this message
[15Sept2026 14:36:56.642] [main/WARN] [mixin/]: Reference map 'effortlessbuilding.refmap.json' for neoforge-effortlessbuilding.mixins.json could not be read. If this is a development environment you can ignore this message
[15Sept2026 14:36:56.647] [main/WARN] [mixin/]: Reference map 'phoenix_chromatic_codes.refmap.json' for phoenix_chromatic_codes.mixins.json could not be read. If this is a development environment you can ignore this message
[15Sept2026 14:36:57.329] [main/WARN] [mixin/]: Error loading class: com/portingdeadmods/cable_facades/events/GameClientEvents$2 (java.lang.ClassNotFoundException: com.portingdeadmods.cable_facades.events.GameClientEvents$2)
[15Sept2026 14:36:57.330] [main/WARN] [mixin/]: Error loading class: com/direwolf20/justdirethings/client/renderers/OurRenderTypes (java.lang.ClassNotFoundException: com.direwolf20.justdirethings.client.renderers.OurRenderTypes)
[15Sept2026 14:36:57.331] [main/WARN] [mixin/]: Error loading class: mekanism/client/render/entity/RenderFlame (java.lang.ClassNotFoundException: mekanism.client.render.entity.RenderFlame)
[15Sept2026 14:36:57.332] [main/WARN] [mixin/]: Error loading class: mekanism/client/render/armor/MekaSuitArmor (java.lang.ClassNotFoundException: mekanism.client.render.armor.MekaSuitArmor)
[15Sept2026 14:36:57.334] [main/WARN] [mixin/]: Error loading class: mekanism/client/render/lib/effect/BillboardingEffectRenderer (java.lang.ClassNotFoundException: mekanism.client.render.lib.effect.BillboardingEffectRenderer)
[15Sept2026 14:36:57.338] [main/WARN] [mixin/]: Error loading class: blusunrize/immersiveengineering/client/utils/IEGLShaders (java.lang.ClassNotFoundException: blusunrize.immersiveengineering.client.utils.IEGLShaders)
[15Sept2026 14:36:57.700] [main/WARN] [Sodium/]: Force-disabling mixin 'features.render.world.sky.ClientLevelMixin' as rule 'mixin.features.render.world.sky' (added by mods [iris]) disables it and children
[15Sept2026 14:36:57.701] [main/WARN] [Sodium/]: Force-disabling mixin 'features.render.world.sky.FogRendererMixin' as rule 'mixin.features.render.world.sky' (added by mods [iris]) disables it and children
[15Sept2026 14:36:57.704] [main/WARN] [Sodium/]: Force-disabling mixin 'features.render.world.sky.LevelRendererMixin' as rule 'mixin.features.render.world.sky' (added by mods [iris]) disables it and children
[15Sept2026 14:36:58.198] [main/WARN] [mixin/]: Error loading class: com/simibubi/create/foundation/ponder/PonderWorld (java.lang.ClassNotFoundException: com.simibubi.create.foundation.ponder.PonderWorld)
[15Sept2026 14:36:59.147] [main/WARN] [mixin/]: Error loading class: org/jetbrains/annotations/ApiStatus$ScheduledForRemoval (java.lang.ClassNotFoundException: org.jetbrains.annotations.ApiStatus$ScheduledForRemoval)
[15Sept2026 14:36:59.251] [main/INFO] [MixinExtras|Service/]: Initializing MixinExtras via com.llamalad7.mixinextras.service.MixinExtrasServiceImpl(version=0.5.3).
[15Sept2026 14:37:02.734] [Datafixer Bootstrap/INFO] [com.mojang.datafixers.DataFixerBuilder/]: 229 Datafixer optimizations took 648 milliseconds
[15Sept2026 14:37:12.365] [main/WARN] [net.minecraft.commands.Commands/]: Ambiguity between arguments [teleport, location] and [teleport, destination] with inputs: [0.1 -0.5 .9, 0 0 0]
[15Sept2026 14:37:12.368] [main/WARN] [net.minecraft.commands.Commands/]: Ambiguity between arguments [teleport, location] and [teleport, targets] with inputs: [0.1 -0.5 .9, 0 0 0]
[15Sept2026 14:37:12.374] [main/WARN] [net.minecraft.commands.Commands/]: Ambiguity between arguments [teleport, destination] and [teleport, targets] with inputs: [Player, 0123, @e, dd12be42-52a9-4a91-a8a1-11c01849e498]
[15Sept2026 14:37:12.377] [main/WARN] [net.minecraft.commands.Commands/]: Ambiguity between arguments [teleport, targets] and [teleport, destination] with inputs: [Player, 0123, dd12be42-52a9-4a91-a8a1-11c01849e498]
[15Sept2026 14:37:12.380] [main/WARN] [net.minecraft.commands.Commands/]: Ambiguity between arguments [teleport, targets, location] and [teleport, targets, destination] with inputs: [0.1 -0.5 .9, 0 0 0]
[15Sept2026 14:37:12.549] [Render thread/WARN] [net.minecraft.server.packs.VanillaPackResourcesBuilder/]: Assets URL 'union:/C:/McMods/forgeborncore-1.21.1/build/moddev/artifacts/neoforge-21.1.248.jar%23189!/assets/.mcassetsroot' uses unexpected schema
[15Sept2026 14:37:12.550] [Render thread/WARN] [net.minecraft.server.packs.VanillaPackResourcesBuilder/]: Assets URL 'union:/C:/McMods/forgeborncore-1.21.1/build/moddev/artifacts/neoforge-21.1.248.jar%23189!/data/.mcassetsroot' uses unexpected schema
[15Sept2026 14:37:12.603] [Render thread/INFO] [com.mojang.authlib.yggdrasil.YggdrasilAuthenticationService/]: Environment: Environment[sessionHost=https://sessionserver.mojang.com, servicesHost=https://api.minecraftservices.com, name=PROD]
[15Sept2026 14:37:12.617] [Render thread/INFO] [net.minecraft.client.Minecraft/]: Setting user: Dev
[15Sept2026 14:37:12.888] [Render thread/INFO] [net.minecraft.client.Minecraft/]: Backend library: LWJGL version 3.3.3+5
[15Sept2026 14:37:12.982] [Render thread/INFO] [com.mojang.blaze3d.platform.Window/]: OpenGL Vendor: NVIDIA Corporation
[15Sept2026 14:37:12.984] [Render thread/INFO] [com.mojang.blaze3d.platform.Window/]: OpenGL Renderer: NVIDIA GeForce RTX 3050 Laptop GPU/PCIe/SSE2
[15Sept2026 14:37:12.984] [Render thread/INFO] [com.mojang.blaze3d.platform.Window/]: OpenGL Version: 4.6.0 NVIDIA 610.88
[15Sept2026 14:37:12.991] [Render thread/INFO] [Sodium-NvidiaWorkarounds/]: Modifying OpenGL context to apply workarounds for the NVIDIA graphics driver...
[15Sept2026 14:37:13.597] [Render thread/INFO] [Iris/]: Debug functionality is disabled.
[15Sept2026 14:37:13.602] [Render thread/INFO] [Iris/]: OpenGL 4.5 detected, enabling DSA.
[15Sept2026 14:37:13.663] [Render thread/INFO] [Iris/]: Shaders are disabled because no valid shaderpack is selected
[15Sept2026 14:37:14.141] [modloading-worker-0/INFO] [Veil/]: Veil is initializing.
[15Sept2026 14:37:14.159] [modloading-worker-0/INFO] [LowDragLib/]: LowDragLib is initializing on platform: NeoForge
[15Sept2026 14:37:14.245] [modloading-worker-0/INFO] [net.neoforged.neoforge.common.NeoForgeMod/NEOFORGE-MOD]: NeoForge mod loading, version 21.1.248, for MC 1.21.1
[15Sept2026 14:37:15.026] [modloading-worker-0/INFO] [dev.devce.rocketnautics.RocketNautics/]: Initializing Cosmonautics!
[15Sept2026 14:37:15.027] [ForkJoinPool.commonPool-worker-1/WARN] [Iris/]: [Iris Update Check] This version doesn't have an update index, skipping.
[15Sept2026 14:37:15.079] [modloading-worker-0/WARN] [AE2:C/]: Unable to find class com.simibubi.create.foundation.ponder.PonderWorld. Integration with PonderJS disabled.
[15Sept2026 14:37:15.148] [modloading-worker-0/INFO] [xaero.lib.XaeroLib/]: Registering common data for channel xaerolib:main!
[15Sept2026 14:37:15.221] [modloading-worker-0/WARN] [patchouli/]: Could not locate JEI keybindings, lookups in books may not work
[15Sept2026 14:37:15.260] [modloading-worker-0/INFO] [xaero.lib.XaeroLib/]: Registering client data for channel xaerolib:main!
[15Sept2026 14:37:15.298] [modloading-worker-0/INFO] [xaero.lib.XaeroLib/]: Loading primary common config for channel xaerolib:main!
[15Sept2026 14:37:15.324] [modloading-worker-0/INFO] [xaero.lib.XaeroLib/]: Loading server config profiles for channel xaerolib:main!
[15Sept2026 14:37:15.348] [modloading-worker-0/INFO] [xaero.lib.XaeroLib/]: Loading primary client config for channel xaerolib:main!
[15Sept2026 14:37:15.367] [modloading-worker-0/INFO] [xaero.lib.XaeroLib/]: Loading client config profiles for channel xaerolib:main!
[15Sept2026 14:37:15.378] [modloading-worker-0/INFO] [Configuration/FileWatching]: Registered configuration config for auto-sync function
[15Sept2026 14:37:15.391] [modloading-worker-0/INFO] [xaero.map.WorldMap/]: Registering common data for channel xaeroworldmap:main!
[15Sept2026 14:37:15.539] [modloading-worker-0/INFO] [xaero.map.WorldMap/]: Registering client data for channel xaeroworldmap:main!
[15Sept2026 14:37:15.630] [modloading-worker-0/INFO] [xaero.map.WorldMap/]: Loading primary common config for channel xaeroworldmap:main!
[15Sept2026 14:37:15.643] [modloading-worker-0/INFO] [xaero.map.WorldMap/]: Loading server config profiles for channel xaeroworldmap:main!
[15Sept2026 14:37:15.655] [modloading-worker-0/INFO] [xaero.map.WorldMap/]: Loading primary client config for channel xaeroworldmap:main!
[15Sept2026 14:37:15.675] [modloading-worker-0/INFO] [xaero.map.WorldMap/]: Loading client config profiles for channel xaeroworldmap:main!
[15Sept2026 14:37:15.701] [modloading-worker-0/INFO] [com.simibubi.create.Create/]: Create 6.0.10 initializing! Commit hash: c308d004788fce2998bf41653f6d39412b6fc8ed
[15Sept2026 14:37:15.702] [modloading-worker-0/INFO] [xaero.common.HudMod/]: Registering common data for channel xaerominimap:main!
[15Sept2026 14:37:15.819] [modloading-worker-0/INFO] [worldstripper/]: Creating World Stripper directory
[15Sept2026 14:37:15.819] [modloading-worker-0/INFO] [worldstripper/]: Reading World Stripper JSON file
[15Sept2026 14:37:15.859] [modloading-worker-0/INFO] [xaero.common.HudMod/]: Registering client data for channel xaerominimap:main!
[15Sept2026 14:37:15.956] [modloading-worker-0/INFO] [xaero.common.HudMod/]: Loading primary common config for channel xaerominimap:main!
[15Sept2026 14:37:15.975] [modloading-worker-0/INFO] [xaero.common.HudMod/]: Loading server config profiles for channel xaerominimap:main!
[15Sept2026 14:37:15.987] [modloading-worker-0/INFO] [xaero.common.HudMod/]: Loading primary client config for channel xaerominimap:main!
[15Sept2026 14:37:16.007] [modloading-worker-0/INFO] [xaero.common.HudMod/]: Loading client config profiles for channel xaerominimap:main!
[15Sept2026 14:37:16.040] [modloading-worker-0/INFO] [dev.devce.rocketnautics.registry.NodeDefinitionLoader/]: [NodeDefinitionLoader] Registered 35 data-driven nodes.
[15Sept2026 14:37:16.182] [modloading-worker-0/INFO] [Configuration/FileWatching]: Registered phoenix_chromatic_codes config for auto-sync function
[15Sept2026 14:37:16.296] [modloading-worker-0/INFO] [net.phoenix.chromatic_codes.api.ChromaticColors/]: Phoenix Colors: Mapping §z to #BF00FF
[15Sept2026 14:37:16.297] [modloading-worker-0/INFO] [net.phoenix.chromatic_codes.api.ChromaticColors/]: Phoenix Colors: Mapping §t to #00FF80
[15Sept2026 14:37:16.297] [modloading-worker-0/INFO] [net.phoenix.chromatic_codes.api.ChromaticColors/]: Phoenix Colors: Mapping §s to #0B585C
[15Sept2026 14:37:16.318] [modloading-worker-0/INFO] [net.phoenix.chromatic_codes.api.ChromaticColors/]: Phoenix Colors: Mapping §[phoenix] to #BF00FF
[15Sept2026 14:37:16.324] [modloading-worker-0/INFO] [net.phoenix.chromatic_codes.PhoenixChromaticCodes/]: Phoenix Chromatic: Registering §w with effect wave on font phoenix_chromatic_codes:code_119
[15Sept2026 14:37:16.324] [modloading-worker-0/INFO] [net.phoenix.chromatic_codes.PhoenixChromaticCodes/]: Phoenix Chromatic: Registering §p with effect pulse on font phoenix_chromatic_codes:code_112
[15Sept2026 14:37:16.324] [modloading-worker-0/INFO] [net.phoenix.chromatic_codes.PhoenixChromaticCodes/]: Phoenix Chromatic: Registering §* with effect static_rainbow on font phoenix_chromatic_codes:code_42
[15Sept2026 14:37:16.325] [modloading-worker-0/INFO] [net.phoenix.chromatic_codes.PhoenixChromaticCodes/]: Phoenix Chromatic: Registering §g with effect glitch on font phoenix_chromatic_codes:code_103
[15Sept2026 14:37:16.325] [modloading-worker-0/INFO] [net.phoenix.chromatic_codes.PhoenixChromaticCodes/]: Phoenix Chromatic: Registering §y with effect none on font phoenix_chromatic_codes:code_121
[15Sept2026 14:37:16.325] [modloading-worker-0/ERROR] [net.phoenix.chromatic_codes.PhoenixChromaticCodes/]: Could not find movement type: discord. Defaulting to static.
[15Sept2026 14:37:16.326] [modloading-worker-0/INFO] [net.phoenix.chromatic_codes.PhoenixChromaticCodes/]: Phoenix Chromatic: Registering §^ with effect discord on font phoenix_chromatic_codes:code_94
[15Sept2026 14:37:16.326] [modloading-worker-0/INFO] [net.phoenix.chromatic_codes.PhoenixChromaticCodes/]: Phoenix Chromatic: Registering §$ with effect breath on font phoenix_chromatic_codes:code_36
[15Sept2026 14:37:16.327] [modloading-worker-0/INFO] [net.phoenix.chromatic_codes.PhoenixChromaticCodes/]: Phoenix Chromatic: Registering §- with effect stretch on font phoenix_chromatic_codes:code_45
[15Sept2026 14:37:16.327] [modloading-worker-0/INFO] [net.phoenix.chromatic_codes.PhoenixChromaticCodes/]: Phoenix Chromatic: Registering §[rainbow] with effect wave on font phoenix_chromatic_codes:named_973576630
[15Sept2026 14:37:16.327] [modloading-worker-0/INFO] [net.phoenix.chromatic_codes.PhoenixChromaticCodes/]: Phoenix Chromatic: Registering §[matrix] with effect glitch on font phoenix_chromatic_codes:named_1081239615
[15Sept2026 14:37:16.331] [modloading-worker-0/INFO] [net.phoenix.chromatic_codes.PhoenixChromaticCodes/]: Phoenix Chromatic: Registering §[big] with effect size on font phoenix_chromatic_codes:named_97536
[15Sept2026 14:37:16.332] [modloading-worker-0/INFO] [net.phoenix.chromatic_codes.PhoenixChromaticCodes/]: Phoenix Chromatic: Registering §[huge] with effect size on font phoenix_chromatic_codes:named_3213995
[15Sept2026 14:37:16.332] [modloading-worker-0/INFO] [mezz.jei.library.load.PluginCaller/]: Sending ConfigManager...
[15Sept2026 14:37:16.332] [modloading-worker-0/INFO] [net.phoenix.chromatic_codes.PhoenixChromaticCodes/]: Phoenix Chromatic: Registering §[frozen] with effect none on font phoenix_chromatic_codes:named_1266085216
[15Sept2026 14:37:16.337] [modloading-worker-0/INFO] [net.phoenix.chromatic_codes.PhoenixChromaticCodes/]: Phoenix Chromatic: Registering §[glossy] with effect mirror on font phoenix_chromatic_codes:named_1243003473
[15Sept2026 14:37:16.341] [modloading-worker-0/INFO] [net.phoenix.chromatic_codes.PhoenixChromaticCodes/]: Phoenix Chromatic: Registering §[sunset] with effect vertical on font phoenix_chromatic_codes:named_891172202
[15Sept2026 14:37:16.348] [modloading-worker-0/INFO] [net.phoenix.chromatic_codes.PhoenixChromaticCodes/]: Phoenix Chromatic: Registering §[spaced] with effect spacing on font phoenix_chromatic_codes:named_896192482
[15Sept2026 14:37:16.351] [modloading-worker-0/INFO] [net.phoenix.chromatic_codes.PhoenixChromaticCodes/]: Phoenix Chromatic: Registering §[speed] with effect slant on font phoenix_chromatic_codes:named_109641799
[15Sept2026 14:37:16.356] [modloading-worker-0/INFO] [net.phoenix.chromatic_codes.PhoenixChromaticCodes/]: Phoenix Chromatic: Registering §[neon_ocean] with effect rainbow_wave on font phoenix_chromatic_codes:named_461017771
[15Sept2026 14:37:16.359] [modloading-worker-0/INFO] [net.phoenix.chromatic_codes.PhoenixChromaticCodes/]: Phoenix Chromatic: Registering §[cyber] with effect chroma on font phoenix_chromatic_codes:named_95130713
[15Sept2026 14:37:16.363] [modloading-worker-0/INFO] [net.phoenix.chromatic_codes.PhoenixChromaticCodes/]: Phoenix Chromatic: Registering §[uphill] with effect shear on font phoenix_chromatic_codes:named_838719652
[15Sept2026 14:37:16.368] [modloading-worker-0/INFO] [net.phoenix.chromatic_codes.PhoenixChromaticCodes/]: Phoenix Chromatic: Registering §[rgb_ticker] with effect chroma_wave on font phoenix_chromatic_codes:named_1580687684
[15Sept2026 14:37:16.371] [modloading-worker-0/INFO] [mezz.jei.library.load.PluginCaller/]: Sending ConfigManager took 35.66 milliseconds
[15Sept2026 14:37:16.371] [modloading-worker-0/INFO] [net.phoenix.chromatic_codes.PhoenixChromaticCodes/]: Phoenix Chromatic: Registering §[jelly] with effect wobble on font phoenix_chromatic_codes:named_101009374
[15Sept2026 14:37:16.376] [modloading-worker-0/INFO] [net.phoenix.chromatic_codes.PhoenixChromaticCodes/]: Phoenix Chromatic: Registering §[elastic] with effect compress on font phoenix_chromatic_codes:named_1666338091
[15Sept2026 14:37:16.380] [modloading-worker-0/INFO] [net.phoenix.chromatic_codes.PhoenixChromaticCodes/]: Phoenix Chromatic: Registering §[ghost] with effect fade on font phoenix_chromatic_codes:named_98331279
[15Sept2026 14:37:16.386] [modloading-worker-0/INFO] [net.phoenix.chromatic_codes.PhoenixChromaticCodes/]: Phoenix Chromatic: Registering §[3d_block] with effect 3d on font phoenix_chromatic_codes:named_58670431
[15Sept2026 14:37:16.389] [modloading-worker-0/INFO] [net.phoenix.chromatic_codes.PhoenixChromaticCodes/]: Phoenix Chromatic: Registering §[digital] with effect matrix_rain on font phoenix_chromatic_codes:named_1660481048
[15Sept2026 14:37:16.394] [modloading-worker-0/INFO] [net.phoenix.chromatic_codes.PhoenixChromaticCodes/]: Phoenix Chromatic: Registering §[flip] with effect 3d_spin on font phoenix_chromatic_codes:named_3145837
[15Sept2026 14:37:16.397] [modloading-worker-0/INFO] [net.phoenix.chromatic_codes.PhoenixChromaticCodes/]: Phoenix Chromatic: Registering §[plasma] with effect liquid_plasma on font phoenix_chromatic_codes:named_985758398
[15Sept2026 14:37:16.397] [modloading-worker-0/INFO] [net.phoenix.chromatic_codes.api.ChromaticColors/]: Phoenix Colors: Mapping §z to #BF00FF
[15Sept2026 14:37:16.397] [modloading-worker-0/INFO] [net.phoenix.chromatic_codes.api.ChromaticColors/]: Phoenix Colors: Mapping §t to #00FF80
[15Sept2026 14:37:16.397] [modloading-worker-0/INFO] [net.phoenix.chromatic_codes.api.ChromaticColors/]: Phoenix Colors: Mapping §s to #0B585C
[15Sept2026 14:37:16.398] [modloading-worker-0/INFO] [net.phoenix.chromatic_codes.api.ChromaticColors/]: Phoenix Colors: Mapping §[phoenix] to #BF00FF
[15Sept2026 14:37:16.552] [modloading-worker-0/INFO] [KubeJS Startup/]: Capturing errors for startup scripts enabled
[15Sept2026 14:37:16.553] [modloading-worker-0/INFO] [KubeJS Client/]: Capturing errors for client scripts enabled
[15Sept2026 14:37:16.553] [modloading-worker-0/INFO] [KubeJS/]: Loading vanilla registries...
[15Sept2026 14:37:16.578] [modloading-worker-0/INFO] [KubeJS/]: Looking for KubeJS plugins...
[15Sept2026 14:37:16.587] [modloading-worker-0/INFO] [KubeJS/]: Found plugin source kubejs
[15Sept2026 14:37:16.619] [modloading-worker-0/INFO] [KubeJS/]: Found plugin source ldlib
[15Sept2026 14:37:16.621] [modloading-worker-0/INFO] [KubeJS/]: Found plugin source gtceu
[15Sept2026 14:37:16.634] [modloading-worker-0/INFO] [KubeJS/]: Found plugin source malum
[15Sept2026 14:37:16.644] [modloading-worker-0/INFO] [KubeJS/]: Done in 58.42 ms
[15Sept2026 14:37:19.126] [modloading-worker-0/INFO] [KubeJS Startup/]: startup_scripts:main.js#3: Hello, World! (Loaded startup example script)
[15Sept2026 14:37:19.129] [modloading-worker-0/INFO] [KubeJS Startup/]: Loaded script startup_scripts:main.js in 0.062 s
[15Sept2026 14:37:19.168] [modloading-worker-0/INFO] [KubeJS Startup/]: Loaded script startup_scripts:registry/item.js in 0.039 s
[15Sept2026 14:37:19.172] [modloading-worker-0/INFO] [KubeJS Startup/]: Loaded 2/2 KubeJS startup scripts in 2.505 s with 0 errors and 0 warnings
[15Sept2026 14:37:19.270] [modloading-worker-0/INFO] [KubeJS Client/]: client_scripts:example.js#5: Hello, World! (Loaded client scripts)
[15Sept2026 14:37:19.271] [modloading-worker-0/INFO] [KubeJS Client/]: Loaded script client_scripts:example.js in 0.002 s
[15Sept2026 14:37:19.299] [modloading-worker-0/INFO] [KubeJS Client/]: client_scripts:main.js#2: Hello, World! (Loaded client example script)
[15Sept2026 14:37:19.300] [modloading-worker-0/INFO] [KubeJS Client/]: Loaded script client_scripts:main.js in 0.026 s
[15Sept2026 14:37:19.301] [modloading-worker-0/INFO] [KubeJS Client/]: Loaded 2/2 KubeJS client scripts in 0.126 s with 0 errors and 0 warnings
[15Sept2026 14:37:20.071] [modloading-worker-0/INFO] [dev.ryanhcode.sable.Sable/]: Sable loaded!
[15Sept2026 14:37:20.102] [modloading-worker-0/WARN] [dev.ryanhcode.sable.Sable/]: NOTE: Sable is loaded with Flywheel. Sable contains extensive shader overrides and a full light-storage replacement. Expect this to cause compatibility issues. If issues arise, please report them to the Sable issue tracker (https://github.com/ryanhcode/sable/issues) instead of the Flywheel issue tracker.
[15Sept2026 14:37:20.237] [modloading-worker-0/WARN] [mixin/]: Method overwrite conflict for beforeMove in embers.mixins.json:EmberLinkTargetSubLevelAssemblyMixin from mod embers, previously written by com.rekindled.embers.mixin.EmberLinkSubLevelAssemblyMixin. Skipping method.
[15Sept2026 14:37:20.238] [modloading-worker-0/WARN] [mixin/]: Method overwrite conflict for afterMove in embers.mixins.json:EmberLinkTargetSubLevelAssemblyMixin from mod embers, previously written by com.rekindled.embers.mixin.EmberLinkSubLevelAssemblyMixin. Skipping method.
[15Sept2026 14:37:20.321] [modloading-worker-0/INFO] [KubeJS Startup/]: Validated 418 files in kubejs/assets/ in 1015ms
[15Sept2026 14:37:20.334] [modloading-worker-0/INFO] [KubeJS Startup/]: Validated 1 files in kubejs/data/ in 13ms
[15Sept2026 14:37:20.438] [modloading-worker-0/INFO] [Configuration/FileWatching]: Registered gtceu config for auto-sync function
[15Sept2026 14:37:20.447] [modloading-worker-0/INFO] [com.rekindled.embers.Embers/]: Delaying Embers config screen registration because Architectury or OmegaConfig is present
[15Sept2026 14:37:20.449] [modloading-worker-0/INFO] [GTCEu/]: High-Tier is Enabled.
[15Sept2026 14:37:20.633] [modloading-worker-0/INFO] [com.ghostipedia.nebulaeae2.NebulaeAE2/]: Nebulae initialised - Beginning AE2 Interception
[15Sept2026 14:37:20.693] [modloading-sync-worker/INFO] [GTCEu/]: Registering GTCEu Materials
[15Sept2026 14:37:22.660] [modloading-sync-worker/INFO] [GTCEu/]: Firing material register late event
[15Sept2026 14:37:22.882] [modloading-sync-worker/WARN] [GTCEu/]: FluidStorageKey{gtceu:liquid} already has an associated fluid for material gtceu:water
[15Sept2026 14:37:22.902] [modloading-sync-worker/WARN] [GTCEu/]: FluidStorageKey{gtceu:liquid} already has an associated fluid for material gtceu:lava
[15Sept2026 14:37:22.903] [modloading-sync-worker/WARN] [GTCEu/]: FluidStorageKey{gtceu:liquid} already has an associated fluid for material gtceu:milk
[15Sept2026 14:37:32.456] [modloading-sync-worker/ERROR] [net.minecraft.Util/]: Entity forgeborncore:brawler_skeleton has no attributes
[15Sept2026 14:37:32.807] [modloading-sync-worker/WARN] [net.neoforged.fml.config.ConfigTracker/CONFIG]: Configuration file C:\McMods\forgeborncore-1.21.1\runs\client\config\malum-client.toml is not correct. Correcting
[15Sept2026 14:37:33.400] [Render thread/INFO] [Veil/]: GL Debug supported
[15Sept2026 14:37:33.465] [Render thread/INFO] [com.klikli_dev.occultism.Occultism/]: Block color registration complete.
[15Sept2026 14:37:33.466] [Render thread/INFO] [Sodium/]: Block undergarden:gloomgourd_stem had its color provider replaced with quek.undergarden.event.UndergardenClientEvents$$Lambda/0x0000021d37e829e0@9736d7e and will not use per-vertex coloring
[15Sept2026 14:37:33.466] [Render thread/INFO] [Sodium/]: Block undergarden:gloomgourd_stem_attached had its color provider replaced with quek.undergarden.event.UndergardenClientEvents$$Lambda/0x0000021d37e829e0@9736d7e and will not use per-vertex coloring
[15Sept2026 14:37:33.517] [Render thread/INFO] [com.klikli_dev.occultism.Occultism/]: Item color registration complete.
[15Sept2026 14:37:33.805] [Render thread/INFO] [com.klikli_dev.occultism.Occultism/]: Registered Particle Factories
[15Sept2026 14:37:33.833] [Render thread/INFO] [Iris/]: Hardware information:
[15Sept2026 14:37:33.833] [Render thread/INFO] [Iris/]: CPU: 16x AMD Ryzen 7 6800H with Radeon Graphics 
[15Sept2026 14:37:33.834] [Render thread/INFO] [Iris/]: GPU: NVIDIA GeForce RTX 3050 Laptop GPU/PCIe/SSE2 (Supports OpenGL 4.6.0 NVIDIA 610.88)
[15Sept2026 14:37:33.834] [Render thread/INFO] [Iris/]: OS: Windows 11 (10.0)
[15Sept2026 14:37:33.975] [Render thread/INFO] [net.neoforged.neoforge.gametest.GameTestHooks/]: Enabled Gametest Namespaces: [forgeborncore]
[15Sept2026 14:37:34.806] [Render thread/INFO] [KubeJS/]: Loaded 76 asset packs: gtceu:dynamic_assets, vanilla, KubeJS Virtual Resource Pack [Before Mods, assets], mod_resources, mod/sodium, mod/smartbrainlib, mod/rhino, mod/fabric_renderer_api_v1, mod/geckolib, mod/jei, mod/xaerolib, mod/aeronautics, mod/xaeroworldmap, mod/neoforge, mod/fabric_block_view_api_v2, mod/iris, mod/veil, mod/simulated, mod/guideme, mod/ldlib, mod/nuggets, mod/cloth_config, mod/offroad, mod/farmersdelight, mod/emi, mod/kubejs, mod/fabric_api_base, mod/configuration, mod/gtceu, mod/the_afterdark, mod/jade, mod/ae2, mod/nebulaeae2, mod/ae2wtlib, mod/ae2wtlib_api, mod/botania, mod/rocketnautics,dimensional_sable, mod/flywheel, mod/ponder, mod/create, mod/sable, mod/sablecompanion, mod/patchouli, mod/xaerominimap, mod/legendarysurvivaloverhaul, mod/curios, mod/ars_nouveau, mod/modularui, mod/modonomicon, mod/resourcefullib, mod/betteradvancedtooltips, mod/lambdynlights_api, mod/embers, mod/architectury, mod/ftblibrary, mod/ftbteams, mod/ftbchunks, mod/ftbquests, mod/worldstripper, mod/occultism, mod/fabric_rendering_data_attachment_v1, mod/undergarden, mod/lodestone, mod/malum, mod/infiniverse, mod/journeymap_api, mod/effortlessbuilding, mod/vanillin, mod/phoenix_chromatic_codes, mod/space_gravity, mod/forgeborncore, KubeJS Virtual Resource Pack [Internal, assets], KubeJS Virtual Resource Pack [After Mods, assets], KubeJS File Resource Pack [assets], phoenix_chromatic_codes_dynamic_fonts, KubeJS Virtual Resource Pack [Last, assets]
[15Sept2026 14:37:34.810] [Render thread/INFO] [net.minecraft.server.packs.resources.ReloadableResourceManager/]: Reloading ResourceManager: gtceu:dynamic_assets, vanilla, KubeJS Virtual Resource Pack [Before Mods, assets], mod_resources, mod/sodium, mod/smartbrainlib, mod/rhino, mod/fabric_renderer_api_v1, mod/geckolib, mod/jei, mod/xaerolib, mod/aeronautics, mod/xaeroworldmap, mod/neoforge, mod/fabric_block_view_api_v2, mod/iris, mod/veil, mod/simulated, mod/guideme, mod/ldlib, mod/nuggets, mod/cloth_config, mod/offroad, mod/farmersdelight, mod/emi, mod/kubejs, mod/fabric_api_base, mod/configuration, mod/gtceu, mod/the_afterdark, mod/jade, mod/ae2, mod/nebulaeae2, mod/ae2wtlib, mod/ae2wtlib_api, mod/botania, mod/rocketnautics,dimensional_sable, mod/flywheel, mod/ponder, mod/create, mod/sable, mod/sablecompanion, mod/patchouli, mod/xaerominimap, mod/legendarysurvivaloverhaul, mod/curios, mod/ars_nouveau, mod/modularui, mod/modonomicon, mod/resourcefullib, mod/betteradvancedtooltips, mod/lambdynlights_api, mod/embers, mod/architectury, mod/ftblibrary, mod/ftbteams, mod/ftbchunks, mod/ftbquests, mod/worldstripper, mod/occultism, mod/fabric_rendering_data_attachment_v1, mod/undergarden, mod/lodestone, mod/malum, mod/infiniverse, mod/journeymap_api, mod/effortlessbuilding, mod/vanillin, mod/phoenix_chromatic_codes, mod/space_gravity, mod/forgeborncore, KubeJS Virtual Resource Pack [Internal, assets], KubeJS Virtual Resource Pack [After Mods, assets], KubeJS File Resource Pack [assets], phoenix_chromatic_codes_dynamic_fonts, KubeJS Virtual Resource Pack [Last, assets], ldlib
[15Sept2026 14:37:34.956] [Worker-Main-1/INFO] [xaero.lib.XaeroLib/]: Loading XaeroLib common 1/2!
[15Sept2026 14:37:34.960] [Worker-Main-10/WARN] [GeckoLib/]: Found animation file with improper file name format; animation files should end in .animation.json: 'ars_nouveau:animations/agronomic_sourcelink_animation.json'
[15Sept2026 14:37:34.960] [Worker-Main-15/WARN] [GeckoLib/]: Found animation file with improper file name format; animation files should end in .animation.json: 'ars_nouveau:animations/alchemical_sourcelink_animation.json'
[15Sept2026 14:37:34.963] [Worker-Main-11/INFO] [dev.devce.rocketnautics.RocketNautics/]: Cosmonautics Setup
[15Sept2026 14:37:34.990] [Worker-Main-5/ERROR] [dev.ftb.mods.ftblibrary.icon.EntityIconLoader/]: Missing entity icon settings for occultism:wild_horde_creeper
[15Sept2026 14:37:34.991] [Worker-Main-5/ERROR] [dev.ftb.mods.ftblibrary.icon.EntityIconLoader/]: Missing entity icon settings for occultism:possessed_blaze
[15Sept2026 14:37:34.992] [Worker-Main-5/ERROR] [dev.ftb.mods.ftblibrary.icon.EntityIconLoader/]: Missing entity icon settings for ars_nouveau:familiar_drygmy
[15Sept2026 14:37:34.992] [Worker-Main-5/ERROR] [dev.ftb.mods.ftblibrary.icon.EntityIconLoader/]: Missing entity icon settings for botania:doppleganger
[15Sept2026 14:37:34.993] [Worker-Main-5/ERROR] [dev.ftb.mods.ftblibrary.icon.EntityIconLoader/]: Missing entity icon settings for occultism:foliot
[15Sept2026 14:37:34.994] [Worker-Main-5/ERROR] [dev.ftb.mods.ftblibrary.icon.EntityIconLoader/]: Missing entity icon settings for occultism:possessed_shulker
[15Sept2026 14:37:34.994] [Worker-Main-5/ERROR] [dev.ftb.mods.ftblibrary.icon.EntityIconLoader/]: Missing entity icon settings for occultism:deer_familiar
[15Sept2026 14:37:34.995] [Worker-Main-5/ERROR] [dev.ftb.mods.ftblibrary.icon.EntityIconLoader/]: Missing entity icon settings for occultism:possessed_weak_breeze
[15Sept2026 14:37:34.996] [Worker-Main-5/ERROR] [dev.ftb.mods.ftblibrary.icon.EntityIconLoader/]: Missing entity icon settings for ars_nouveau:familiar_bookwyrm
[15Sept2026 14:37:34.996] [Worker-Main-5/ERROR] [dev.ftb.mods.ftblibrary.icon.EntityIconLoader/]: Missing entity icon settings for ars_nouveau:vexing_weald_walker
[15Sept2026 14:37:34.996] [Worker-Main-5/ERROR] [dev.ftb.mods.ftblibrary.icon.EntityIconLoader/]: Missing entity icon settings for occultism:possessed_enderman
[15Sept2026 14:37:34.996] [Worker-Main-5/ERROR] [dev.ftb.mods.ftblibrary.icon.EntityIconLoader/]: Missing entity icon settings for occultism:possessed_elder_guardian
[15Sept2026 14:37:34.996] [Worker-Main-5/ERROR] [dev.ftb.mods.ftblibrary.icon.EntityIconLoader/]: Missing entity icon settings for occultism:wild_spider
[15Sept2026 14:37:34.996] [Worker-Main-5/ERROR] [dev.ftb.mods.ftblibrary.icon.EntityIconLoader/]: Missing entity icon settings for occultism:possessed_bee
[15Sept2026 14:37:34.997] [Worker-Main-5/ERROR] [dev.ftb.mods.ftblibrary.icon.EntityIconLoader/]: Missing entity icon settings for occultism:possessed_guardian
[15Sept2026 14:37:34.997] [Worker-Main-5/ERROR] [dev.ftb.mods.ftblibrary.icon.EntityIconLoader/]: Missing entity icon settings for occultism:possessed_phantom
[15Sept2026 14:37:34.998] [Worker-Main-5/ERROR] [dev.ftb.mods.ftblibrary.icon.EntityIconLoader/]: Missing entity icon settings for occultism:djinni
[15Sept2026 14:37:34.998] [Worker-Main-5/ERROR] [dev.ftb.mods.ftblibrary.icon.EntityIconLoader/]: Missing entity icon settings for ars_nouveau:familiar_starbuncle
[15Sept2026 14:37:34.998] [Worker-Main-5/ERROR] [dev.ftb.mods.ftblibrary.icon.EntityIconLoader/]: Missing entity icon settings for occultism:possessed_zombie_piglin
[15Sept2026 14:37:34.999] [Worker-Main-5/ERROR] [dev.ftb.mods.ftblibrary.icon.EntityIconLoader/]: Missing entity icon settings for undergarden:mog
[15Sept2026 14:37:34.999] [Worker-Main-5/ERROR] [dev.ftb.mods.ftblibrary.icon.EntityIconLoader/]: Missing entity icon settings for ars_nouveau:cascading_weald_walker
[15Sept2026 14:37:34.999] [Worker-Main-5/ERROR] [dev.ftb.mods.ftblibrary.icon.EntityIconLoader/]: Missing entity icon settings for ars_nouveau:blazing_weald_walker
[15Sept2026 14:37:35.000] [Worker-Main-5/ERROR] [dev.ftb.mods.ftblibrary.icon.EntityIconLoader/]: Missing entity icon settings for occultism:wild_stray
[15Sept2026 14:37:35.000] [Worker-Main-3/INFO] [net.phoenix.chromatic_codes.PhoenixChromaticCodes/]: Phoenix's Chromatic Codes is heating up on NeoForge!
[15Sept2026 14:37:35.000] [Worker-Main-5/ERROR] [dev.ftb.mods.ftblibrary.icon.EntityIconLoader/]: Missing entity icon settings for occultism:marid
[15Sept2026 14:37:35.000] [Worker-Main-5/ERROR] [dev.ftb.mods.ftblibrary.icon.EntityIconLoader/]: Missing entity icon settings for occultism:beaver_familiar
[15Sept2026 14:37:35.000] [Worker-Main-5/ERROR] [dev.ftb.mods.ftblibrary.icon.EntityIconLoader/]: Entity undergarden:gwibling is using legacy invisible texture, please update it to use the new system!
[15Sept2026 14:37:35.001] [Worker-Main-5/ERROR] [dev.ftb.mods.ftblibrary.icon.EntityIconLoader/]: Missing entity icon settings for occultism:wild_hunt_wither_skeleton
[15Sept2026 14:37:35.001] [Worker-Main-5/ERROR] [dev.ftb.mods.ftblibrary.icon.EntityIconLoader/]: Missing entity icon settings for occultism:possessed_evoker
[15Sept2026 14:37:35.001] [Worker-Main-5/ERROR] [dev.ftb.mods.ftblibrary.icon.EntityIconLoader/]: Missing entity icon settings for occultism:possessed_weak_shulker
[15Sept2026 14:37:35.001] [Worker-Main-5/ERROR] [dev.ftb.mods.ftblibrary.icon.EntityIconLoader/]: Missing entity icon settings for undergarden:rotbelcher
[15Sept2026 14:37:35.002] [Worker-Main-5/ERROR] [dev.ftb.mods.ftblibrary.icon.EntityIconLoader/]: Missing entity icon settings for occultism:possessed_hoglin
[15Sept2026 14:37:35.002] [Worker-Main-5/ERROR] [dev.ftb.mods.ftblibrary.icon.EntityIconLoader/]: Missing entity icon settings for occultism:wild_cave_spider
[15Sept2026 14:37:35.002] [Worker-Main-5/ERROR] [dev.ftb.mods.ftblibrary.icon.EntityIconLoader/]: Missing entity icon settings for occultism:possessed_witch
[15Sept2026 14:37:35.004] [Worker-Main-5/ERROR] [dev.ftb.mods.ftblibrary.icon.EntityIconLoader/]: Missing entity icon settings for occultism:possessed_warden
[15Sept2026 14:37:35.004] [Worker-Main-5/ERROR] [dev.ftb.mods.ftblibrary.icon.EntityIconLoader/]: Missing entity icon settings for occultism:dragon_familiar
[15Sept2026 14:37:35.005] [Worker-Main-5/ERROR] [dev.ftb.mods.ftblibrary.icon.EntityIconLoader/]: Missing entity icon settings for embers:ancient_golem
[15Sept2026 14:37:35.005] [Worker-Main-5/ERROR] [dev.ftb.mods.ftblibrary.icon.EntityIconLoader/]: Missing entity icon settings for occultism:mercy_goat
[15Sept2026 14:37:35.005] [Worker-Main-5/ERROR] [dev.ftb.mods.ftblibrary.icon.EntityIconLoader/]: Missing entity icon settings for occultism:wild_horde_husk
[15Sept2026 14:37:35.006] [Worker-Main-5/ERROR] [dev.ftb.mods.ftblibrary.icon.EntityIconLoader/]: Missing entity icon settings for occultism:cthulhu_familiar
[15Sept2026 14:37:35.006] [Worker-Main-5/ERROR] [dev.ftb.mods.ftblibrary.icon.EntityIconLoader/]: Missing entity icon settings for occultism:beholder_familiar
[15Sept2026 14:37:35.006] [Worker-Main-5/ERROR] [dev.ftb.mods.ftblibrary.icon.EntityIconLoader/]: Missing entity icon settings for occultism:wild_husk
[15Sept2026 14:37:35.007] [Worker-Main-5/ERROR] [dev.ftb.mods.ftblibrary.icon.EntityIconLoader/]: Missing entity icon settings for ars_nouveau:flourishing_weald_walker
[15Sept2026 14:37:35.007] [Worker-Main-5/ERROR] [dev.ftb.mods.ftblibrary.icon.EntityIconLoader/]: Missing entity icon settings for occultism:afrit_wild
[15Sept2026 14:37:35.007] [Worker-Main-5/ERROR] [dev.ftb.mods.ftblibrary.icon.EntityIconLoader/]: Missing entity icon settings for occultism:wild_horde_drowned
[15Sept2026 14:37:35.007] [Worker-Main-5/ERROR] [dev.ftb.mods.ftblibrary.icon.EntityIconLoader/]: Missing entity icon settings for occultism:headless_familiar
[15Sept2026 14:37:35.008] [Worker-Main-5/ERROR] [dev.ftb.mods.ftblibrary.icon.EntityIconLoader/]: Missing entity icon settings for occultism:chimera_familiar
[15Sept2026 14:37:35.008] [Worker-Main-5/ERROR] [dev.ftb.mods.ftblibrary.icon.EntityIconLoader/]: Missing entity icon settings for occultism:afrit
[15Sept2026 14:37:35.008] [Worker-Main-5/ERROR] [dev.ftb.mods.ftblibrary.icon.EntityIconLoader/]: Missing entity icon settings for occultism:possessed_endermite
[15Sept2026 14:37:35.009] [Worker-Main-5/ERROR] [dev.ftb.mods.ftblibrary.icon.EntityIconLoader/]: Missing entity icon settings for occultism:wild_skeleton
[15Sept2026 14:37:35.009] [Worker-Main-5/ERROR] [dev.ftb.mods.ftblibrary.icon.EntityIconLoader/]: Missing entity icon settings for undergarden:smog_mog
[15Sept2026 14:37:35.009] [Worker-Main-5/ERROR] [dev.ftb.mods.ftblibrary.icon.EntityIconLoader/]: Missing entity icon settings for ars_nouveau:summon_wolf
[15Sept2026 14:37:35.010] [Worker-Main-5/ERROR] [dev.ftb.mods.ftblibrary.icon.EntityIconLoader/]: Missing entity icon settings for occultism:possessed_strong_breeze
[15Sept2026 14:37:35.010] [Worker-Main-5/ERROR] [dev.ftb.mods.ftblibrary.icon.EntityIconLoader/]: Missing entity icon settings for occultism:devil_familiar
[15Sept2026 14:37:35.011] [Worker-Main-5/ERROR] [dev.ftb.mods.ftblibrary.icon.EntityIconLoader/]: Missing entity icon settings for occultism:wondering_trader
[15Sept2026 14:37:35.011] [Worker-Main-1/WARN] [GeckoLib/]: Found animation file with improper file name format; animation files should end in .animation.json: 'ars_nouveau:animations/alteration_apparatus_animations.json'
[15Sept2026 14:37:35.011] [Worker-Main-5/ERROR] [dev.ftb.mods.ftblibrary.icon.EntityIconLoader/]: Missing entity icon settings for occultism:wild_bogged
[15Sept2026 14:37:35.011] [Worker-Main-5/ERROR] [dev.ftb.mods.ftblibrary.icon.EntityIconLoader/]: Missing entity icon settings for forgeborncore:spirit
[15Sept2026 14:37:35.013] [Worker-Main-5/ERROR] [dev.ftb.mods.ftblibrary.icon.EntityIconLoader/]: Missing entity icon settings for ars_nouveau:familiar_whirlisprig
[15Sept2026 14:37:35.014] [Worker-Main-5/ERROR] [dev.ftb.mods.ftblibrary.icon.EntityIconLoader/]: Missing entity icon settings for occultism:greedy_familiar
[15Sept2026 14:37:35.014] [Worker-Main-5/ERROR] [dev.ftb.mods.ftblibrary.icon.EntityIconLoader/]: Missing entity icon settings for occultism:guardian_familiar
[15Sept2026 14:37:35.014] [Worker-Main-5/ERROR] [dev.ftb.mods.ftblibrary.icon.EntityIconLoader/]: Missing entity icon settings for undergarden:denizen
[15Sept2026 14:37:35.018] [Worker-Main-5/ERROR] [dev.ftb.mods.ftblibrary.icon.EntityIconLoader/]: Missing entity icon settings for occultism:wild_hunt_skeleton
[15Sept2026 14:37:35.018] [Worker-Main-5/ERROR] [dev.ftb.mods.ftblibrary.icon.EntityIconLoader/]: Missing entity icon settings for occultism:wild_silverfish
[15Sept2026 14:37:35.019] [Worker-Main-5/ERROR] [dev.ftb.mods.ftblibrary.icon.EntityIconLoader/]: Missing entity icon settings for occultism:blacksmith_familiar
[15Sept2026 14:37:35.019] [Worker-Main-5/ERROR] [dev.ftb.mods.ftblibrary.icon.EntityIconLoader/]: Missing entity icon settings for ars_nouveau:wilden_guardian
[15Sept2026 14:37:35.019] [Worker-Main-5/ERROR] [dev.ftb.mods.ftblibrary.icon.EntityIconLoader/]: Missing entity icon settings for ars_nouveau:summon_skeleton
[15Sept2026 14:37:35.019] [Worker-Main-5/ERROR] [dev.ftb.mods.ftblibrary.icon.EntityIconLoader/]: Missing entity icon settings for ars_nouveau:wilden_boss
[15Sept2026 14:37:35.020] [Worker-Main-5/ERROR] [dev.ftb.mods.ftblibrary.icon.EntityIconLoader/]: Missing entity icon settings for ars_nouveau:amethyst_golem
[15Sept2026 14:37:35.020] [Worker-Main-5/ERROR] [dev.ftb.mods.ftblibrary.icon.EntityIconLoader/]: Missing entity icon settings for undergarden:gwib
[15Sept2026 14:37:35.020] [Worker-Main-5/ERROR] [dev.ftb.mods.ftblibrary.icon.EntityIconLoader/]: Missing entity icon settings for occultism:goat_familiar
[15Sept2026 14:37:35.021] [Worker-Main-5/ERROR] [dev.ftb.mods.ftblibrary.icon.EntityIconLoader/]: Missing entity icon settings for occultism:possessed_skeleton
[15Sept2026 14:37:35.021] [Worker-Main-5/ERROR] [dev.ftb.mods.ftblibrary.icon.EntityIconLoader/]: Missing entity icon settings for occultism:fairy_familiar
[15Sept2026 14:37:35.021] [Worker-Main-5/ERROR] [dev.ftb.mods.ftblibrary.icon.EntityIconLoader/]: Missing entity icon settings for smartbrainlib:sbl_skeleton
[15Sept2026 14:37:35.022] [Worker-Main-5/ERROR] [dev.ftb.mods.ftblibrary.icon.EntityIconLoader/]: Missing entity icon settings for ars_nouveau:gift_starby
[15Sept2026 14:37:35.022] [Worker-Main-5/ERROR] [dev.ftb.mods.ftblibrary.icon.EntityIconLoader/]: Missing entity icon settings for undergarden:mysterious_pot
[15Sept2026 14:37:35.022] [Worker-Main-5/ERROR] [dev.ftb.mods.ftblibrary.icon.EntityIconLoader/]: Missing entity icon settings for occultism:demonic_wife
[15Sept2026 14:37:35.022] [Worker-Main-5/ERROR] [dev.ftb.mods.ftblibrary.icon.EntityIconLoader/]: Missing entity icon settings for occultism:possessed_breeze
[15Sept2026 14:37:35.022] [Worker-Main-5/ERROR] [dev.ftb.mods.ftblibrary.icon.EntityIconLoader/]: Missing entity icon settings for occultism:otherworld_bird
[15Sept2026 14:37:35.022] [Worker-Main-5/ERROR] [dev.ftb.mods.ftblibrary.icon.EntityIconLoader/]: Missing entity icon settings for occultism:possessed_ghast
[15Sept2026 14:37:35.023] [Worker-Main-5/ERROR] [dev.ftb.mods.ftblibrary.icon.EntityIconLoader/]: Missing entity icon settings for ars_nouveau:familiar_wixie
[15Sept2026 14:37:35.023] [Worker-Main-5/ERROR] [dev.ftb.mods.ftblibrary.icon.EntityIconLoader/]: Missing entity icon settings for occultism:bat_familiar
[15Sept2026 14:37:35.023] [Worker-Main-5/ERROR] [dev.ftb.mods.ftblibrary.icon.EntityIconLoader/]: Missing entity icon settings for occultism:wild_zombie
[15Sept2026 14:37:35.024] [Worker-Main-5/ERROR] [dev.ftb.mods.ftblibrary.icon.EntityIconLoader/]: Missing entity icon settings for ars_nouveau:wilden_hunter
[15Sept2026 14:37:35.024] [Worker-Main-5/ERROR] [dev.ftb.mods.ftblibrary.icon.EntityIconLoader/]: Missing entity icon settings for ars_nouveau:summon_horse
[15Sept2026 14:37:35.024] [Worker-Main-5/ERROR] [dev.ftb.mods.ftblibrary.icon.EntityIconLoader/]: Missing entity icon settings for undergarden:greater_dweller
[15Sept2026 14:37:35.025] [Worker-Main-5/ERROR] [dev.ftb.mods.ftblibrary.icon.EntityIconLoader/]: Missing entity icon settings for occultism:marid_unbound
[15Sept2026 14:37:35.025] [Worker-Main-5/ERROR] [dev.ftb.mods.ftblibrary.icon.EntityIconLoader/]: Missing entity icon settings for ars_nouveau:alakarkinos
[15Sept2026 14:37:35.025] [Worker-Main-5/ERROR] [dev.ftb.mods.ftblibrary.icon.EntityIconLoader/]: Missing entity icon settings for occultism:wild_slime
[15Sept2026 14:37:35.025] [Worker-Main-5/ERROR] [dev.ftb.mods.ftblibrary.icon.EntityIconLoader/]: Missing entity icon settings for occultism:wild_horde_silverfish
[15Sept2026 14:37:35.025] [Worker-Main-5/ERROR] [dev.ftb.mods.ftblibrary.icon.EntityIconLoader/]: Missing entity icon settings for forgeborncore:brawler_skeleton
[15Sept2026 14:37:35.027] [Worker-Main-5/ERROR] [dev.ftb.mods.ftblibrary.icon.EntityIconLoader/]: Missing entity icon settings for occultism:mummy_familiar
[15Sept2026 14:37:35.027] [Worker-Main-5/ERROR] [dev.ftb.mods.ftblibrary.icon.EntityIconLoader/]: Missing entity icon settings for ars_nouveau:drygmy
[15Sept2026 14:37:35.027] [Worker-Main-5/ERROR] [dev.ftb.mods.ftblibrary.icon.EntityIconLoader/]: Missing entity icon settings for ars_nouveau:familiar_amethyst_golem
[15Sept2026 14:37:35.027] [Worker-Main-5/ERROR] [dev.ftb.mods.ftblibrary.icon.EntityIconLoader/]: Missing entity icon settings for occultism:shub_niggurath_familiar
[15Sept2026 14:37:35.027] [Worker-Main-5/ERROR] [dev.ftb.mods.ftblibrary.icon.EntityIconLoader/]: Missing entity icon settings for occultism:demonic_husband
[15Sept2026 14:37:35.027] [Worker-Main-5/ERROR] [dev.ftb.mods.ftblibrary.icon.EntityIconLoader/]: Missing entity icon settings for undergarden:forgotten
[15Sept2026 14:37:35.027] [Worker-Main-5/ERROR] [dev.ftb.mods.ftblibrary.icon.EntityIconLoader/]: Missing entity icon settings for occultism:shub_niggurath_spawn
[15Sept2026 14:37:35.028] [Worker-Main-5/ERROR] [dev.ftb.mods.ftblibrary.icon.EntityIconLoader/]: Missing entity icon settings for ars_nouveau:wilden_stalker
[15Sept2026 14:37:35.031] [Worker-Main-9/INFO] [com.klikli_dev.occultism.Occultism/]: Common setup complete.
[15Sept2026 14:37:35.048] [Worker-Main-9/WARN] [GeckoLib/]: Found animation file with improper file name format; animation files should end in .animation.json: 'ars_nouveau:animations/amethyst_golem_animations.json'
[15Sept2026 14:37:35.053] [Worker-Main-8/WARN] [GeckoLib/]: Found animation file with improper file name format; animation files should end in .animation.json: 'ars_nouveau:animations/animated_block_animations.json'
[15Sept2026 14:37:35.092] [Worker-Main-13/WARN] [GeckoLib/]: Found animation file with improper file name format; animation files should end in .animation.json: 'ars_nouveau:animations/arcane_core_animations.json'
[15Sept2026 14:37:35.094] [Worker-Main-2/WARN] [GeckoLib/]: Found animation file with improper file name format; animation files should end in .animation.json: 'ars_nouveau:animations/arcane_pedestal_animations.json'
[15Sept2026 14:37:35.095] [NeoForge Version Check/INFO] [net.neoforged.fml.VersionChecker/]: [ae2wtlib] Starting version check at https://api.modrinth.com/updates/applied-energistics-2-wireless-terminals/forge_updates.json?neoforge=only
[15Sept2026 14:37:35.170] [Worker-Main-10/WARN] [GeckoLib/]: Found animation file with improper file name format; animation files should end in .animation.json: 'ars_nouveau:animations/decor_blossom_animations.json'
[15Sept2026 14:37:35.170] [Worker-Main-15/WARN] [GeckoLib/]: Found animation file with improper file name format; animation files should end in .animation.json: 'ars_nouveau:animations/basic_spell_turret_animations.json'
[15Sept2026 14:37:35.170] [Worker-Main-13/WARN] [GeckoLib/]: Found animation file with improper file name format; animation files should end in .animation.json: 'ars_nouveau:animations/book_wyrm_animation.json'
[15Sept2026 14:37:35.170] [Worker-Main-2/WARN] [GeckoLib/]: Found animation file with improper file name format; animation files should end in .animation.json: 'ars_nouveau:animations/book_wyrm_lectern_animations.json'
[15Sept2026 14:37:35.171] [Worker-Main-15/WARN] [GeckoLib/]: Found animation file with improper file name format; animation files should end in .animation.json: 'ars_nouveau:animations/drygmy_animations.json'
[15Sept2026 14:37:35.171] [Worker-Main-13/WARN] [GeckoLib/]: Found animation file with improper file name format; animation files should end in .animation.json: 'ars_nouveau:animations/empty.json'
[15Sept2026 14:37:35.173] [Worker-Main-9/WARN] [GeckoLib/]: Found animation file with improper file name format; animation files should end in .animation.json: 'ars_nouveau:animations/enchanting_apparatus_animations.json'
[15Sept2026 14:37:35.180] [Worker-Main-10/WARN] [GeckoLib/]: Found animation file with improper file name format; animation files should end in .animation.json: 'ars_nouveau:animations/imbuement_chamber_animations.json'
[15Sept2026 14:37:35.181] [Worker-Main-15/WARN] [GeckoLib/]: Found animation file with improper file name format; animation files should end in .animation.json: 'ars_nouveau:animations/lily_animations.json'
[15Sept2026 14:37:35.228] [Worker-Main-12/WARN] [GeckoLib/]: Found animation file with improper file name format; animation files should end in .animation.json: 'ars_nouveau:animations/mana_relay_animation.json'
[15Sept2026 14:37:35.232] [Worker-Main-12/WARN] [GeckoLib/]: Found animation file with improper file name format; animation files should end in .animation.json: 'ars_nouveau:animations/mana_splitter_animation.json'
[15Sept2026 14:37:35.232] [Worker-Main-12/WARN] [GeckoLib/]: Found animation file with improper file name format; animation files should end in .animation.json: 'ars_nouveau:animations/nook_animation.json'
[15Sept2026 14:37:35.233] [Worker-Main-4/WARN] [GeckoLib/]: Found animation file with improper file name format; animation files should end in .animation.json: 'ars_nouveau:animations/potion_melder_animation.json'
[15Sept2026 14:37:35.234] [Worker-Main-4/WARN] [GeckoLib/]: Found animation file with improper file name format; animation files should end in .animation.json: 'ars_nouveau:animations/press_animations.json'
[15Sept2026 14:37:35.234] [Worker-Main-4/WARN] [GeckoLib/]: Found animation file with improper file name format; animation files should end in .animation.json: 'ars_nouveau:animations/redstone_relay_animations.json'
[15Sept2026 14:37:35.235] [Worker-Main-4/WARN] [GeckoLib/]: Found animation file with improper file name format; animation files should end in .animation.json: 'ars_nouveau:animations/ritual.json'
[15Sept2026 14:37:35.241] [Worker-Main-14/INFO] [net.minecraft.client.gui.font.providers.UnihexProvider/]: Found unifont_all_no_pua-15.1.05.hex, loading
[15Sept2026 14:37:35.255] [Worker-Main-11/WARN] [GeckoLib/]: Found animation file with improper file name format; animation files should end in .animation.json: 'ars_nouveau:animations/rune.json'
[15Sept2026 14:37:35.257] [Worker-Main-6/INFO] [net.minecraft.client.gui.font.providers.UnihexProvider/]: Found unifont_jp_patch-15.1.05.hex, loading
[15Sept2026 14:37:35.266] [Worker-Main-9/WARN] [GeckoLib/]: Found animation file with improper file name format; animation files should end in .animation.json: 'ars_nouveau:animations/source_collector_animations.json'
[15Sept2026 14:37:35.266] [Worker-Main-10/WARN] [GeckoLib/]: Found animation file with improper file name format; animation files should end in .animation.json: 'ars_nouveau:animations/scribes_table_animations.json'
[15Sept2026 14:37:35.266] [Worker-Main-1/WARN] [GeckoLib/]: Found animation file with improper file name format; animation files should end in .animation.json: 'ars_nouveau:animations/scryers_eye_animation.json'
[15Sept2026 14:37:35.267] [Worker-Main-4/WARN] [GeckoLib/]: Found animation file with improper file name format; animation files should end in .animation.json: 'ars_nouveau:animations/source_deposit_animations.json'
[15Sept2026 14:37:35.267] [Worker-Main-13/WARN] [GeckoLib/]: Found animation file with improper file name format; animation files should end in .animation.json: 'ars_nouveau:animations/source_relay_animations.json'
[15Sept2026 14:37:35.267] [Worker-Main-11/WARN] [GeckoLib/]: Found animation file with improper file name format; animation files should end in .animation.json: 'ars_nouveau:animations/source_splitter_animations.json'
[15Sept2026 14:37:35.267] [Worker-Main-2/WARN] [GeckoLib/]: Found animation file with improper file name format; animation files should end in .animation.json: 'ars_nouveau:animations/source_warp_animations.json'
[15Sept2026 14:37:35.267] [Worker-Main-1/WARN] [GeckoLib/]: Found animation file with improper file name format; animation files should end in .animation.json: 'ars_nouveau:animations/spell_turret_timer_animations.json'
[15Sept2026 14:37:35.267] [Worker-Main-8/WARN] [GeckoLib/]: Found animation file with improper file name format; animation files should end in .animation.json: 'ars_nouveau:animations/spell_turret_animations.json'
[15Sept2026 14:37:35.267] [Worker-Main-13/WARN] [GeckoLib/]: Found animation file with improper file name format; animation files should end in .animation.json: 'ars_nouveau:animations/spike_animations.json'
[15Sept2026 14:37:35.267] [Worker-Main-11/WARN] [GeckoLib/]: Found animation file with improper file name format; animation files should end in .animation.json: 'ars_nouveau:animations/starbuncle_animations.json'
[15Sept2026 14:37:35.267] [Worker-Main-9/WARN] [GeckoLib/]: Found animation file with improper file name format; animation files should end in .animation.json: 'ars_nouveau:animations/storage_catalog_animations.json'
[15Sept2026 14:37:35.267] [Worker-Main-4/WARN] [GeckoLib/]: Found animation file with improper file name format; animation files should end in .animation.json: 'ars_nouveau:animations/vitalic_sourcelink_animation.json'
[15Sept2026 14:37:35.267] [Worker-Main-2/WARN] [GeckoLib/]: Found animation file with improper file name format; animation files should end in .animation.json: 'ars_nouveau:animations/volcanic_sourcelink_animations.json'
[15Sept2026 14:37:35.267] [Worker-Main-1/WARN] [GeckoLib/]: Found animation file with improper file name format; animation files should end in .animation.json: 'ars_nouveau:animations/weald_waddler_animations.json'
[15Sept2026 14:37:35.267] [Worker-Main-13/WARN] [GeckoLib/]: Found animation file with improper file name format; animation files should end in .animation.json: 'ars_nouveau:animations/wand_animation.json'
[15Sept2026 14:37:35.267] [Worker-Main-4/WARN] [GeckoLib/]: Found animation file with improper file name format; animation files should end in .animation.json: 'ars_nouveau:animations/whirlisprig_animations.json'
[15Sept2026 14:37:35.267] [Worker-Main-2/WARN] [GeckoLib/]: Found animation file with improper file name format; animation files should end in .animation.json: 'ars_nouveau:animations/whirlisprig_blossom_animations.json'
[15Sept2026 14:37:35.267] [Worker-Main-1/WARN] [GeckoLib/]: Found animation file with improper file name format; animation files should end in .animation.json: 'ars_nouveau:animations/wilden_chimera_animations.json'
[15Sept2026 14:37:35.267] [Worker-Main-8/WARN] [GeckoLib/]: Found animation file with improper file name format; animation files should end in .animation.json: 'ars_nouveau:animations/weald_walker_animations.json'
[15Sept2026 14:37:35.267] [Worker-Main-13/WARN] [GeckoLib/]: Found animation file with improper file name format; animation files should end in .animation.json: 'ars_nouveau:animations/wilden_hunter_animations.json'
[15Sept2026 14:37:35.267] [Worker-Main-9/WARN] [GeckoLib/]: Found animation file with improper file name format; animation files should end in .animation.json: 'ars_nouveau:animations/wilden_defender_animations.json'
[15Sept2026 14:37:35.267] [Worker-Main-2/WARN] [GeckoLib/]: Found animation file with improper file name format; animation files should end in .animation.json: 'ars_nouveau:animations/wilden_stalker_animations.json'
[15Sept2026 14:37:35.268] [Worker-Main-4/WARN] [GeckoLib/]: Found animation file with improper file name format; animation files should end in .animation.json: 'ars_nouveau:animations/wixie_animations.json'
[15Sept2026 14:37:35.703] [NeoForge Version Check/INFO] [net.neoforged.fml.VersionChecker/]: [ae2wtlib] Found status: OUTDATED Current: 19.5.0 Target: 19.5.1
[15Sept2026 14:37:35.704] [NeoForge Version Check/INFO] [net.neoforged.fml.VersionChecker/]: [create] Starting version check at https://api.modrinth.com/updates/create/forge_updates.json?neoforge=only
[15Sept2026 14:37:35.865] [NeoForge Version Check/INFO] [net.neoforged.fml.VersionChecker/]: [create] Found status: OUTDATED Current: 6.0.10 Target: 6.0.10+mc1.21.1
[15Sept2026 14:37:36.276] [Render thread/INFO] [GTCEu/]: GregTech Model loading took 1281ms
[15Sept2026 14:37:36.479] [Render thread/INFO] [KubeJS Client/]: Client resource reload complete!
[15Sept2026 14:37:36.619] [Worker-Main-13/INFO] [Modular UI/]: Reloading Themes...
[15Sept2026 14:37:36.626] [Worker-Main-13/INFO] [Modular UI/]: Found themes.json's at [mod/modularui]
[15Sept2026 14:37:36.783] [Worker-Main-15/INFO] [xaero.map.WorldMap/]: Loading Xaero's World Map - Stage 1/2
[15Sept2026 14:37:36.784] [Worker-Main-7/INFO] [xaero.lib.XaeroLib/]: Loading XaeroLib client 1/2!
[15Sept2026 14:37:36.874] [Worker-Main-4/WARN] [net.minecraft.client.renderer.texture.atlas.sources.SingleFile/]: Missing sprite: forgebornmachinery:textures/block/casings/manasteel_casing_ctm.png
[15Sept2026 14:37:36.901] [Worker-Main-3/INFO] [xaero.minimap.XaeroMinimap/]: Loading Xaero's Minimap - Stage 1/2
[15Sept2026 14:37:36.951] [Worker-Main-4/WARN] [net.minecraft.client.renderer.texture.atlas.sources.SingleFile/]: Missing sprite: forgebornmachinery:textures/block/casings/manasteel_livingrock_casing_ctm.png
[15Sept2026 14:37:36.984] [Worker-Main-6/INFO] [com.klikli_dev.occultism.Occultism/]: Client setup complete.
[15Sept2026 14:37:37.247] [Worker-Main-11/ERROR] [net.minecraft.client.resources.model.ModelManager/]: Failed to load model rocketnautics:models/block/engine_core.json
com.google.gson.JsonParseException: 'from' specifier exceeds the allowed boundaries: ( 8.000E+0 -2.000E+1 -3.000E+0)
	at TRANSFORMER/minecraft@1.21.1/net.minecraft.client.renderer.block.model.BlockElement$Deserializer.getFrom(BlockElement.java:185) ~[neoforge-21.1.248.jar%23189!/:?]
	at TRANSFORMER/minecraft@1.21.1/net.minecraft.client.renderer.block.model.BlockElement$Deserializer.deserialize(BlockElement.java:82) ~[neoforge-21.1.248.jar%23189!/:?]
	at TRANSFORMER/minecraft@1.21.1/net.minecraft.client.renderer.block.model.BlockElement$Deserializer.deserialize(BlockElement.java:76) ~[neoforge-21.1.248.jar%23189!/:?]
	at MC-BOOTSTRAP/com.google.gson@2.10.1/com.google.gson.internal.bind.TreeTypeAdapter.read(TreeTypeAdapter.java:76) ~[gson-2.10.1.jar%23110!/:?]
	at MC-BOOTSTRAP/com.google.gson@2.10.1/com.google.gson.Gson.fromJson(Gson.java:1227) ~[gson-2.10.1.jar%23110!/:?]
	at MC-BOOTSTRAP/com.google.gson@2.10.1/com.google.gson.Gson.fromJson(Gson.java:1329) ~[gson-2.10.1.jar%23110!/:?]
	at MC-BOOTSTRAP/com.google.gson@2.10.1/com.google.gson.Gson.fromJson(Gson.java:1300) ~[gson-2.10.1.jar%23110!/:?]
	at MC-BOOTSTRAP/com.google.gson@2.10.1/com.google.gson.internal.bind.TreeTypeAdapter$GsonContextImpl.deserialize(TreeTypeAdapter.java:179) ~[gson-2.10.1.jar%23110!/:?]
	at TRANSFORMER/minecraft@1.21.1/net.minecraft.client.renderer.block.model.BlockModel$Deserializer.getElements(BlockModel.java:409) ~[neoforge-21.1.248.jar%23189!/:?]
	at TRANSFORMER/minecraft@1.21.1/net.minecraft.client.renderer.block.model.BlockModel$Deserializer.deserialize(BlockModel.java:338) ~[neoforge-21.1.248.jar%23189!/:?]
	at TRANSFORMER/neoforge@21.1.248/net.neoforged.neoforge.client.model.ExtendedBlockModelDeserializer.deserialize(ExtendedBlockModelDeserializer.java:51) ~[neoforge-21.1.248.jar%23190!/:?]
	at TRANSFORMER/neoforge@21.1.248/net.neoforged.neoforge.client.model.ExtendedBlockModelDeserializer.deserialize(ExtendedBlockModelDeserializer.java:37) ~[neoforge-21.1.248.jar%23190!/:?]
	at MC-BOOTSTRAP/com.google.gson@2.10.1/com.google.gson.internal.bind.TreeTypeAdapter.read(TreeTypeAdapter.java:76) ~[gson-2.10.1.jar%23110!/:?]
	at TRANSFORMER/minecraft@1.21.1/net.minecraft.util.GsonHelper.fromNullableJson(GsonHelper.java:507) ~[neoforge-21.1.248.jar%23189!/:?]
	at TRANSFORMER/minecraft@1.21.1/net.minecraft.util.GsonHelper.fromJson(GsonHelper.java:514) ~[neoforge-21.1.248.jar%23189!/:?]
	at TRANSFORMER/minecraft@1.21.1/net.minecraft.util.GsonHelper.fromJson(GsonHelper.java:566) ~[neoforge-21.1.248.jar%23189!/:?]
	at TRANSFORMER/minecraft@1.21.1/net.minecraft.client.renderer.block.model.BlockModel.fromStream(BlockModel.java:83) ~[neoforge-21.1.248.jar%23189!/:?]
	at TRANSFORMER/minecraft@1.21.1/net.minecraft.client.resources.model.ModelManager.lambda$loadBlockModels$8(ModelManager.java:144) ~[neoforge-21.1.248.jar%23189!/:?]
	at java.base/java.util.concurrent.CompletableFuture$AsyncSupply.run(CompletableFuture.java:1768) [?:?]
	at java.base/java.util.concurrent.CompletableFuture$AsyncSupply.exec(CompletableFuture.java:1760) [?:?]
	at java.base/java.util.concurrent.ForkJoinTask.doExec(ForkJoinTask.java:387) [?:?]
	at java.base/java.util.concurrent.ForkJoinPool$WorkQueue.topLevelExec(ForkJoinPool.java:1312) [?:?]
	at java.base/java.util.concurrent.ForkJoinPool.scan(ForkJoinPool.java:1843) [?:?]
	at java.base/java.util.concurrent.ForkJoinPool.runWorker(ForkJoinPool.java:1808) [?:?]
	at java.base/java.util.concurrent.ForkJoinWorkerThread.run(ForkJoinWorkerThread.java:188) [?:?]
[15Sept2026 14:37:37.624] [Worker-Main-4/WARN] [net.minecraft.client.renderer.texture.atlas.sources.SingleFile/]: Missing sprite: forgebornmachinery:textures/block/casings/solid_wrought_iron_casing_ctm.png
[15Sept2026 14:37:38.354] [Worker-Main-4/WARN] [net.minecraft.client.renderer.texture.atlas.sources.SingleFile/]: Missing sprite: forgebornmachinery:textures/block/casings/heat_and_pressure_resistant_machine_casing_ctm.png
[15Sept2026 14:37:38.575] [Worker-Main-4/WARN] [net.minecraft.client.renderer.texture.atlas.sources.SingleFile/]: Missing sprite: forgebornmachinery:textures/block/casings/machine_casing_kinetic_ctm.png
[15Sept2026 14:37:39.053] [Worker-Main-4/WARN] [net.minecraft.client.renderer.texture.atlas.sources.SingleFile/]: Missing sprite: forgebornmachinery:textures/block/casings/firebox_ctm.png
[15Sept2026 14:37:39.221] [Worker-Main-4/WARN] [net.minecraft.client.renderer.texture.atlas.sources.SingleFile/]: Missing sprite: forgebornmachinery:textures/block/casings/acacia_magnalium_casing_ctm.png
[15Sept2026 14:37:39.275] [Worker-Main-4/WARN] [net.minecraft.client.renderer.texture.atlas.sources.SingleFile/]: Missing sprite: forgebornmachinery:textures/block/casings/terrasteel_livingwood_casing_ctm.png
[15Sept2026 14:37:39.969] [Worker-Main-5/WARN] [net.minecraft.client.renderer.texture.SpriteContents/]: Invalid frame index on sprite kubejs:item/circuits/godium_circuit_board frame 7: 7
[15Sept2026 14:37:39.969] [Worker-Main-5/WARN] [net.minecraft.client.renderer.texture.SpriteContents/]: Invalid frame index on sprite kubejs:item/circuits/godium_circuit_board frame 8: 8
[15Sept2026 14:37:39.970] [Worker-Main-5/WARN] [net.minecraft.client.renderer.texture.SpriteContents/]: Invalid frame index on sprite kubejs:item/circuits/godium_circuit_board frame 9: 7
[15Sept2026 14:37:40.110] [Worker-Main-11/WARN] [net.minecraft.client.renderer.texture.SpriteLoader/]: Texture legendarysurvivaloverhaul:item/juice/healing_item_regen with size 18x18 limits mip level from 4 to 1
[15Sept2026 14:37:40.116] [Worker-Main-11/WARN] [net.minecraft.client.renderer.texture.SpriteLoader/]: Texture forgeborncore:block/obj/space_layer with size 1625x813 limits mip level from 1 to 0
[15Sept2026 14:37:40.406] [Worker-Main-3/WARN] [net.minecraft.client.resources.model.BlockStateModelLoader/]: Exception loading blockstate definition: 'ars_nouveau:blockstates/particle_block.json' missing model for variant: 'ars_nouveau:particle_block#waterlogged=true'
[15Sept2026 14:37:40.407] [Worker-Main-3/WARN] [net.minecraft.client.resources.model.BlockStateModelLoader/]: Exception loading blockstate definition: 'ars_nouveau:blockstates/particle_block.json' missing model for variant: 'ars_nouveau:particle_block#waterlogged=false'
[15Sept2026 14:37:40.435] [Worker-Main-3/WARN] [net.minecraft.client.resources.model.BlockStateModelLoader/]: Exception loading blockstate definition: 'ars_nouveau:blockstates/planarium_projector.json' missing model for variant: 'ars_nouveau:planarium_projector#'
[15Sept2026 14:37:40.549] [Worker-Main-3/WARN] [net.minecraft.client.resources.model.BlockStateModelLoader/]: Exception loading blockstate definition: 'embers:blockstates/dwarven_mithril_crystal_seed.json' missing model for variant: 'embers:dwarven_mithril_crystal_seed#waterlogged=true'
[15Sept2026 14:37:40.550] [Worker-Main-3/WARN] [net.minecraft.client.resources.model.BlockStateModelLoader/]: Exception loading blockstate definition: 'embers:blockstates/dwarven_mithril_crystal_seed.json' missing model for variant: 'embers:dwarven_mithril_crystal_seed#waterlogged=false'
[15Sept2026 14:37:40.639] [Worker-Main-3/WARN] [net.minecraft.client.resources.model.BlockStateModelLoader/]: Exception loading blockstate definition: 'occultism:blockstates/otherglass.json' missing model for variant: 'occultism:otherglass#'
[15Sept2026 14:37:41.157] [Worker-Main-3/WARN] [net.minecraft.client.resources.model.ModelBakery/]: Unable to load model: 'modularui:item/test_item' referenced from: modularui:item/test_item: java.io.FileNotFoundException: modularui:models/item/test_item.json
[15Sept2026 14:37:41.170] [Worker-Main-3/WARN] [net.minecraft.client.resources.model.ModelBakery/]: Unable to load model: 'rocketnautics:item/credits_book' referenced from: rocketnautics:item/credits_book: java.io.FileNotFoundException: rocketnautics:models/item/credits_book.json
[15Sept2026 14:37:41.187] [Worker-Main-3/WARN] [net.minecraft.client.resources.model.ModelBakery/]: Unable to load model: 'occultism:item/ritual_dummy_misc' referenced from: occultism:item/jei_dummy/none: java.io.FileNotFoundException: occultism:models/item/ritual_dummy_misc.json
[15Sept2026 14:37:41.215] [Worker-Main-3/WARN] [net.minecraft.client.resources.model.ModelBakery/]: Unable to load model: 'ars_nouveau:item/planarium_projector' referenced from: ars_nouveau:item/planarium_projector: java.io.FileNotFoundException: ars_nouveau:models/item/planarium_projector.json
[15Sept2026 14:37:41.248] [Render thread/INFO] [KubeJS/]: Started the local web server at http://localhost:61423
[15Sept2026 14:37:41.257] [Render thread/INFO] [xaero.map.WorldMap/]: Loading Xaero's World Map - Stage 2/2
[15Sept2026 14:37:41.264] [Render thread/INFO] [xaero.map.WorldMap/]: New world map region cache hash code: 1113524036
[15Sept2026 14:37:41.956] [Render thread/INFO] [xaero.map.WorldMap/]: Registered player tracker system: map_synced
[15Sept2026 14:37:41.960] [Render thread/INFO] [xaero.map.WorldMap/]: Xaero's WorldMap Mod: Xaero's minimap found!
[15Sept2026 14:37:41.969] [Render thread/INFO] [xaero.map.WorldMap/]: Registered player tracker system: minimap_synced
[15Sept2026 14:37:41.970] [Render thread/INFO] [xaero.map.WorldMap/]: No Optifine!
[15Sept2026 14:37:41.970] [Render thread/INFO] [xaero.map.WorldMap/]: Xaero's World Map: No Vivecraft!
[15Sept2026 14:37:41.970] [Render thread/INFO] [xaero.map.WorldMap/]: Xaero's World Map: Iris found!
[15Sept2026 14:37:42.024] [Render thread/INFO] [xaero.minimap.XaeroMinimap/]: Loading Xaero's Minimap - Stage 2/2
[15Sept2026 14:37:42.898] [Render thread/INFO] [xaero.hud.minimap.MinimapLogs/]: Registered player tracker system: minimap_synced
[15Sept2026 14:37:42.899] [Render thread/INFO] [xaero.hud.minimap.MinimapLogs/]: Xaero's Minimap: World Map found!
[15Sept2026 14:37:42.901] [Render thread/INFO] [xaero.hud.minimap.MinimapLogs/]: No Optifine!
[15Sept2026 14:37:42.901] [Render thread/INFO] [xaero.hud.minimap.MinimapLogs/]: Xaero's Minimap: No Vivecraft!
[15Sept2026 14:37:42.901] [Render thread/INFO] [xaero.hud.minimap.MinimapLogs/]: Xaero's Minimap: Iris found!
[15Sept2026 14:37:42.904] [Render thread/INFO] [xaero.lib.XaeroLib/]: Loading XaeroLib common 2/2!
[15Sept2026 14:37:42.904] [Render thread/INFO] [xaero.lib.XaeroLib/]: Loading XaeroLib client 2/2!
[15Sept2026 14:37:46.906] [Worker-Main-3/WARN] [net.minecraft.client.resources.model.ModelManager/]: Missing textures in model kubejs:gt_quantum#inventory:
    minecraft:textures/atlas/blocks.png:minecraft:assets/item/gt_quantum
[15Sept2026 14:37:46.907] [Worker-Main-3/WARN] [net.minecraft.client.resources.model.ModelManager/]: Missing textures in model kubejs:enchanted_fabric#inventory:
    minecraft:textures/atlas/blocks.png:kubejs:item/enchanted_fabric
[15Sept2026 14:37:46.907] [Worker-Main-3/WARN] [net.minecraft.client.resources.model.ModelManager/]: Missing textures in model kubejs:raw_terrasteel_crystal#inventory:
    minecraft:textures/atlas/blocks.png:kubejs:item/raw_terrasteel_crystal
[15Sept2026 14:37:46.907] [Worker-Main-3/WARN] [net.minecraft.client.resources.model.ModelManager/]: Missing textures in model kubejs:plant_rope#inventory:
    minecraft:textures/atlas/blocks.png:kubejs:item/plant_rope
[15Sept2026 14:37:46.907] [Worker-Main-3/WARN] [net.minecraft.client.resources.model.ModelManager/]: Missing textures in model kubejs:cursed_cloth#inventory:
    minecraft:textures/atlas/blocks.png:kubejs:item/cursed_cloth
[15Sept2026 14:37:53.227] [Render thread/INFO] [Veil/]: Loaded 0 shader modifications
[15Sept2026 14:37:53.555] [Render thread/INFO] [Veil/]: Loaded 30 shaders from: pinwheel/shaders/program
[15Sept2026 14:37:53.681] [Worker-Main-3/INFO] [com.rekindled.embers.Embers/]: Registered Embers Jade server data provider
[15Sept2026 14:37:53.690] [Worker-Main-3/INFO] [com.rekindled.embers.Embers/]: Registered Embers Jade block component provider
[15Sept2026 14:37:53.756] [Worker-Main-3/INFO] [snownee.jade.Jade/]: Start loading plugin from com.gregtechceu.gtceu.integration.jade.GTJadePlugin
[15Sept2026 14:37:53.793] [Worker-Main-3/INFO] [snownee.jade.Jade/]: Bootstrapped plugin from com.gregtechceu.gtceu.integration.jade.GTJadePlugin in 22.46 ms
[15Sept2026 14:37:53.796] [Worker-Main-3/INFO] [snownee.jade.Jade/]: Loaded plugin from com.gregtechceu.gtceu.integration.jade.GTJadePlugin in 26.11 ms
[15Sept2026 14:37:53.796] [Worker-Main-3/INFO] [snownee.jade.Jade/]: Start loading plugin from snownee.jade.addon.vanilla.VanillaPlugin
[15Sept2026 14:37:53.827] [Worker-Main-3/INFO] [snownee.jade.Jade/]: Bootstrapped plugin from snownee.jade.addon.vanilla.VanillaPlugin in 28.85 ms
[15Sept2026 14:37:53.834] [Worker-Main-3/INFO] [snownee.jade.Jade/]: Loaded plugin from snownee.jade.addon.vanilla.VanillaPlugin in 36.15 ms
[15Sept2026 14:37:53.834] [Worker-Main-3/INFO] [snownee.jade.Jade/]: Start loading plugin from snownee.jade.addon.universal.UniversalPlugin
[15Sept2026 14:37:53.841] [Worker-Main-3/INFO] [snownee.jade.Jade/]: Bootstrapped plugin from snownee.jade.addon.universal.UniversalPlugin in 6.104 ms
[15Sept2026 14:37:53.841] [Worker-Main-3/INFO] [snownee.jade.Jade/]: Loaded plugin from snownee.jade.addon.universal.UniversalPlugin in 6.638 ms
[15Sept2026 14:37:53.842] [Worker-Main-3/INFO] [snownee.jade.Jade/]: Start loading plugin from snownee.jade.addon.debug.DebugPlugin
[15Sept2026 14:37:53.844] [Worker-Main-3/INFO] [snownee.jade.Jade/]: Bootstrapped plugin from snownee.jade.addon.debug.DebugPlugin in 2.121 ms
[15Sept2026 14:37:53.845] [Worker-Main-3/INFO] [snownee.jade.Jade/]: Loaded plugin from snownee.jade.addon.debug.DebugPlugin in 2.353 ms
[15Sept2026 14:37:53.845] [Worker-Main-3/INFO] [snownee.jade.Jade/]: Start loading plugin from snownee.jade.addon.core.CorePlugin
[15Sept2026 14:37:53.850] [Worker-Main-3/INFO] [snownee.jade.Jade/]: Bootstrapped plugin from snownee.jade.addon.core.CorePlugin in 4.243 ms
[15Sept2026 14:37:53.850] [Worker-Main-3/INFO] [snownee.jade.Jade/]: Loaded plugin from snownee.jade.addon.core.CorePlugin in 4.653 ms
[15Sept2026 14:37:53.851] [Worker-Main-3/INFO] [snownee.jade.Jade/]: Start loading plugin from snownee.jade.addon.access.AccessibilityPlugin
[15Sept2026 14:37:53.855] [Worker-Main-3/INFO] [snownee.jade.Jade/]: Bootstrapped plugin from snownee.jade.addon.access.AccessibilityPlugin in 3.759 ms
[15Sept2026 14:37:53.855] [Worker-Main-3/INFO] [snownee.jade.Jade/]: Loaded plugin from snownee.jade.addon.access.AccessibilityPlugin in 4.087 ms
[15Sept2026 14:37:53.855] [Worker-Main-3/INFO] [snownee.jade.Jade/]: Start loading plugin from appeng.integration.modules.jade.JadeModule
[15Sept2026 14:37:53.862] [Worker-Main-5/INFO] [PonderIndex/]: Registering Ponder Scenes took 200.1 ms
[15Sept2026 14:37:53.872] [Worker-Main-5/INFO] [PonderIndex/]: Registering Ponder Tags took 9.138 ms
[15Sept2026 14:37:53.888] [Worker-Main-3/INFO] [snownee.jade.Jade/]: Bootstrapped plugin from appeng.integration.modules.jade.JadeModule in 31.46 ms
[15Sept2026 14:37:53.888] [Worker-Main-3/INFO] [snownee.jade.Jade/]: Loaded plugin from appeng.integration.modules.jade.JadeModule in 32.02 ms
[15Sept2026 14:37:53.888] [Worker-Main-3/INFO] [snownee.jade.Jade/]: Start loading plugin from com.hollingsworth.arsnouveau.client.waila.WailaArsNouveauPlugin
[15Sept2026 14:37:53.891] [Worker-Main-3/INFO] [snownee.jade.Jade/]: Bootstrapped plugin from com.hollingsworth.arsnouveau.client.waila.WailaArsNouveauPlugin in 728.3 μs
[15Sept2026 14:37:53.892] [Worker-Main-3/INFO] [snownee.jade.Jade/]: Loaded plugin from com.hollingsworth.arsnouveau.client.waila.WailaArsNouveauPlugin in 1.365 ms
[15Sept2026 14:37:53.892] [Worker-Main-3/INFO] [snownee.jade.Jade/]: Start loading plugin from com.klikli_dev.occultism.integration.waila.OccultismPlugin
[15Sept2026 14:37:53.895] [Worker-Main-3/INFO] [snownee.jade.Jade/]: Bootstrapped plugin from com.klikli_dev.occultism.integration.waila.OccultismPlugin in 2.094 ms
[15Sept2026 14:37:53.895] [Worker-Main-3/INFO] [snownee.jade.Jade/]: Loaded plugin from com.klikli_dev.occultism.integration.waila.OccultismPlugin in 2.586 ms
[15Sept2026 14:37:53.895] [Worker-Main-3/INFO] [snownee.jade.Jade/]: Start loading plugin from quek.undergarden.compat.jade.UndergardenJadeCompat
[15Sept2026 14:37:53.897] [Worker-Main-3/INFO] [snownee.jade.Jade/]: Bootstrapped plugin from quek.undergarden.compat.jade.UndergardenJadeCompat in 1.257 ms
[15Sept2026 14:37:53.898] [Worker-Main-3/INFO] [snownee.jade.Jade/]: Loaded plugin from quek.undergarden.compat.jade.UndergardenJadeCompat in 1.615 ms
[15Sept2026 14:37:54.396] [Render thread/INFO] [KubeJS Startup/]: Capturing errors for startup scripts disabled
[15Sept2026 14:37:54.397] [Render thread/INFO] [KubeJS Client/]: Capturing errors for client scripts disabled
[15Sept2026 14:37:55.249] [Render thread/ERROR] [net.minecraft.client.sounds.SoundManager/]: Missing subtitle translation{key='subtitles.embers.block.wildfire_stirling.start', args=[]} for sound event: embers:block.wildfire_stirling.start
[15Sept2026 14:37:55.250] [Render thread/ERROR] [net.minecraft.client.sounds.SoundManager/]: Missing subtitle translation{key='subtitles.rocketnautics.rocket_thrust', args=[]} for sound event: rocketnautics:rocket_thrust
[15Sept2026 14:37:55.251] [Render thread/ERROR] [net.minecraft.client.sounds.SoundManager/]: Missing subtitle translation{key='subtitles.embers.block.wildfire_stirling.stop', args=[]} for sound event: embers:block.wildfire_stirling.stop
[15Sept2026 14:37:55.252] [Render thread/WARN] [net.minecraft.client.sounds.SoundEngine/]: Missing sound for event: minecraft:item.goat_horn.play
[15Sept2026 14:37:55.252] [Render thread/WARN] [net.minecraft.client.sounds.SoundEngine/]: Missing sound for event: minecraft:entity.goat.screaming.horn_break
[15Sept2026 14:37:55.812] [Render thread/INFO] [com.mojang.blaze3d.audio.Library/]: OpenAL initialized on device OpenAL Soft on Headphones (Realtek(R) Audio)
[15Sept2026 14:37:55.813] [Render thread/INFO] [net.minecraft.client.sounds.SoundEngine/SOUNDS]: Sound engine started
[15Sept2026 14:37:57.028] [Render thread/INFO] [net.minecraft.client.renderer.texture.TextureAtlas/]: Created: 4096x2048x4 minecraft:textures/atlas/blocks.png-atlas
[15Sept2026 14:37:57.988] [Render thread/INFO] [net.minecraft.client.renderer.texture.TextureAtlas/]: Created: 512x512x4 minecraft:textures/atlas/signs.png-atlas
[15Sept2026 14:37:57.988] [Render thread/INFO] [net.minecraft.client.renderer.texture.TextureAtlas/]: Created: 512x512x4 minecraft:textures/atlas/shield_patterns.png-atlas
[15Sept2026 14:37:57.989] [Render thread/INFO] [net.minecraft.client.renderer.texture.TextureAtlas/]: Created: 1024x512x4 minecraft:textures/atlas/banner_patterns.png-atlas
[15Sept2026 14:37:57.989] [Render thread/INFO] [net.minecraft.client.renderer.texture.TextureAtlas/]: Created: 2048x2048x4 minecraft:textures/atlas/armor_trims.png-atlas
[15Sept2026 14:37:57.994] [Render thread/INFO] [net.minecraft.client.renderer.texture.TextureAtlas/]: Created: 256x256x4 minecraft:textures/atlas/chest.png-atlas
[15Sept2026 14:37:57.994] [Render thread/INFO] [net.minecraft.client.renderer.texture.TextureAtlas/]: Created: 128x64x4 minecraft:textures/atlas/decorated_pot.png-atlas
[15Sept2026 14:37:57.995] [Render thread/INFO] [net.minecraft.client.renderer.texture.TextureAtlas/]: Created: 512x256x4 minecraft:textures/atlas/beds.png-atlas
[15Sept2026 14:37:57.995] [Render thread/INFO] [net.minecraft.client.renderer.texture.TextureAtlas/]: Created: 512x256x4 minecraft:textures/atlas/shulker_boxes.png-atlas
[15Sept2026 14:37:58.162] [Render thread/INFO] [net.minecraft.client.renderer.texture.TextureAtlas/]: Created: 1024x512x0 minecraft:textures/atlas/particles.png-atlas
[15Sept2026 14:37:58.164] [Render thread/WARN] [net.minecraft.client.particle.ParticleEngine/]: Missing particle sprites: aeronautics:gust_0
[15Sept2026 14:37:58.164] [Render thread/INFO] [net.minecraft.client.renderer.texture.TextureAtlas/]: Created: 512x512x0 minecraft:textures/atlas/paintings.png-atlas
[15Sept2026 14:37:58.165] [Render thread/INFO] [net.minecraft.client.renderer.texture.TextureAtlas/]: Created: 256x256x0 minecraft:textures/atlas/mob_effects.png-atlas
[15Sept2026 14:37:58.165] [Render thread/INFO] [net.minecraft.client.renderer.texture.TextureAtlas/]: Created: 64x64x0 minecraft:textures/atlas/map_decorations.png-atlas
[15Sept2026 14:37:58.165] [Render thread/INFO] [net.minecraft.client.renderer.texture.TextureAtlas/]: Created: 8192x8192x0 minecraft:textures/atlas/gui.png-atlas
[15Sept2026 14:37:58.307] [Render thread/WARN] [net.minecraft.client.renderer.ShaderInstance/]: Shader rendertype_entity_translucent_emissive could not find sampler named Sampler2 in the specified shader program.
[15Sept2026 14:37:58.387] [Render thread/WARN] [net.minecraft.client.renderer.ShaderInstance/]: Shader botania:pylon could not find uniform named IViewRotMat in the specified shader program.
[15Sept2026 14:37:58.389] [Render thread/WARN] [net.minecraft.client.renderer.ShaderInstance/]: Shader botania:film_grain_particle could not find sampler named Sampler2 in the specified shader program.
[15Sept2026 14:37:58.395] [Render thread/WARN] [net.minecraft.client.renderer.ShaderInstance/]: Shader ars_nouveau:rainbow_entity could not find uniform named IViewRotMat in the specified shader program.
[15Sept2026 14:37:58.396] [Render thread/WARN] [net.minecraft.client.renderer.ShaderInstance/]: Shader ars_nouveau:blamed_entity could not find uniform named IViewRotMat in the specified shader program.
[15Sept2026 14:37:58.402] [Render thread/WARN] [net.minecraft.client.renderer.ShaderInstance/]: Shader embers:rendertype_entity_solid_mithril could not find uniform named IViewRotMat in the specified shader program.
[15Sept2026 14:37:58.402] [Render thread/WARN] [net.minecraft.client.renderer.ShaderInstance/]: Shader embers:rendertype_entity_solid_mithril could not find uniform named PlayerPos in the specified shader program.
[15Sept2026 14:37:58.408] [Render thread/INFO] [team.lodestar.lodestone.LodestoneLib/]: Registering shaders for mod: lodestone
[15Sept2026 14:37:58.424] [Render thread/WARN] [net.minecraft.client.renderer.ShaderInstance/]: Shader lodestone:shapes/scrolling_texture could not find uniform named GameTime in the specified shader program.
[15Sept2026 14:37:58.424] [Render thread/WARN] [net.minecraft.client.renderer.ShaderInstance/]: Shader lodestone:shapes/scrolling_texture could not find uniform named Speed in the specified shader program.
[15Sept2026 14:37:58.424] [Render thread/WARN] [team.lodestar.lodestone.LodestoneLib/]: Shader json lodestone:shapes/scrolling_texture has a uniform Speed that is not present in the shader instance uniform map. This may cause issues.
[15Sept2026 14:37:58.425] [Render thread/WARN] [net.minecraft.client.renderer.ShaderInstance/]: Shader lodestone:shapes/scrolling_triangle_texture could not find uniform named GameTime in the specified shader program.
[15Sept2026 14:37:58.425] [Render thread/WARN] [net.minecraft.client.renderer.ShaderInstance/]: Shader lodestone:shapes/scrolling_triangle_texture could not find uniform named Speed in the specified shader program.
[15Sept2026 14:37:58.426] [Render thread/WARN] [team.lodestar.lodestone.LodestoneLib/]: Shader json lodestone:shapes/scrolling_triangle_texture has a uniform Speed that is not present in the shader instance uniform map. This may cause issues.
[15Sept2026 14:37:58.427] [Render thread/INFO] [team.lodestar.lodestone.LodestoneLib/]: Loaded geometry program: lodestone:nineslice/nine_slice
[15Sept2026 14:37:58.429] [Render thread/INFO] [team.lodestar.lodestone.LodestoneLib/]: Loaded geometry program: lodestone:nineslice/distorted/distorted_nine_slice_texture
[15Sept2026 14:37:58.439] [Render thread/INFO] [team.lodestar.lodestone.LodestoneLib/]: Registering shaders for mod: malum
[15Sept2026 14:37:58.492] [Render thread/INFO] [net.minecraft.client.renderer.texture.TextureAtlas/]: Created: 256x256x0 jei:textures/atlas/gui.png-atlas
[15Sept2026 14:37:58.504] [Render thread/INFO] [xaero.lib.XaeroLib/]: Successfully reloaded the XaeroLib shaders!
[15Sept2026 14:37:58.505] [Render thread/INFO] [net.neoforged.neoforge.client.entity.animation.json.AnimationLoader/]: Loaded 0 entity animations
[15Sept2026 14:37:58.505] [Render thread/INFO] [Veil/]: Loaded 3 framebuffers
[15Sept2026 14:37:58.525] [Render thread/INFO] [Veil/]: Loaded 7 post pipelines
[15Sept2026 14:37:58.530] [Render thread/INFO] [Veil/]: Loaded 4 render types
[15Sept2026 14:37:58.531] [Render thread/INFO] [Veil/]: Enabled bloom pipeline
[15Sept2026 14:37:58.531] [Render thread/INFO] [Veil/]: Loaded 0 quasar particles
[15Sept2026 14:37:58.531] [Render thread/INFO] [Veil/]: Loaded 0 templates
[15Sept2026 14:37:58.531] [Render thread/INFO] [Veil/]: Loaded 0 modules
[15Sept2026 14:37:58.536] [Render thread/INFO] [guideme.internal.GuideReloadListener/]: Data driven guides: []
[15Sept2026 14:37:58.545] [Render thread/INFO] [net.minecraft.client.renderer.texture.TextureAtlas/]: Created: 16x16x0 gtceu:textures/atlas/gui.png-atlas
[15Sept2026 14:37:58.578] [Render thread/INFO] [flywheel/backend/shaders/]: Loaded 79 shader sources in 28.091 ms
[15Sept2026 14:37:58.610] [Render thread/INFO] [com.simibubi.create.Create/]: Loaded 58 train hat configurations.
[15Sept2026 14:37:58.611] [Render thread/INFO] [patchouli/]: BookContentResourceListenerLoader preloaded 555 jsons
[15Sept2026 14:37:58.657] [Render thread/INFO] [net.minecraft.client.renderer.texture.TextureAtlas/]: Created: 16x16x0 modularui:textures/atlas/gui.png-atlas
[15Sept2026 14:37:58.789] [Render thread/INFO] [Iris/]: Creating pipeline for dimension minecraft:overworld
[15Sept2026 14:41:26.831] [Render thread/INFO] [com.simibubi.create.Create/]: Created 280 recipes which will be injected into the game
[15Sept2026 14:41:26.835] [Render thread/INFO] [com.simibubi.create.Create/]: Created 6 tags which will be injected into the game
[15Sept2026 14:41:26.898] [Render thread/INFO] [KubeJS Server/]: Capturing errors for server scripts enabled
[15Sept2026 14:41:26.937] [Render thread/INFO] [KubeJS Server/]: server_scripts:main.js#2: Hello, World! (Loaded server example script)
[15Sept2026 14:41:26.938] [Render thread/INFO] [KubeJS Server/]: Loaded script server_scripts:main.js in 0.0 s
[15Sept2026 14:41:26.955] [Render thread/INFO] [KubeJS Server/]: Loaded 1/1 KubeJS server scripts in 0.057 s with 0 errors and 0 warnings
[15Sept2026 14:41:26.956] [Render thread/INFO] [KubeJS/]: Loaded 77 data packs: create:dynamic_data, gtceu:dynamic_data, vanilla, KubeJS Virtual Resource Pack [Before Mods, data], mod_data, mod/sodium, mod/smartbrainlib, mod/rhino, mod/fabric_renderer_api_v1, mod/geckolib, mod/jei, mod/xaerolib, mod/aeronautics, mod/xaeroworldmap, mod/neoforge, mod/fabric_block_view_api_v2, mod/iris, mod/veil, mod/simulated, mod/guideme, mod/ldlib, mod/nuggets, mod/cloth_config, mod/offroad, mod/farmersdelight, mod/emi, mod/kubejs, mod/fabric_api_base, mod/configuration, mod/gtceu, mod/the_afterdark, mod/jade, mod/ae2, mod/nebulaeae2, mod/ae2wtlib, mod/ae2wtlib_api, mod/botania, mod/rocketnautics,dimensional_sable, mod/flywheel, mod/ponder, mod/create, mod/sable, mod/sablecompanion, mod/patchouli, mod/xaerominimap, mod/legendarysurvivaloverhaul, mod/curios, mod/ars_nouveau, mod/modularui, mod/modonomicon, mod/resourcefullib, mod/betteradvancedtooltips, mod/lambdynlights_api, mod/embers, mod/architectury, mod/ftblibrary, mod/ftbteams, mod/ftbchunks, mod/ftbquests, mod/worldstripper, mod/occultism, mod/fabric_rendering_data_attachment_v1, mod/undergarden, mod/lodestone, mod/malum, mod/infiniverse, mod/journeymap_api, mod/effortlessbuilding, mod/vanillin, mod/phoenix_chromatic_codes, mod/space_gravity, KubeJS Virtual Resource Pack [Internal, data], KubeJS Virtual Resource Pack [Registries, data], KubeJS Virtual Resource Pack [After Mods, data], KubeJS File Resource Pack [data], mod/forgeborncore, KubeJS Virtual Resource Pack [Last, data]
[15Sept2026 14:41:32.426] [Render thread/ERROR] [GTCEu/]: Output item is not one of:
Item, Supplier<Item>, ItemStack, MaterialEntry, MachineDefinition
id: gtceu:port_otherrock
[15Sept2026 14:41:32.427] [Render thread/ERROR] [GTCEu/]: Output item is not one of:
Item, Supplier<Item>, ItemStack, MaterialEntry, MachineDefinition
id: gtceu:port_otherstone
[15Sept2026 14:41:32.427] [Render thread/ERROR] [GTCEu/]: Output item is not one of:
Item, Supplier<Item>, ItemStack, MaterialEntry, MachineDefinition
id: gtceu:port_otherworld_sapling_natural
[15Sept2026 14:41:32.427] [Render thread/ERROR] [GTCEu/]: Output item is not one of:
Item, Supplier<Item>, ItemStack, MaterialEntry, MachineDefinition
id: gtceu:port_otherflower
[15Sept2026 14:41:33.641] [Render thread/INFO] [GTCEu/]: Registering dungeon loot...
[15Sept2026 14:41:33.646] [Render thread/INFO] [GTCEu/]: GregTech Data loading took 6002ms
[15Sept2026 14:41:34.576] [Worker-Main-6/INFO] [AE2:C/]: Scanning class appeng.server.testplots.AutoCraftingTestPlots for plots
[15Sept2026 14:41:34.580] [Worker-Main-6/INFO] [AE2:C/]: Scanning class appeng.server.testplots.SpawnExtraGridTestTools for plots
[15Sept2026 14:41:34.580] [Worker-Main-6/INFO] [AE2:C/]: Scanning class appeng.server.testplots.PatternProviderPlots for plots
[15Sept2026 14:41:34.580] [Worker-Main-6/INFO] [AE2:C/]: Scanning class appeng.server.testplots.CrystalResonanceGeneratorTestPlots for plots
[15Sept2026 14:41:34.580] [Worker-Main-6/INFO] [AE2:C/]: Scanning class appeng.server.testplots.InterfaceTestPlots for plots
[15Sept2026 14:41:34.580] [Worker-Main-6/INFO] [AE2:C/]: Scanning class appeng.server.testplots.PatternProviderLockModePlots for plots
[15Sept2026 14:41:34.581] [Worker-Main-6/INFO] [AE2:C/]: Scanning class appeng.server.testplots.ItemP2PTestPlots for plots
[15Sept2026 14:41:34.581] [Worker-Main-6/INFO] [AE2:C/]: Scanning class appeng.server.testplots.InvalidPatternTestPlot for plots
[15Sept2026 14:41:34.581] [Worker-Main-6/INFO] [AE2:C/]: Scanning class appeng.server.testplots.MemoryCardTestPlots for plots
[15Sept2026 14:41:34.581] [Worker-Main-6/INFO] [AE2:C/]: Scanning class appeng.server.testplots.AnnihilationPlaneTests for plots
[15Sept2026 14:41:34.581] [Worker-Main-6/INFO] [AE2:C/]: Scanning class appeng.server.testplots.InscriberTestPlots for plots
[15Sept2026 14:41:34.585] [Worker-Main-6/INFO] [AE2:C/]: Scanning class appeng.server.testplots.GuidebookPlot for plots
[15Sept2026 14:41:34.585] [Worker-Main-6/INFO] [AE2:C/]: Scanning class appeng.server.testplots.SubnetPlots for plots
[15Sept2026 14:41:34.585] [Worker-Main-6/INFO] [AE2:C/]: Scanning class appeng.server.testplots.P2PTestPlots for plots
[15Sept2026 14:41:34.585] [Worker-Main-6/INFO] [AE2:C/]: Scanning class appeng.server.testplots.QnbTestPlots for plots
[15Sept2026 14:41:34.585] [Worker-Main-6/INFO] [AE2:C/]: Scanning class appeng.server.testplots.ExternalEnergyTestPlots for plots
[15Sept2026 14:41:34.585] [Worker-Main-6/INFO] [AE2:C/]: Scanning class appeng.server.testplots.ChannelTests for plots
[15Sept2026 14:41:34.585] [Worker-Main-6/INFO] [AE2:C/]: Scanning class appeng.server.testplots.TestPlots for plots
[15Sept2026 14:41:34.587] [Worker-Main-6/INFO] [AE2:C/]: Scanning class appeng.server.testplots.SpatialTestPlots for plots
[15Sept2026 14:41:34.588] [Worker-Main-6/INFO] [AE2:C/]: Scanning class de.mari_023.ae2wtlib.AE2wtlibTestPlots for plots
[15Sept2026 14:41:34.941] [Worker-Main-17/ERROR] [net.minecraft.tags.TagLoader/]: Couldn't load tag c:glass_panes as it is missing following references: 
	#minecraft:glass_panes (from mod/embers)
[15Sept2026 14:41:34.956] [Worker-Main-17/ERROR] [net.minecraft.tags.TagLoader/]: Couldn't load tag botania:vitreous_pickaxe_silktouched as it is missing following references: 
	#c:glass_panes (from mod/botania)
[15Sept2026 14:41:34.960] [Worker-Main-17/ERROR] [net.minecraft.tags.TagLoader/]: Couldn't load tag c:storage_blocks/aluminium as it is missing following references: 
	#c:storage_blocks/aluminum (from mod/embers)
[15Sept2026 14:41:34.962] [Worker-Main-17/ERROR] [net.minecraft.tags.TagLoader/]: Couldn't load tag embers:emitter_connection as it is missing following references: 
	#c:glass_panes (from mod/embers)
[15Sept2026 14:41:34.967] [Worker-Main-17/ERROR] [net.minecraft.tags.TagLoader/]: Couldn't load tag botania:mineable/vitreous_pickaxe as it is missing following references: 
	#c:glass_panes (from mod/botania)
[15Sept2026 14:41:34.969] [Worker-Main-17/ERROR] [net.minecraft.tags.TagLoader/]: Couldn't load tag sable:super_light as it is missing following references: 
	#c:glass_panes (from mod/sable)
[15Sept2026 14:41:34.972] [Worker-Main-17/ERROR] [net.minecraft.tags.TagLoader/]: Couldn't load tag sable:quarter_volume as it is missing following references: 
	#c:glass_panes (from mod/sable)
[15Sept2026 14:41:34.973] [Worker-Main-17/ERROR] [net.minecraft.tags.TagLoader/]: Couldn't load tag occultism:pentacle_materials as it is missing following references: 
	#c:glass_panes (from mod/occultism)
[15Sept2026 14:41:35.012] [Worker-Main-10/ERROR] [net.minecraft.tags.TagLoader/]: Couldn't load tag c:storage_blocks/aluminium as it is missing following references: 
	#c:storage_blocks/aluminum (from mod/embers)
[15Sept2026 14:41:35.864] [Render thread/ERROR] [KubeJS/]: Couldn't load tag c:storage_blocks/aluminium as it is missing following references: 
	#c:storage_blocks/aluminum (from mod/embers)
[15Sept2026 14:41:35.927] [Render thread/ERROR] [KubeJS/]: Couldn't load tag c:glass_panes as it is missing following references: 
	#minecraft:glass_panes (from mod/embers)
[15Sept2026 14:41:35.934] [Render thread/ERROR] [KubeJS/]: Couldn't load tag botania:vitreous_pickaxe_silktouched as it is missing following references: 
	#c:glass_panes (from mod/botania)
[15Sept2026 14:41:35.936] [Render thread/ERROR] [KubeJS/]: Couldn't load tag c:storage_blocks/aluminium as it is missing following references: 
	#c:storage_blocks/aluminum (from mod/embers)
[15Sept2026 14:41:35.937] [Render thread/ERROR] [KubeJS/]: Couldn't load tag embers:emitter_connection as it is missing following references: 
	#c:glass_panes (from mod/embers)
[15Sept2026 14:41:35.939] [Render thread/ERROR] [KubeJS/]: Couldn't load tag botania:mineable/vitreous_pickaxe as it is missing following references: 
	#c:glass_panes (from mod/botania)
[15Sept2026 14:41:35.940] [Render thread/ERROR] [KubeJS/]: Couldn't load tag sable:super_light as it is missing following references: 
	#c:glass_panes (from mod/sable)
[15Sept2026 14:41:35.942] [Render thread/ERROR] [KubeJS/]: Couldn't load tag sable:quarter_volume as it is missing following references: 
	#c:glass_panes (from mod/sable)
[15Sept2026 14:41:35.943] [Render thread/ERROR] [KubeJS/]: Couldn't load tag occultism:pentacle_materials as it is missing following references: 
	#c:glass_panes (from mod/occultism)
[15Sept2026 14:41:35.958] [Render thread/WARN] [net.minecraft.core.MappedRegistry/]: Not all defined tags for registry ResourceKey[minecraft:root / minecraft:block] are present in data pack: botania:mineable/vitreous_pickaxe, botania:vitreous_pickaxe_silktouched, c:mineable/crowbar, c:mineable/hammer, c:mineable/saw
[15Sept2026 14:41:36.228] [Render thread/ERROR] [net.minecraft.world.item.crafting.RecipeManager/]: Parsing error loading recipe malum:malum/spirit_repair/undergarden/slingshot
com.google.gson.JsonParseException: Unknown registry key in ResourceKey[minecraft:root / malum:spirit_types]: minecraft:earthen
	at MC-BOOTSTRAP/datafixerupper@8.0.16/com.mojang.serialization.DataResult$Error.getOrThrow(DataResult.java:287) ~[datafixerupper-8.0.16.jar%23121!/:?]
	at TRANSFORMER/minecraft@1.21.1/net.minecraft.world.item.crafting.RecipeManager.apply(RecipeManager.java:60) ~[neoforge-21.1.248.jar%23189!/:?]
	at TRANSFORMER/minecraft@1.21.1/net.minecraft.world.item.crafting.RecipeManager.apply(RecipeManager.java:36) ~[neoforge-21.1.248.jar%23189!/:?]
	at TRANSFORMER/minecraft@1.21.1/net.minecraft.server.packs.resources.SimplePreparableReloadListener.lambda$reload$1(SimplePreparableReloadListener.java:19) ~[neoforge-21.1.248.jar%23189!/:?]
	at java.base/java.util.concurrent.CompletableFuture$UniAccept.tryFire(CompletableFuture.java:718) ~[?:?]
	at java.base/java.util.concurrent.CompletableFuture$Completion.run(CompletableFuture.java:482) ~[?:?]
	at TRANSFORMER/minecraft@1.21.1/net.minecraft.server.packs.resources.SimpleReloadInstance.lambda$new$3(SimpleReloadInstance.java:86) ~[neoforge-21.1.248.jar%23189!/:?]
	at TRANSFORMER/minecraft@1.21.1/net.minecraft.util.thread.BlockableEventLoop.doRunTask(BlockableEventLoop.java:151) ~[neoforge-21.1.248.jar%23189!/:?]
	at TRANSFORMER/minecraft@1.21.1/net.minecraft.util.thread.ReentrantBlockableEventLoop.doRunTask(ReentrantBlockableEventLoop.java:24) ~[neoforge-21.1.248.jar%23189!/:?]
	at TRANSFORMER/minecraft@1.21.1/net.minecraft.util.thread.BlockableEventLoop.pollTask(BlockableEventLoop.java:122) ~[neoforge-21.1.248.jar%23189!/:?]
	at TRANSFORMER/minecraft@1.21.1/net.minecraft.util.thread.BlockableEventLoop.managedBlock(BlockableEventLoop.java:135) ~[neoforge-21.1.248.jar%23189!/:?]
	at TRANSFORMER/minecraft@1.21.1/net.minecraft.client.gui.screens.worldselection.WorldOpenFlows.loadWorldDataBlocking(WorldOpenFlows.java:201) ~[neoforge-21.1.248.jar%23189!/:?]
	at TRANSFORMER/minecraft@1.21.1/net.minecraft.client.gui.screens.worldselection.WorldOpenFlows.loadWorldStem(WorldOpenFlows.java:142) ~[neoforge-21.1.248.jar%23189!/:?]
	at TRANSFORMER/minecraft@1.21.1/net.minecraft.client.gui.screens.worldselection.WorldOpenFlows.openWorldLoadLevelStem(WorldOpenFlows.java:346) ~[neoforge-21.1.248.jar%23189!/:?]
	at TRANSFORMER/minecraft@1.21.1/net.minecraft.client.gui.screens.worldselection.WorldOpenFlows.openWorldCheckVersionCompatibility(WorldOpenFlows.java:335) ~[neoforge-21.1.248.jar%23189!/:?]
	at TRANSFORMER/minecraft@1.21.1/net.minecraft.client.gui.screens.worldselection.WorldOpenFlows.openWorldLoadLevelData(WorldOpenFlows.java:297) ~[neoforge-21.1.248.jar%23189!/:?]
	at TRANSFORMER/minecraft@1.21.1/net.minecraft.client.gui.screens.worldselection.WorldOpenFlows.openWorld(WorldOpenFlows.java:261) ~[neoforge-21.1.248.jar%23189!/:?]
	at TRANSFORMER/minecraft@1.21.1/net.minecraft.client.gui.screens.worldselection.WorldSelectionList$WorldListEntry.joinWorld(WorldSelectionList.java:516) ~[neoforge-21.1.248.jar%23189!/:?]
	at TRANSFORMER/minecraft@1.21.1/net.minecraft.client.gui.screens.worldselection.WorldSelectionList$WorldListEntry.mouseClicked(WorldSelectionList.java:499) ~[neoforge-21.1.248.jar%23189!/:?]
	at TRANSFORMER/minecraft@1.21.1/net.minecraft.client.gui.components.AbstractSelectionList.mouseClicked(AbstractSelectionList.java:303) ~[neoforge-21.1.248.jar%23189!/:?]
	at TRANSFORMER/minecraft@1.21.1/net.minecraft.client.gui.components.events.ContainerEventHandler.mouseClicked(ContainerEventHandler.java:52) ~[neoforge-21.1.248.jar%23189!/:?]
	at TRANSFORMER/minecraft@1.21.1/net.minecraft.client.MouseHandler.lambda$onPress$0(MouseHandler.java:103) ~[neoforge-21.1.248.jar%23189!/:?]
	at TRANSFORMER/minecraft@1.21.1/net.minecraft.client.gui.screens.Screen.wrapScreenError(Screen.java:471) ~[neoforge-21.1.248.jar%23189!/:?]
	at TRANSFORMER/minecraft@1.21.1/net.minecraft.client.MouseHandler.onPress(MouseHandler.java:100) ~[neoforge-21.1.248.jar%23189!/:?]
	at TRANSFORMER/minecraft@1.21.1/net.minecraft.client.MouseHandler.lambda$setup$4(MouseHandler.java:212) ~[neoforge-21.1.248.jar%23189!/:?]
	at TRANSFORMER/minecraft@1.21.1/net.minecraft.util.thread.BlockableEventLoop.execute(BlockableEventLoop.java:98) ~[neoforge-21.1.248.jar%23189!/:?]
	at TRANSFORMER/minecraft@1.21.1/net.minecraft.client.MouseHandler.lambda$setup$5(MouseHandler.java:212) ~[neoforge-21.1.248.jar%23189!/:?]
	at MC-BOOTSTRAP/org.lwjgl.glfw@3.3.3+5/org.lwjgl.glfw.GLFWMouseButtonCallbackI.callback(GLFWMouseButtonCallbackI.java:43) ~[lwjgl-glfw-3.3.3.jar%23172!/:build 5]
	at MC-BOOTSTRAP/org.lwjgl@3.3.3+5/org.lwjgl.system.JNI.invokeV(Native Method) ~[lwjgl-3.3.3.jar%23183!/:build 5]
	at MC-BOOTSTRAP/org.lwjgl.glfw@3.3.3+5/org.lwjgl.glfw.GLFW.glfwWaitEventsTimeout(GLFW.java:3509) ~[lwjgl-glfw-3.3.3.jar%23172!/:build 5]
	at TRANSFORMER/minecraft@1.21.1/com.mojang.blaze3d.systems.RenderSystem.limitDisplayFPS(RenderSystem.java:162) ~[neoforge-21.1.248.jar%23189!/:?]
	at TRANSFORMER/minecraft@1.21.1/net.minecraft.client.Minecraft.runTick(Minecraft.java:1226) ~[neoforge-21.1.248.jar%23189!/:?]
	at TRANSFORMER/minecraft@1.21.1/net.minecraft.client.Minecraft.run(Minecraft.java:813) ~[neoforge-21.1.248.jar%23189!/:?]
	at TRANSFORMER/minecraft@1.21.1/net.minecraft.client.main.Main.main(Main.java:230) ~[neoforge-21.1.248.jar%23189!/:?]
	at java.base/jdk.internal.reflect.DirectMethodHandleAccessor.invoke(DirectMethodHandleAccessor.java:103) ~[?:?]
	at java.base/java.lang.reflect.Method.invoke(Method.java:580) ~[?:?]
	at MC-BOOTSTRAP/fml_loader@4.0.43/net.neoforged.fml.loading.targets.CommonLaunchHandler.runTarget(CommonLaunchHandler.java:136) ~[loader-4.0.43.jar%23146!/:4.0]
	at MC-BOOTSTRAP/fml_loader@4.0.43/net.neoforged.fml.loading.targets.CommonLaunchHandler.clientService(CommonLaunchHandler.java:124) ~[loader-4.0.43.jar%23146!/:4.0]
	at MC-BOOTSTRAP/fml_loader@4.0.43/net.neoforged.fml.loading.targets.NeoForgeClientDevLaunchHandler.runService(NeoForgeClientDevLaunchHandler.java:23) ~[loader-4.0.43.jar%23146!/:4.0]
	at MC-BOOTSTRAP/fml_loader@4.0.43/net.neoforged.fml.loading.targets.CommonLaunchHandler.lambda$launchService$4(CommonLaunchHandler.java:118) ~[loader-4.0.43.jar%23146!/:4.0]
	at MC-BOOTSTRAP/cpw.mods.modlauncher@11.0.5/cpw.mods.modlauncher.LaunchServiceHandlerDecorator.launch(LaunchServiceHandlerDecorator.java:30) [modlauncher-11.0.5.jar%23128!/:?]
	at MC-BOOTSTRAP/cpw.mods.modlauncher@11.0.5/cpw.mods.modlauncher.LaunchServiceHandler.launch(LaunchServiceHandler.java:53) [modlauncher-11.0.5.jar%23128!/:?]
	at MC-BOOTSTRAP/cpw.mods.modlauncher@11.0.5/cpw.mods.modlauncher.LaunchServiceHandler.launch(LaunchServiceHandler.java:71) [modlauncher-11.0.5.jar%23128!/:?]
	at MC-BOOTSTRAP/cpw.mods.modlauncher@11.0.5/cpw.mods.modlauncher.Launcher.run(Launcher.java:103) [modlauncher-11.0.5.jar%23128!/:?]
	at MC-BOOTSTRAP/cpw.mods.modlauncher@11.0.5/cpw.mods.modlauncher.Launcher.main(Launcher.java:74) [modlauncher-11.0.5.jar%23128!/:?]
	at MC-BOOTSTRAP/cpw.mods.modlauncher@11.0.5/cpw.mods.modlauncher.BootstrapLaunchConsumer.accept(BootstrapLaunchConsumer.java:26) [modlauncher-11.0.5.jar%23128!/:?]
	at MC-BOOTSTRAP/cpw.mods.modlauncher@11.0.5/cpw.mods.modlauncher.BootstrapLaunchConsumer.accept(BootstrapLaunchConsumer.java:23) [modlauncher-11.0.5.jar%23128!/:?]
	at cpw.mods.bootstraplauncher@2.0.2/cpw.mods.bootstraplauncher.BootstrapLauncher.run(BootstrapLauncher.java:210) [bootstraplauncher-2.0.2.jar:?]
	at cpw.mods.bootstraplauncher@2.0.2/cpw.mods.bootstraplauncher.BootstrapLauncher.main(BootstrapLauncher.java:69) [bootstraplauncher-2.0.2.jar:?]
	at java.base/jdk.internal.reflect.DirectMethodHandleAccessor.invoke(DirectMethodHandleAccessor.java:103) ~[?:?]
	at java.base/java.lang.reflect.Method.invoke(Method.java:580) ~[?:?]
	at net.neoforged.devlaunch.Main.main(Main.java:57) [DevLaunch-1.0.2.jar:?]
[15Sept2026 14:41:36.286] [Render thread/WARN] [net.minecraft.util.random.Weight/]: Found 0 weight, make sure this is intentional!
[15Sept2026 14:41:36.493] [Render thread/ERROR] [net.minecraft.world.item.crafting.RecipeManager/]: Parsing error loading recipe malum:malum/spirit_repair/botania/terrasteel
com.google.gson.JsonParseException: Unknown registry key in ResourceKey[minecraft:root / malum:spirit_types]: minecraft:arcane; No key validItems in MapLike[{"type":"malum:spirit_repair","durabilityPercentage":1,"repairMaterial":{"item":"botania:terrasteel_ingot","count":1},"spirits":[{"type":"arcane","count":32}],"regex":{"itemIdRegex":"terra.+","modIdRegex":"botania"}}]
	at MC-BOOTSTRAP/datafixerupper@8.0.16/com.mojang.serialization.DataResult$Error.getOrThrow(DataResult.java:287) ~[datafixerupper-8.0.16.jar%23121!/:?]
	at TRANSFORMER/minecraft@1.21.1/net.minecraft.world.item.crafting.RecipeManager.apply(RecipeManager.java:60) ~[neoforge-21.1.248.jar%23189!/:?]
	at TRANSFORMER/minecraft@1.21.1/net.minecraft.world.item.crafting.RecipeManager.apply(RecipeManager.java:36) ~[neoforge-21.1.248.jar%23189!/:?]
	at TRANSFORMER/minecraft@1.21.1/net.minecraft.server.packs.resources.SimplePreparableReloadListener.lambda$reload$1(SimplePreparableReloadListener.java:19) ~[neoforge-21.1.248.jar%23189!/:?]
	at java.base/java.util.concurrent.CompletableFuture$UniAccept.tryFire(CompletableFuture.java:718) ~[?:?]
	at java.base/java.util.concurrent.CompletableFuture$Completion.run(CompletableFuture.java:482) ~[?:?]
	at TRANSFORMER/minecraft@1.21.1/net.minecraft.server.packs.resources.SimpleReloadInstance.lambda$new$3(SimpleReloadInstance.java:86) ~[neoforge-21.1.248.jar%23189!/:?]
	at TRANSFORMER/minecraft@1.21.1/net.minecraft.util.thread.BlockableEventLoop.doRunTask(BlockableEventLoop.java:151) ~[neoforge-21.1.248.jar%23189!/:?]
	at TRANSFORMER/minecraft@1.21.1/net.minecraft.util.thread.ReentrantBlockableEventLoop.doRunTask(ReentrantBlockableEventLoop.java:24) ~[neoforge-21.1.248.jar%23189!/:?]
	at TRANSFORMER/minecraft@1.21.1/net.minecraft.util.thread.BlockableEventLoop.pollTask(BlockableEventLoop.java:122) ~[neoforge-21.1.248.jar%23189!/:?]
	at TRANSFORMER/minecraft@1.21.1/net.minecraft.util.thread.BlockableEventLoop.managedBlock(BlockableEventLoop.java:135) ~[neoforge-21.1.248.jar%23189!/:?]
	at TRANSFORMER/minecraft@1.21.1/net.minecraft.client.gui.screens.worldselection.WorldOpenFlows.loadWorldDataBlocking(WorldOpenFlows.java:201) ~[neoforge-21.1.248.jar%23189!/:?]
	at TRANSFORMER/minecraft@1.21.1/net.minecraft.client.gui.screens.worldselection.WorldOpenFlows.loadWorldStem(WorldOpenFlows.java:142) ~[neoforge-21.1.248.jar%23189!/:?]
	at TRANSFORMER/minecraft@1.21.1/net.minecraft.client.gui.screens.worldselection.WorldOpenFlows.openWorldLoadLevelStem(WorldOpenFlows.java:346) ~[neoforge-21.1.248.jar%23189!/:?]
	at TRANSFORMER/minecraft@1.21.1/net.minecraft.client.gui.screens.worldselection.WorldOpenFlows.openWorldCheckVersionCompatibility(WorldOpenFlows.java:335) ~[neoforge-21.1.248.jar%23189!/:?]
	at TRANSFORMER/minecraft@1.21.1/net.minecraft.client.gui.screens.worldselection.WorldOpenFlows.openWorldLoadLevelData(WorldOpenFlows.java:297) ~[neoforge-21.1.248.jar%23189!/:?]
	at TRANSFORMER/minecraft@1.21.1/net.minecraft.client.gui.screens.worldselection.WorldOpenFlows.openWorld(WorldOpenFlows.java:261) ~[neoforge-21.1.248.jar%23189!/:?]
	at TRANSFORMER/minecraft@1.21.1/net.minecraft.client.gui.screens.worldselection.WorldSelectionList$WorldListEntry.joinWorld(WorldSelectionList.java:516) ~[neoforge-21.1.248.jar%23189!/:?]
	at TRANSFORMER/minecraft@1.21.1/net.minecraft.client.gui.screens.worldselection.WorldSelectionList$WorldListEntry.mouseClicked(WorldSelectionList.java:499) ~[neoforge-21.1.248.jar%23189!/:?]
	at TRANSFORMER/minecraft@1.21.1/net.minecraft.client.gui.components.AbstractSelectionList.mouseClicked(AbstractSelectionList.java:303) ~[neoforge-21.1.248.jar%23189!/:?]
	at TRANSFORMER/minecraft@1.21.1/net.minecraft.client.gui.components.events.ContainerEventHandler.mouseClicked(ContainerEventHandler.java:52) ~[neoforge-21.1.248.jar%23189!/:?]
	at TRANSFORMER/minecraft@1.21.1/net.minecraft.client.MouseHandler.lambda$onPress$0(MouseHandler.java:103) ~[neoforge-21.1.248.jar%23189!/:?]
	at TRANSFORMER/minecraft@1.21.1/net.minecraft.client.gui.screens.Screen.wrapScreenError(Screen.java:471) ~[neoforge-21.1.248.jar%23189!/:?]
	at TRANSFORMER/minecraft@1.21.1/net.minecraft.client.MouseHandler.onPress(MouseHandler.java:100) ~[neoforge-21.1.248.jar%23189!/:?]
	at TRANSFORMER/minecraft@1.21.1/net.minecraft.client.MouseHandler.lambda$setup$4(MouseHandler.java:212) ~[neoforge-21.1.248.jar%23189!/:?]
	at TRANSFORMER/minecraft@1.21.1/net.minecraft.util.thread.BlockableEventLoop.execute(BlockableEventLoop.java:98) ~[neoforge-21.1.248.jar%23189!/:?]
	at TRANSFORMER/minecraft@1.21.1/net.minecraft.client.MouseHandler.lambda$setup$5(MouseHandler.java:212) ~[neoforge-21.1.248.jar%23189!/:?]
	at MC-BOOTSTRAP/org.lwjgl.glfw@3.3.3+5/org.lwjgl.glfw.GLFWMouseButtonCallbackI.callback(GLFWMouseButtonCallbackI.java:43) ~[lwjgl-glfw-3.3.3.jar%23172!/:build 5]
	at MC-BOOTSTRAP/org.lwjgl@3.3.3+5/org.lwjgl.system.JNI.invokeV(Native Method) ~[lwjgl-3.3.3.jar%23183!/:build 5]
	at MC-BOOTSTRAP/org.lwjgl.glfw@3.3.3+5/org.lwjgl.glfw.GLFW.glfwWaitEventsTimeout(GLFW.java:3509) ~[lwjgl-glfw-3.3.3.jar%23172!/:build 5]
	at TRANSFORMER/minecraft@1.21.1/com.mojang.blaze3d.systems.RenderSystem.limitDisplayFPS(RenderSystem.java:162) ~[neoforge-21.1.248.jar%23189!/:?]
	at TRANSFORMER/minecraft@1.21.1/net.minecraft.client.Minecraft.runTick(Minecraft.java:1226) ~[neoforge-21.1.248.jar%23189!/:?]
	at TRANSFORMER/minecraft@1.21.1/net.minecraft.client.Minecraft.run(Minecraft.java:813) ~[neoforge-21.1.248.jar%23189!/:?]
	at TRANSFORMER/minecraft@1.21.1/net.minecraft.client.main.Main.main(Main.java:230) ~[neoforge-21.1.248.jar%23189!/:?]
	at java.base/jdk.internal.reflect.DirectMethodHandleAccessor.invoke(DirectMethodHandleAccessor.java:103) ~[?:?]
	at java.base/java.lang.reflect.Method.invoke(Method.java:580) ~[?:?]
	at MC-BOOTSTRAP/fml_loader@4.0.43/net.neoforged.fml.loading.targets.CommonLaunchHandler.runTarget(CommonLaunchHandler.java:136) ~[loader-4.0.43.jar%23146!/:4.0]
	at MC-BOOTSTRAP/fml_loader@4.0.43/net.neoforged.fml.loading.targets.CommonLaunchHandler.clientService(CommonLaunchHandler.java:124) ~[loader-4.0.43.jar%23146!/:4.0]
	at MC-BOOTSTRAP/fml_loader@4.0.43/net.neoforged.fml.loading.targets.NeoForgeClientDevLaunchHandler.runService(NeoForgeClientDevLaunchHandler.java:23) ~[loader-4.0.43.jar%23146!/:4.0]
	at MC-BOOTSTRAP/fml_loader@4.0.43/net.neoforged.fml.loading.targets.CommonLaunchHandler.lambda$launchService$4(CommonLaunchHandler.java:118) ~[loader-4.0.43.jar%23146!/:4.0]
	at MC-BOOTSTRAP/cpw.mods.modlauncher@11.0.5/cpw.mods.modlauncher.LaunchServiceHandlerDecorator.launch(LaunchServiceHandlerDecorator.java:30) [modlauncher-11.0.5.jar%23128!/:?]
	at MC-BOOTSTRAP/cpw.mods.modlauncher@11.0.5/cpw.mods.modlauncher.LaunchServiceHandler.launch(LaunchServiceHandler.java:53) [modlauncher-11.0.5.jar%23128!/:?]
	at MC-BOOTSTRAP/cpw.mods.modlauncher@11.0.5/cpw.mods.modlauncher.LaunchServiceHandler.launch(LaunchServiceHandler.java:71) [modlauncher-11.0.5.jar%23128!/:?]
	at MC-BOOTSTRAP/cpw.mods.modlauncher@11.0.5/cpw.mods.modlauncher.Launcher.run(Launcher.java:103) [modlauncher-11.0.5.jar%23128!/:?]
	at MC-BOOTSTRAP/cpw.mods.modlauncher@11.0.5/cpw.mods.modlauncher.Launcher.main(Launcher.java:74) [modlauncher-11.0.5.jar%23128!/:?]
	at MC-BOOTSTRAP/cpw.mods.modlauncher@11.0.5/cpw.mods.modlauncher.BootstrapLaunchConsumer.accept(BootstrapLaunchConsumer.java:26) [modlauncher-11.0.5.jar%23128!/:?]
	at MC-BOOTSTRAP/cpw.mods.modlauncher@11.0.5/cpw.mods.modlauncher.BootstrapLaunchConsumer.accept(BootstrapLaunchConsumer.java:23) [modlauncher-11.0.5.jar%23128!/:?]
	at cpw.mods.bootstraplauncher@2.0.2/cpw.mods.bootstraplauncher.BootstrapLauncher.run(BootstrapLauncher.java:210) [bootstraplauncher-2.0.2.jar:?]
	at cpw.mods.bootstraplauncher@2.0.2/cpw.mods.bootstraplauncher.BootstrapLauncher.main(BootstrapLauncher.java:69) [bootstraplauncher-2.0.2.jar:?]
	at java.base/jdk.internal.reflect.DirectMethodHandleAccessor.invoke(DirectMethodHandleAccessor.java:103) ~[?:?]
	at java.base/java.lang.reflect.Method.invoke(Method.java:580) ~[?:?]
	at net.neoforged.devlaunch.Main.main(Main.java:57) [DevLaunch-1.0.2.jar:?]
[15Sept2026 14:41:36.776] [Render thread/ERROR] [net.minecraft.world.item.crafting.RecipeManager/]: Parsing error loading recipe malum:malum/spirit_repair/occultism/gold_chalk
com.google.gson.JsonParseException: No key validItems in MapLike[{"type":"malum:spirit_repair","durabilityPercentage":1,"repairMaterial":{"count":1,"tag":"c:dusts/gold"},"spirits":[{"type":"malum:arcane","count":8}],"inputs":["occultism:chalk_gold"]}]
	at MC-BOOTSTRAP/datafixerupper@8.0.16/com.mojang.serialization.DataResult$Error.getOrThrow(DataResult.java:287) ~[datafixerupper-8.0.16.jar%23121!/:?]
	at TRANSFORMER/minecraft@1.21.1/net.minecraft.world.item.crafting.RecipeManager.apply(RecipeManager.java:60) ~[neoforge-21.1.248.jar%23189!/:?]
	at TRANSFORMER/minecraft@1.21.1/net.minecraft.world.item.crafting.RecipeManager.apply(RecipeManager.java:36) ~[neoforge-21.1.248.jar%23189!/:?]
	at TRANSFORMER/minecraft@1.21.1/net.minecraft.server.packs.resources.SimplePreparableReloadListener.lambda$reload$1(SimplePreparableReloadListener.java:19) ~[neoforge-21.1.248.jar%23189!/:?]
	at java.base/java.util.concurrent.CompletableFuture$UniAccept.tryFire(CompletableFuture.java:718) ~[?:?]
	at java.base/java.util.concurrent.CompletableFuture$Completion.run(CompletableFuture.java:482) ~[?:?]
	at TRANSFORMER/minecraft@1.21.1/net.minecraft.server.packs.resources.SimpleReloadInstance.lambda$new$3(SimpleReloadInstance.java:86) ~[neoforge-21.1.248.jar%23189!/:?]
	at TRANSFORMER/minecraft@1.21.1/net.minecraft.util.thread.BlockableEventLoop.doRunTask(BlockableEventLoop.java:151) ~[neoforge-21.1.248.jar%23189!/:?]
	at TRANSFORMER/minecraft@1.21.1/net.minecraft.util.thread.ReentrantBlockableEventLoop.doRunTask(ReentrantBlockableEventLoop.java:24) ~[neoforge-21.1.248.jar%23189!/:?]
	at TRANSFORMER/minecraft@1.21.1/net.minecraft.util.thread.BlockableEventLoop.pollTask(BlockableEventLoop.java:122) ~[neoforge-21.1.248.jar%23189!/:?]
	at TRANSFORMER/minecraft@1.21.1/net.minecraft.util.thread.BlockableEventLoop.managedBlock(BlockableEventLoop.java:135) ~[neoforge-21.1.248.jar%23189!/:?]
	at TRANSFORMER/minecraft@1.21.1/net.minecraft.client.gui.screens.worldselection.WorldOpenFlows.loadWorldDataBlocking(WorldOpenFlows.java:201) ~[neoforge-21.1.248.jar%23189!/:?]
	at TRANSFORMER/minecraft@1.21.1/net.minecraft.client.gui.screens.worldselection.WorldOpenFlows.loadWorldStem(WorldOpenFlows.java:142) ~[neoforge-21.1.248.jar%23189!/:?]
	at TRANSFORMER/minecraft@1.21.1/net.minecraft.client.gui.screens.worldselection.WorldOpenFlows.openWorldLoadLevelStem(WorldOpenFlows.java:346) ~[neoforge-21.1.248.jar%23189!/:?]
	at TRANSFORMER/minecraft@1.21.1/net.minecraft.client.gui.screens.worldselection.WorldOpenFlows.openWorldCheckVersionCompatibility(WorldOpenFlows.java:335) ~[neoforge-21.1.248.jar%23189!/:?]
	at TRANSFORMER/minecraft@1.21.1/net.minecraft.client.gui.screens.worldselection.WorldOpenFlows.openWorldLoadLevelData(WorldOpenFlows.java:297) ~[neoforge-21.1.248.jar%23189!/:?]
	at TRANSFORMER/minecraft@1.21.1/net.minecraft.client.gui.screens.worldselection.WorldOpenFlows.openWorld(WorldOpenFlows.java:261) ~[neoforge-21.1.248.jar%23189!/:?]
	at TRANSFORMER/minecraft@1.21.1/net.minecraft.client.gui.screens.worldselection.WorldSelectionList$WorldListEntry.joinWorld(WorldSelectionList.java:516) ~[neoforge-21.1.248.jar%23189!/:?]
	at TRANSFORMER/minecraft@1.21.1/net.minecraft.client.gui.screens.worldselection.WorldSelectionList$WorldListEntry.mouseClicked(WorldSelectionList.java:499) ~[neoforge-21.1.248.jar%23189!/:?]
	at TRANSFORMER/minecraft@1.21.1/net.minecraft.client.gui.components.AbstractSelectionList.mouseClicked(AbstractSelectionList.java:303) ~[neoforge-21.1.248.jar%23189!/:?]
	at TRANSFORMER/minecraft@1.21.1/net.minecraft.client.gui.components.events.ContainerEventHandler.mouseClicked(ContainerEventHandler.java:52) ~[neoforge-21.1.248.jar%23189!/:?]
	at TRANSFORMER/minecraft@1.21.1/net.minecraft.client.MouseHandler.lambda$onPress$0(MouseHandler.java:103) ~[neoforge-21.1.248.jar%23189!/:?]
	at TRANSFORMER/minecraft@1.21.1/net.minecraft.client.gui.screens.Screen.wrapScreenError(Screen.java:471) ~[neoforge-21.1.248.jar%23189!/:?]
	at TRANSFORMER/minecraft@1.21.1/net.minecraft.client.MouseHandler.onPress(MouseHandler.java:100) ~[neoforge-21.1.248.jar%23189!/:?]
	at TRANSFORMER/minecraft@1.21.1/net.minecraft.client.MouseHandler.lambda$setup$4(MouseHandler.java:212) ~[neoforge-21.1.248.jar%23189!/:?]
	at TRANSFORMER/minecraft@1.21.1/net.minecraft.util.thread.BlockableEventLoop.execute(BlockableEventLoop.java:98) ~[neoforge-21.1.248.jar%23189!/:?]
	at TRANSFORMER/minecraft@1.21.1/net.minecraft.client.MouseHandler.lambda$setup$5(MouseHandler.java:212) ~[neoforge-21.1.248.jar%23189!/:?]
	at MC-BOOTSTRAP/org.lwjgl.glfw@3.3.3+5/org.lwjgl.glfw.GLFWMouseButtonCallbackI.callback(GLFWMouseButtonCallbackI.java:43) ~[lwjgl-glfw-3.3.3.jar%23172!/:build 5]
	at MC-BOOTSTRAP/org.lwjgl@3.3.3+5/org.lwjgl.system.JNI.invokeV(Native Method) ~[lwjgl-3.3.3.jar%23183!/:build 5]
	at MC-BOOTSTRAP/org.lwjgl.glfw@3.3.3+5/org.lwjgl.glfw.GLFW.glfwWaitEventsTimeout(GLFW.java:3509) ~[lwjgl-glfw-3.3.3.jar%23172!/:build 5]
	at TRANSFORMER/minecraft@1.21.1/com.mojang.blaze3d.systems.RenderSystem.limitDisplayFPS(RenderSystem.java:162) ~[neoforge-21.1.248.jar%23189!/:?]
	at TRANSFORMER/minecraft@1.21.1/net.minecraft.client.Minecraft.runTick(Minecraft.java:1226) ~[neoforge-21.1.248.jar%23189!/:?]
	at TRANSFORMER/minecraft@1.21.1/net.minecraft.client.Minecraft.run(Minecraft.java:813) ~[neoforge-21.1.248.jar%23189!/:?]
	at TRANSFORMER/minecraft@1.21.1/net.minecraft.client.main.Main.main(Main.java:230) ~[neoforge-21.1.248.jar%23189!/:?]
	at java.base/jdk.internal.reflect.DirectMethodHandleAccessor.invoke(DirectMethodHandleAccessor.java:103) ~[?:?]
	at java.base/java.lang.reflect.Method.invoke(Method.java:580) ~[?:?]
	at MC-BOOTSTRAP/fml_loader@4.0.43/net.neoforged.fml.loading.targets.CommonLaunchHandler.runTarget(CommonLaunchHandler.java:136) ~[loader-4.0.43.jar%23146!/:4.0]
	at MC-BOOTSTRAP/fml_loader@4.0.43/net.neoforged.fml.loading.targets.CommonLaunchHandler.clientService(CommonLaunchHandler.java:124) ~[loader-4.0.43.jar%23146!/:4.0]
	at MC-BOOTSTRAP/fml_loader@4.0.43/net.neoforged.fml.loading.targets.NeoForgeClientDevLaunchHandler.runService(NeoForgeClientDevLaunchHandler.java:23) ~[loader-4.0.43.jar%23146!/:4.0]
	at MC-BOOTSTRAP/fml_loader@4.0.43/net.neoforged.fml.loading.targets.CommonLaunchHandler.lambda$launchService$4(CommonLaunchHandler.java:118) ~[loader-4.0.43.jar%23146!/:4.0]
	at MC-BOOTSTRAP/cpw.mods.modlauncher@11.0.5/cpw.mods.modlauncher.LaunchServiceHandlerDecorator.launch(LaunchServiceHandlerDecorator.java:30) [modlauncher-11.0.5.jar%23128!/:?]
	at MC-BOOTSTRAP/cpw.mods.modlauncher@11.0.5/cpw.mods.modlauncher.LaunchServiceHandler.launch(LaunchServiceHandler.java:53) [modlauncher-11.0.5.jar%23128!/:?]
	at MC-BOOTSTRAP/cpw.mods.modlauncher@11.0.5/cpw.mods.modlauncher.LaunchServiceHandler.launch(LaunchServiceHandler.java:71) [modlauncher-11.0.5.jar%23128!/:?]
	at MC-BOOTSTRAP/cpw.mods.modlauncher@11.0.5/cpw.mods.modlauncher.Launcher.run(Launcher.java:103) [modlauncher-11.0.5.jar%23128!/:?]
	at MC-BOOTSTRAP/cpw.mods.modlauncher@11.0.5/cpw.mods.modlauncher.Launcher.main(Launcher.java:74) [modlauncher-11.0.5.jar%23128!/:?]
	at MC-BOOTSTRAP/cpw.mods.modlauncher@11.0.5/cpw.mods.modlauncher.BootstrapLaunchConsumer.accept(BootstrapLaunchConsumer.java:26) [modlauncher-11.0.5.jar%23128!/:?]
	at MC-BOOTSTRAP/cpw.mods.modlauncher@11.0.5/cpw.mods.modlauncher.BootstrapLaunchConsumer.accept(BootstrapLaunchConsumer.java:23) [modlauncher-11.0.5.jar%23128!/:?]
	at cpw.mods.bootstraplauncher@2.0.2/cpw.mods.bootstraplauncher.BootstrapLauncher.run(BootstrapLauncher.java:210) [bootstraplauncher-2.0.2.jar:?]
	at cpw.mods.bootstraplauncher@2.0.2/cpw.mods.bootstraplauncher.BootstrapLauncher.main(BootstrapLauncher.java:69) [bootstraplauncher-2.0.2.jar:?]
	at java.base/jdk.internal.reflect.DirectMethodHandleAccessor.invoke(DirectMethodHandleAccessor.java:103) ~[?:?]
	at java.base/java.lang.reflect.Method.invoke(Method.java:580) ~[?:?]
	at net.neoforged.devlaunch.Main.main(Main.java:57) [DevLaunch-1.0.2.jar:?]
[15Sept2026 14:41:36.985] [Render thread/ERROR] [net.minecraft.world.item.crafting.RecipeManager/]: Parsing error loading recipe malum:malum/spirit_repair/botania/elementium
com.google.gson.JsonParseException: Unknown registry key in ResourceKey[minecraft:root / malum:spirit_types]: minecraft:arcane
	at MC-BOOTSTRAP/datafixerupper@8.0.16/com.mojang.serialization.DataResult$Error.getOrThrow(DataResult.java:287) ~[datafixerupper-8.0.16.jar%23121!/:?]
	at TRANSFORMER/minecraft@1.21.1/net.minecraft.world.item.crafting.RecipeManager.apply(RecipeManager.java:60) ~[neoforge-21.1.248.jar%23189!/:?]
	at TRANSFORMER/minecraft@1.21.1/net.minecraft.world.item.crafting.RecipeManager.apply(RecipeManager.java:36) ~[neoforge-21.1.248.jar%23189!/:?]
	at TRANSFORMER/minecraft@1.21.1/net.minecraft.server.packs.resources.SimplePreparableReloadListener.lambda$reload$1(SimplePreparableReloadListener.java:19) ~[neoforge-21.1.248.jar%23189!/:?]
	at java.base/java.util.concurrent.CompletableFuture$UniAccept.tryFire(CompletableFuture.java:718) ~[?:?]
	at java.base/java.util.concurrent.CompletableFuture$Completion.run(CompletableFuture.java:482) ~[?:?]
	at TRANSFORMER/minecraft@1.21.1/net.minecraft.server.packs.resources.SimpleReloadInstance.lambda$new$3(SimpleReloadInstance.java:86) ~[neoforge-21.1.248.jar%23189!/:?]
	at TRANSFORMER/minecraft@1.21.1/net.minecraft.util.thread.BlockableEventLoop.doRunTask(BlockableEventLoop.java:151) ~[neoforge-21.1.248.jar%23189!/:?]
	at TRANSFORMER/minecraft@1.21.1/net.minecraft.util.thread.ReentrantBlockableEventLoop.doRunTask(ReentrantBlockableEventLoop.java:24) ~[neoforge-21.1.248.jar%23189!/:?]
	at TRANSFORMER/minecraft@1.21.1/net.minecraft.util.thread.BlockableEventLoop.pollTask(BlockableEventLoop.java:122) ~[neoforge-21.1.248.jar%23189!/:?]
	at TRANSFORMER/minecraft@1.21.1/net.minecraft.util.thread.BlockableEventLoop.managedBlock(BlockableEventLoop.java:135) ~[neoforge-21.1.248.jar%23189!/:?]
	at TRANSFORMER/minecraft@1.21.1/net.minecraft.client.gui.screens.worldselection.WorldOpenFlows.loadWorldDataBlocking(WorldOpenFlows.java:201) ~[neoforge-21.1.248.jar%23189!/:?]
	at TRANSFORMER/minecraft@1.21.1/net.minecraft.client.gui.screens.worldselection.WorldOpenFlows.loadWorldStem(WorldOpenFlows.java:142) ~[neoforge-21.1.248.jar%23189!/:?]
	at TRANSFORMER/minecraft@1.21.1/net.minecraft.client.gui.screens.worldselection.WorldOpenFlows.openWorldLoadLevelStem(WorldOpenFlows.java:346) ~[neoforge-21.1.248.jar%23189!/:?]
	at TRANSFORMER/minecraft@1.21.1/net.minecraft.client.gui.screens.worldselection.WorldOpenFlows.openWorldCheckVersionCompatibility(WorldOpenFlows.java:335) ~[neoforge-21.1.248.jar%23189!/:?]
	at TRANSFORMER/minecraft@1.21.1/net.minecraft.client.gui.screens.worldselection.WorldOpenFlows.openWorldLoadLevelData(WorldOpenFlows.java:297) ~[neoforge-21.1.248.jar%23189!/:?]
	at TRANSFORMER/minecraft@1.21.1/net.minecraft.client.gui.screens.worldselection.WorldOpenFlows.openWorld(WorldOpenFlows.java:261) ~[neoforge-21.1.248.jar%23189!/:?]
	at TRANSFORMER/minecraft@1.21.1/net.minecraft.client.gui.screens.worldselection.WorldSelectionList$WorldListEntry.joinWorld(WorldSelectionList.java:516) ~[neoforge-21.1.248.jar%23189!/:?]
	at TRANSFORMER/minecraft@1.21.1/net.minecraft.client.gui.screens.worldselection.WorldSelectionList$WorldListEntry.mouseClicked(WorldSelectionList.java:499) ~[neoforge-21.1.248.jar%23189!/:?]
	at TRANSFORMER/minecraft@1.21.1/net.minecraft.client.gui.components.AbstractSelectionList.mouseClicked(AbstractSelectionList.java:303) ~[neoforge-21.1.248.jar%23189!/:?]
	at TRANSFORMER/minecraft@1.21.1/net.minecraft.client.gui.components.events.ContainerEventHandler.mouseClicked(ContainerEventHandler.java:52) ~[neoforge-21.1.248.jar%23189!/:?]
	at TRANSFORMER/minecraft@1.21.1/net.minecraft.client.MouseHandler.lambda$onPress$0(MouseHandler.java:103) ~[neoforge-21.1.248.jar%23189!/:?]
	at TRANSFORMER/minecraft@1.21.1/net.minecraft.client.gui.screens.Screen.wrapScreenError(Screen.java:471) ~[neoforge-21.1.248.jar%23189!/:?]
	at TRANSFORMER/minecraft@1.21.1/net.minecraft.client.MouseHandler.onPress(MouseHandler.java:100) ~[neoforge-21.1.248.jar%23189!/:?]
	at TRANSFORMER/minecraft@1.21.1/net.minecraft.client.MouseHandler.lambda$setup$4(MouseHandler.java:212) ~[neoforge-21.1.248.jar%23189!/:?]
	at TRANSFORMER/minecraft@1.21.1/net.minecraft.util.thread.BlockableEventLoop.execute(BlockableEventLoop.java:98) ~[neoforge-21.1.248.jar%23189!/:?]
	at TRANSFORMER/minecraft@1.21.1/net.minecraft.client.MouseHandler.lambda$setup$5(MouseHandler.java:212) ~[neoforge-21.1.248.jar%23189!/:?]
	at MC-BOOTSTRAP/org.lwjgl.glfw@3.3.3+5/org.lwjgl.glfw.GLFWMouseButtonCallbackI.callback(GLFWMouseButtonCallbackI.java:43) ~[lwjgl-glfw-3.3.3.jar%23172!/:build 5]
	at MC-BOOTSTRAP/org.lwjgl@3.3.3+5/org.lwjgl.system.JNI.invokeV(Native Method) ~[lwjgl-3.3.3.jar%23183!/:build 5]
	at MC-BOOTSTRAP/org.lwjgl.glfw@3.3.3+5/org.lwjgl.glfw.GLFW.glfwWaitEventsTimeout(GLFW.java:3509) ~[lwjgl-glfw-3.3.3.jar%23172!/:build 5]
	at TRANSFORMER/minecraft@1.21.1/com.mojang.blaze3d.systems.RenderSystem.limitDisplayFPS(RenderSystem.java:162) ~[neoforge-21.1.248.jar%23189!/:?]
	at TRANSFORMER/minecraft@1.21.1/net.minecraft.client.Minecraft.runTick(Minecraft.java:1226) ~[neoforge-21.1.248.jar%23189!/:?]
	at TRANSFORMER/minecraft@1.21.1/net.minecraft.client.Minecraft.run(Minecraft.java:813) ~[neoforge-21.1.248.jar%23189!/:?]
	at TRANSFORMER/minecraft@1.21.1/net.minecraft.client.main.Main.main(Main.java:230) ~[neoforge-21.1.248.jar%23189!/:?]
	at java.base/jdk.internal.reflect.DirectMethodHandleAccessor.invoke(DirectMethodHandleAccessor.java:103) ~[?:?]
	at java.base/java.lang.reflect.Method.invoke(Method.java:580) ~[?:?]
	at MC-BOOTSTRAP/fml_loader@4.0.43/net.neoforged.fml.loading.targets.CommonLaunchHandler.runTarget(CommonLaunchHandler.java:136) ~[loader-4.0.43.jar%23146!/:4.0]
	at MC-BOOTSTRAP/fml_loader@4.0.43/net.neoforged.fml.loading.targets.CommonLaunchHandler.clientService(CommonLaunchHandler.java:124) ~[loader-4.0.43.jar%23146!/:4.0]
	at MC-BOOTSTRAP/fml_loader@4.0.43/net.neoforged.fml.loading.targets.NeoForgeClientDevLaunchHandler.runService(NeoForgeClientDevLaunchHandler.java:23) ~[loader-4.0.43.jar%23146!/:4.0]
	at MC-BOOTSTRAP/fml_loader@4.0.43/net.neoforged.fml.loading.targets.CommonLaunchHandler.lambda$launchService$4(CommonLaunchHandler.java:118) ~[loader-4.0.43.jar%23146!/:4.0]
	at MC-BOOTSTRAP/cpw.mods.modlauncher@11.0.5/cpw.mods.modlauncher.LaunchServiceHandlerDecorator.launch(LaunchServiceHandlerDecorator.java:30) [modlauncher-11.0.5.jar%23128!/:?]
	at MC-BOOTSTRAP/cpw.mods.modlauncher@11.0.5/cpw.mods.modlauncher.LaunchServiceHandler.launch(LaunchServiceHandler.java:53) [modlauncher-11.0.5.jar%23128!/:?]
	at MC-BOOTSTRAP/cpw.mods.modlauncher@11.0.5/cpw.mods.modlauncher.LaunchServiceHandler.launch(LaunchServiceHandler.java:71) [modlauncher-11.0.5.jar%23128!/:?]
	at MC-BOOTSTRAP/cpw.mods.modlauncher@11.0.5/cpw.mods.modlauncher.Launcher.run(Launcher.java:103) [modlauncher-11.0.5.jar%23128!/:?]
	at MC-BOOTSTRAP/cpw.mods.modlauncher@11.0.5/cpw.mods.modlauncher.Launcher.main(Launcher.java:74) [modlauncher-11.0.5.jar%23128!/:?]
	at MC-BOOTSTRAP/cpw.mods.modlauncher@11.0.5/cpw.mods.modlauncher.BootstrapLaunchConsumer.accept(BootstrapLaunchConsumer.java:26) [modlauncher-11.0.5.jar%23128!/:?]
	at MC-BOOTSTRAP/cpw.mods.modlauncher@11.0.5/cpw.mods.modlauncher.BootstrapLaunchConsumer.accept(BootstrapLaunchConsumer.java:23) [modlauncher-11.0.5.jar%23128!/:?]
	at cpw.mods.bootstraplauncher@2.0.2/cpw.mods.bootstraplauncher.BootstrapLauncher.run(BootstrapLauncher.java:210) [bootstraplauncher-2.0.2.jar:?]
	at cpw.mods.bootstraplauncher@2.0.2/cpw.mods.bootstraplauncher.BootstrapLauncher.main(BootstrapLauncher.java:69) [bootstraplauncher-2.0.2.jar:?]
	at java.base/jdk.internal.reflect.DirectMethodHandleAccessor.invoke(DirectMethodHandleAccessor.java:103) ~[?:?]
	at java.base/java.lang.reflect.Method.invoke(Method.java:580) ~[?:?]
	at net.neoforged.devlaunch.Main.main(Main.java:57) [DevLaunch-1.0.2.jar:?]
[15Sept2026 14:41:37.112] [Render thread/ERROR] [net.minecraft.world.item.crafting.RecipeManager/]: Parsing error loading recipe malum:create/milling/grim_talc
com.google.gson.JsonParseException: Failed to parse either. First: No key amount in MapLike[{"chance":0.25,"count":4,"item":"minecraft:bone_meal"}]; No key id in MapLike[{"chance":0.25,"count":4,"item":"minecraft:bone_meal"}]; Second: Failed to parse either. First: No key id in MapLike[{"chance":0.25,"count":4,"item":"minecraft:bone_meal"}]; Second: Failed to parse either. First: Not a JSON object: "minecraft:bone_meal"; Second: Compat cannot be deserialized; Failed to parse either. First: No key amount in MapLike[{"chance":0.25,"item":"minecraft:yellow_dye"}]; No key id in MapLike[{"chance":0.25,"item":"minecraft:yellow_dye"}]; Second: Failed to parse either. First: No key id in MapLike[{"chance":0.25,"item":"minecraft:yellow_dye"}]; Second: Failed to parse either. First: Not a JSON object: "minecraft:yellow_dye"; Second: Compat cannot be deserialized; Failed to parse either. First: No key amount in MapLike[{"count":6,"item":"minecraft:bone_meal"}]; No key id in MapLike[{"count":6,"item":"minecraft:bone_meal"}]; Second: Failed to parse either. First: No key id in MapLike[{"count":6,"item":"minecraft:bone_meal"}]; Second: Failed to parse either. First: Not a JSON object: "minecraft:bone_meal"; Second: Compat cannot be deserialized
	at MC-BOOTSTRAP/datafixerupper@8.0.16/com.mojang.serialization.DataResult$Error.getOrThrow(DataResult.java:287) ~[datafixerupper-8.0.16.jar%23121!/:?]
	at TRANSFORMER/minecraft@1.21.1/net.minecraft.world.item.crafting.RecipeManager.apply(RecipeManager.java:60) ~[neoforge-21.1.248.jar%23189!/:?]
	at TRANSFORMER/minecraft@1.21.1/net.minecraft.world.item.crafting.RecipeManager.apply(RecipeManager.java:36) ~[neoforge-21.1.248.jar%23189!/:?]
	at TRANSFORMER/minecraft@1.21.1/net.minecraft.server.packs.resources.SimplePreparableReloadListener.lambda$reload$1(SimplePreparableReloadListener.java:19) ~[neoforge-21.1.248.jar%23189!/:?]
	at java.base/java.util.concurrent.CompletableFuture$UniAccept.tryFire(CompletableFuture.java:718) ~[?:?]
	at java.base/java.util.concurrent.CompletableFuture$Completion.run(CompletableFuture.java:482) ~[?:?]
	at TRANSFORMER/minecraft@1.21.1/net.minecraft.server.packs.resources.SimpleReloadInstance.lambda$new$3(SimpleReloadInstance.java:86) ~[neoforge-21.1.248.jar%23189!/:?]
	at TRANSFORMER/minecraft@1.21.1/net.minecraft.util.thread.BlockableEventLoop.doRunTask(BlockableEventLoop.java:151) ~[neoforge-21.1.248.jar%23189!/:?]
	at TRANSFORMER/minecraft@1.21.1/net.minecraft.util.thread.ReentrantBlockableEventLoop.doRunTask(ReentrantBlockableEventLoop.java:24) ~[neoforge-21.1.248.jar%23189!/:?]
	at TRANSFORMER/minecraft@1.21.1/net.minecraft.util.thread.BlockableEventLoop.pollTask(BlockableEventLoop.java:122) ~[neoforge-21.1.248.jar%23189!/:?]
	at TRANSFORMER/minecraft@1.21.1/net.minecraft.util.thread.BlockableEventLoop.managedBlock(BlockableEventLoop.java:135) ~[neoforge-21.1.248.jar%23189!/:?]
	at TRANSFORMER/minecraft@1.21.1/net.minecraft.client.gui.screens.worldselection.WorldOpenFlows.loadWorldDataBlocking(WorldOpenFlows.java:201) ~[neoforge-21.1.248.jar%23189!/:?]
	at TRANSFORMER/minecraft@1.21.1/net.minecraft.client.gui.screens.worldselection.WorldOpenFlows.loadWorldStem(WorldOpenFlows.java:142) ~[neoforge-21.1.248.jar%23189!/:?]
	at TRANSFORMER/minecraft@1.21.1/net.minecraft.client.gui.screens.worldselection.WorldOpenFlows.openWorldLoadLevelStem(WorldOpenFlows.java:346) ~[neoforge-21.1.248.jar%23189!/:?]
	at TRANSFORMER/minecraft@1.21.1/net.minecraft.client.gui.screens.worldselection.WorldOpenFlows.openWorldCheckVersionCompatibility(WorldOpenFlows.java:335) ~[neoforge-21.1.248.jar%23189!/:?]
	at TRANSFORMER/minecraft@1.21.1/net.minecraft.client.gui.screens.worldselection.WorldOpenFlows.openWorldLoadLevelData(WorldOpenFlows.java:297) ~[neoforge-21.1.248.jar%23189!/:?]
	at TRANSFORMER/minecraft@1.21.1/net.minecraft.client.gui.screens.worldselection.WorldOpenFlows.openWorld(WorldOpenFlows.java:261) ~[neoforge-21.1.248.jar%23189!/:?]
	at TRANSFORMER/minecraft@1.21.1/net.minecraft.client.gui.screens.worldselection.WorldSelectionList$WorldListEntry.joinWorld(WorldSelectionList.java:516) ~[neoforge-21.1.248.jar%23189!/:?]
	at TRANSFORMER/minecraft@1.21.1/net.minecraft.client.gui.screens.worldselection.WorldSelectionList$WorldListEntry.mouseClicked(WorldSelectionList.java:499) ~[neoforge-21.1.248.jar%23189!/:?]
	at TRANSFORMER/minecraft@1.21.1/net.minecraft.client.gui.components.AbstractSelectionList.mouseClicked(AbstractSelectionList.java:303) ~[neoforge-21.1.248.jar%23189!/:?]
	at TRANSFORMER/minecraft@1.21.1/net.minecraft.client.gui.components.events.ContainerEventHandler.mouseClicked(ContainerEventHandler.java:52) ~[neoforge-21.1.248.jar%23189!/:?]
	at TRANSFORMER/minecraft@1.21.1/net.minecraft.client.MouseHandler.lambda$onPress$0(MouseHandler.java:103) ~[neoforge-21.1.248.jar%23189!/:?]
	at TRANSFORMER/minecraft@1.21.1/net.minecraft.client.gui.screens.Screen.wrapScreenError(Screen.java:471) ~[neoforge-21.1.248.jar%23189!/:?]
	at TRANSFORMER/minecraft@1.21.1/net.minecraft.client.MouseHandler.onPress(MouseHandler.java:100) ~[neoforge-21.1.248.jar%23189!/:?]
	at TRANSFORMER/minecraft@1.21.1/net.minecraft.client.MouseHandler.lambda$setup$4(MouseHandler.java:212) ~[neoforge-21.1.248.jar%23189!/:?]
	at TRANSFORMER/minecraft@1.21.1/net.minecraft.util.thread.BlockableEventLoop.execute(BlockableEventLoop.java:98) ~[neoforge-21.1.248.jar%23189!/:?]
	at TRANSFORMER/minecraft@1.21.1/net.minecraft.client.MouseHandler.lambda$setup$5(MouseHandler.java:212) ~[neoforge-21.1.248.jar%23189!/:?]
	at MC-BOOTSTRAP/org.lwjgl.glfw@3.3.3+5/org.lwjgl.glfw.GLFWMouseButtonCallbackI.callback(GLFWMouseButtonCallbackI.java:43) ~[lwjgl-glfw-3.3.3.jar%23172!/:build 5]
	at MC-BOOTSTRAP/org.lwjgl@3.3.3+5/org.lwjgl.system.JNI.invokeV(Native Method) ~[lwjgl-3.3.3.jar%23183!/:build 5]
	at MC-BOOTSTRAP/org.lwjgl.glfw@3.3.3+5/org.lwjgl.glfw.GLFW.glfwWaitEventsTimeout(GLFW.java:3509) ~[lwjgl-glfw-3.3.3.jar%23172!/:build 5]
	at TRANSFORMER/minecraft@1.21.1/com.mojang.blaze3d.systems.RenderSystem.limitDisplayFPS(RenderSystem.java:162) ~[neoforge-21.1.248.jar%23189!/:?]
	at TRANSFORMER/minecraft@1.21.1/net.minecraft.client.Minecraft.runTick(Minecraft.java:1226) ~[neoforge-21.1.248.jar%23189!/:?]
	at TRANSFORMER/minecraft@1.21.1/net.minecraft.client.Minecraft.run(Minecraft.java:813) ~[neoforge-21.1.248.jar%23189!/:?]
	at TRANSFORMER/minecraft@1.21.1/net.minecraft.client.main.Main.main(Main.java:230) ~[neoforge-21.1.248.jar%23189!/:?]
	at java.base/jdk.internal.reflect.DirectMethodHandleAccessor.invoke(DirectMethodHandleAccessor.java:103) ~[?:?]
	at java.base/java.lang.reflect.Method.invoke(Method.java:580) ~[?:?]
	at MC-BOOTSTRAP/fml_loader@4.0.43/net.neoforged.fml.loading.targets.CommonLaunchHandler.runTarget(CommonLaunchHandler.java:136) ~[loader-4.0.43.jar%23146!/:4.0]
	at MC-BOOTSTRAP/fml_loader@4.0.43/net.neoforged.fml.loading.targets.CommonLaunchHandler.clientService(CommonLaunchHandler.java:124) ~[loader-4.0.43.jar%23146!/:4.0]
	at MC-BOOTSTRAP/fml_loader@4.0.43/net.neoforged.fml.loading.targets.NeoForgeClientDevLaunchHandler.runService(NeoForgeClientDevLaunchHandler.java:23) ~[loader-4.0.43.jar%23146!/:4.0]
	at MC-BOOTSTRAP/fml_loader@4.0.43/net.neoforged.fml.loading.targets.CommonLaunchHandler.lambda$launchService$4(CommonLaunchHandler.java:118) ~[loader-4.0.43.jar%23146!/:4.0]
	at MC-BOOTSTRAP/cpw.mods.modlauncher@11.0.5/cpw.mods.modlauncher.LaunchServiceHandlerDecorator.launch(LaunchServiceHandlerDecorator.java:30) [modlauncher-11.0.5.jar%23128!/:?]
	at MC-BOOTSTRAP/cpw.mods.modlauncher@11.0.5/cpw.mods.modlauncher.LaunchServiceHandler.launch(LaunchServiceHandler.java:53) [modlauncher-11.0.5.jar%23128!/:?]
	at MC-BOOTSTRAP/cpw.mods.modlauncher@11.0.5/cpw.mods.modlauncher.LaunchServiceHandler.launch(LaunchServiceHandler.java:71) [modlauncher-11.0.5.jar%23128!/:?]
	at MC-BOOTSTRAP/cpw.mods.modlauncher@11.0.5/cpw.mods.modlauncher.Launcher.run(Launcher.java:103) [modlauncher-11.0.5.jar%23128!/:?]
	at MC-BOOTSTRAP/cpw.mods.modlauncher@11.0.5/cpw.mods.modlauncher.Launcher.main(Launcher.java:74) [modlauncher-11.0.5.jar%23128!/:?]
	at MC-BOOTSTRAP/cpw.mods.modlauncher@11.0.5/cpw.mods.modlauncher.BootstrapLaunchConsumer.accept(BootstrapLaunchConsumer.java:26) [modlauncher-11.0.5.jar%23128!/:?]
	at MC-BOOTSTRAP/cpw.mods.modlauncher@11.0.5/cpw.mods.modlauncher.BootstrapLaunchConsumer.accept(BootstrapLaunchConsumer.java:23) [modlauncher-11.0.5.jar%23128!/:?]
	at cpw.mods.bootstraplauncher@2.0.2/cpw.mods.bootstraplauncher.BootstrapLauncher.run(BootstrapLauncher.java:210) [bootstraplauncher-2.0.2.jar:?]
	at cpw.mods.bootstraplauncher@2.0.2/cpw.mods.bootstraplauncher.BootstrapLauncher.main(BootstrapLauncher.java:69) [bootstraplauncher-2.0.2.jar:?]
	at java.base/jdk.internal.reflect.DirectMethodHandleAccessor.invoke(DirectMethodHandleAccessor.java:103) ~[?:?]
	at java.base/java.lang.reflect.Method.invoke(Method.java:580) ~[?:?]
	at net.neoforged.devlaunch.Main.main(Main.java:57) [DevLaunch-1.0.2.jar:?]
[15Sept2026 14:41:37.195] [Render thread/ERROR] [net.minecraft.world.item.crafting.RecipeManager/]: Parsing error loading recipe malum:malum/spirit_repair/botania/manasteel
com.google.gson.JsonParseException: Unknown registry key in ResourceKey[minecraft:root / malum:spirit_types]: minecraft:arcane
	at MC-BOOTSTRAP/datafixerupper@8.0.16/com.mojang.serialization.DataResult$Error.getOrThrow(DataResult.java:287) ~[datafixerupper-8.0.16.jar%23121!/:?]
	at TRANSFORMER/minecraft@1.21.1/net.minecraft.world.item.crafting.RecipeManager.apply(RecipeManager.java:60) ~[neoforge-21.1.248.jar%23189!/:?]
	at TRANSFORMER/minecraft@1.21.1/net.minecraft.world.item.crafting.RecipeManager.apply(RecipeManager.java:36) ~[neoforge-21.1.248.jar%23189!/:?]
	at TRANSFORMER/minecraft@1.21.1/net.minecraft.server.packs.resources.SimplePreparableReloadListener.lambda$reload$1(SimplePreparableReloadListener.java:19) ~[neoforge-21.1.248.jar%23189!/:?]
	at java.base/java.util.concurrent.CompletableFuture$UniAccept.tryFire(CompletableFuture.java:718) ~[?:?]
	at java.base/java.util.concurrent.CompletableFuture$Completion.run(CompletableFuture.java:482) ~[?:?]
	at TRANSFORMER/minecraft@1.21.1/net.minecraft.server.packs.resources.SimpleReloadInstance.lambda$new$3(SimpleReloadInstance.java:86) ~[neoforge-21.1.248.jar%23189!/:?]
	at TRANSFORMER/minecraft@1.21.1/net.minecraft.util.thread.BlockableEventLoop.doRunTask(BlockableEventLoop.java:151) ~[neoforge-21.1.248.jar%23189!/:?]
	at TRANSFORMER/minecraft@1.21.1/net.minecraft.util.thread.ReentrantBlockableEventLoop.doRunTask(ReentrantBlockableEventLoop.java:24) ~[neoforge-21.1.248.jar%23189!/:?]
	at TRANSFORMER/minecraft@1.21.1/net.minecraft.util.thread.BlockableEventLoop.pollTask(BlockableEventLoop.java:122) ~[neoforge-21.1.248.jar%23189!/:?]
	at TRANSFORMER/minecraft@1.21.1/net.minecraft.util.thread.BlockableEventLoop.managedBlock(BlockableEventLoop.java:135) ~[neoforge-21.1.248.jar%23189!/:?]
	at TRANSFORMER/minecraft@1.21.1/net.minecraft.client.gui.screens.worldselection.WorldOpenFlows.loadWorldDataBlocking(WorldOpenFlows.java:201) ~[neoforge-21.1.248.jar%23189!/:?]
	at TRANSFORMER/minecraft@1.21.1/net.minecraft.client.gui.screens.worldselection.WorldOpenFlows.loadWorldStem(WorldOpenFlows.java:142) ~[neoforge-21.1.248.jar%23189!/:?]
	at TRANSFORMER/minecraft@1.21.1/net.minecraft.client.gui.screens.worldselection.WorldOpenFlows.openWorldLoadLevelStem(WorldOpenFlows.java:346) ~[neoforge-21.1.248.jar%23189!/:?]
	at TRANSFORMER/minecraft@1.21.1/net.minecraft.client.gui.screens.worldselection.WorldOpenFlows.openWorldCheckVersionCompatibility(WorldOpenFlows.java:335) ~[neoforge-21.1.248.jar%23189!/:?]
	at TRANSFORMER/minecraft@1.21.1/net.minecraft.client.gui.screens.worldselection.WorldOpenFlows.openWorldLoadLevelData(WorldOpenFlows.java:297) ~[neoforge-21.1.248.jar%23189!/:?]
	at TRANSFORMER/minecraft@1.21.1/net.minecraft.client.gui.screens.worldselection.WorldOpenFlows.openWorld(WorldOpenFlows.java:261) ~[neoforge-21.1.248.jar%23189!/:?]
	at TRANSFORMER/minecraft@1.21.1/net.minecraft.client.gui.screens.worldselection.WorldSelectionList$WorldListEntry.joinWorld(WorldSelectionList.java:516) ~[neoforge-21.1.248.jar%23189!/:?]
	at TRANSFORMER/minecraft@1.21.1/net.minecraft.client.gui.screens.worldselection.WorldSelectionList$WorldListEntry.mouseClicked(WorldSelectionList.java:499) ~[neoforge-21.1.248.jar%23189!/:?]
	at TRANSFORMER/minecraft@1.21.1/net.minecraft.client.gui.components.AbstractSelectionList.mouseClicked(AbstractSelectionList.java:303) ~[neoforge-21.1.248.jar%23189!/:?]
	at TRANSFORMER/minecraft@1.21.1/net.minecraft.client.gui.components.events.ContainerEventHandler.mouseClicked(ContainerEventHandler.java:52) ~[neoforge-21.1.248.jar%23189!/:?]
	at TRANSFORMER/minecraft@1.21.1/net.minecraft.client.MouseHandler.lambda$onPress$0(MouseHandler.java:103) ~[neoforge-21.1.248.jar%23189!/:?]
	at TRANSFORMER/minecraft@1.21.1/net.minecraft.client.gui.screens.Screen.wrapScreenError(Screen.java:471) ~[neoforge-21.1.248.jar%23189!/:?]
	at TRANSFORMER/minecraft@1.21.1/net.minecraft.client.MouseHandler.onPress(MouseHandler.java:100) ~[neoforge-21.1.248.jar%23189!/:?]
	at TRANSFORMER/minecraft@1.21.1/net.minecraft.client.MouseHandler.lambda$setup$4(MouseHandler.java:212) ~[neoforge-21.1.248.jar%23189!/:?]
	at TRANSFORMER/minecraft@1.21.1/net.minecraft.util.thread.BlockableEventLoop.execute(BlockableEventLoop.java:98) ~[neoforge-21.1.248.jar%23189!/:?]
	at TRANSFORMER/minecraft@1.21.1/net.minecraft.client.MouseHandler.lambda$setup$5(MouseHandler.java:212) ~[neoforge-21.1.248.jar%23189!/:?]
	at MC-BOOTSTRAP/org.lwjgl.glfw@3.3.3+5/org.lwjgl.glfw.GLFWMouseButtonCallbackI.callback(GLFWMouseButtonCallbackI.java:43) ~[lwjgl-glfw-3.3.3.jar%23172!/:build 5]
	at MC-BOOTSTRAP/org.lwjgl@3.3.3+5/org.lwjgl.system.JNI.invokeV(Native Method) ~[lwjgl-3.3.3.jar%23183!/:build 5]
	at MC-BOOTSTRAP/org.lwjgl.glfw@3.3.3+5/org.lwjgl.glfw.GLFW.glfwWaitEventsTimeout(GLFW.java:3509) ~[lwjgl-glfw-3.3.3.jar%23172!/:build 5]
	at TRANSFORMER/minecraft@1.21.1/com.mojang.blaze3d.systems.RenderSystem.limitDisplayFPS(RenderSystem.java:162) ~[neoforge-21.1.248.jar%23189!/:?]
	at TRANSFORMER/minecraft@1.21.1/net.minecraft.client.Minecraft.runTick(Minecraft.java:1226) ~[neoforge-21.1.248.jar%23189!/:?]
	at TRANSFORMER/minecraft@1.21.1/net.minecraft.client.Minecraft.run(Minecraft.java:813) ~[neoforge-21.1.248.jar%23189!/:?]
	at TRANSFORMER/minecraft@1.21.1/net.minecraft.client.main.Main.main(Main.java:230) ~[neoforge-21.1.248.jar%23189!/:?]
	at java.base/jdk.internal.reflect.DirectMethodHandleAccessor.invoke(DirectMethodHandleAccessor.java:103) ~[?:?]
	at java.base/java.lang.reflect.Method.invoke(Method.java:580) ~[?:?]
	at MC-BOOTSTRAP/fml_loader@4.0.43/net.neoforged.fml.loading.targets.CommonLaunchHandler.runTarget(CommonLaunchHandler.java:136) ~[loader-4.0.43.jar%23146!/:4.0]
	at MC-BOOTSTRAP/fml_loader@4.0.43/net.neoforged.fml.loading.targets.CommonLaunchHandler.clientService(CommonLaunchHandler.java:124) ~[loader-4.0.43.jar%23146!/:4.0]
	at MC-BOOTSTRAP/fml_loader@4.0.43/net.neoforged.fml.loading.targets.NeoForgeClientDevLaunchHandler.runService(NeoForgeClientDevLaunchHandler.java:23) ~[loader-4.0.43.jar%23146!/:4.0]
	at MC-BOOTSTRAP/fml_loader@4.0.43/net.neoforged.fml.loading.targets.CommonLaunchHandler.lambda$launchService$4(CommonLaunchHandler.java:118) ~[loader-4.0.43.jar%23146!/:4.0]
	at MC-BOOTSTRAP/cpw.mods.modlauncher@11.0.5/cpw.mods.modlauncher.LaunchServiceHandlerDecorator.launch(LaunchServiceHandlerDecorator.java:30) [modlauncher-11.0.5.jar%23128!/:?]
	at MC-BOOTSTRAP/cpw.mods.modlauncher@11.0.5/cpw.mods.modlauncher.LaunchServiceHandler.launch(LaunchServiceHandler.java:53) [modlauncher-11.0.5.jar%23128!/:?]
	at MC-BOOTSTRAP/cpw.mods.modlauncher@11.0.5/cpw.mods.modlauncher.LaunchServiceHandler.launch(LaunchServiceHandler.java:71) [modlauncher-11.0.5.jar%23128!/:?]
	at MC-BOOTSTRAP/cpw.mods.modlauncher@11.0.5/cpw.mods.modlauncher.Launcher.run(Launcher.java:103) [modlauncher-11.0.5.jar%23128!/:?]
	at MC-BOOTSTRAP/cpw.mods.modlauncher@11.0.5/cpw.mods.modlauncher.Launcher.main(Launcher.java:74) [modlauncher-11.0.5.jar%23128!/:?]
	at MC-BOOTSTRAP/cpw.mods.modlauncher@11.0.5/cpw.mods.modlauncher.BootstrapLaunchConsumer.accept(BootstrapLaunchConsumer.java:26) [modlauncher-11.0.5.jar%23128!/:?]
	at MC-BOOTSTRAP/cpw.mods.modlauncher@11.0.5/cpw.mods.modlauncher.BootstrapLaunchConsumer.accept(BootstrapLaunchConsumer.java:23) [modlauncher-11.0.5.jar%23128!/:?]
	at cpw.mods.bootstraplauncher@2.0.2/cpw.mods.bootstraplauncher.BootstrapLauncher.run(BootstrapLauncher.java:210) [bootstraplauncher-2.0.2.jar:?]
	at cpw.mods.bootstraplauncher@2.0.2/cpw.mods.bootstraplauncher.BootstrapLauncher.main(BootstrapLauncher.java:69) [bootstraplauncher-2.0.2.jar:?]
	at java.base/jdk.internal.reflect.DirectMethodHandleAccessor.invoke(DirectMethodHandleAccessor.java:103) ~[?:?]
	at java.base/java.lang.reflect.Method.invoke(Method.java:580) ~[?:?]
	at net.neoforged.devlaunch.Main.main(Main.java:57) [DevLaunch-1.0.2.jar:?]
[15Sept2026 14:41:37.235] [Render thread/ERROR] [net.minecraft.world.item.crafting.RecipeManager/]: Parsing error loading recipe malum:malum/spirit_repair/undergarden/forgotten
com.google.gson.JsonParseException: No key itemIdRegex in MapLike[{}]; Unknown registry key in ResourceKey[minecraft:root / malum:spirit_types]: minecraft:eldritch; Unknown registry key in ResourceKey[minecraft:root / malum:spirit_types]: minecraft:arcane; Unknown registry key in ResourceKey[minecraft:root / malum:spirit_types]: minecraft:earthen; No key validItems in MapLike[{"type":"malum:spirit_repair","itemIdRegex":"forgotten_.+","modIdRegex":"undergarden","durabilityPercentage":0.75,"inputs":[],"repairMaterial":{"item":"undergarden:forgotten_ingot","count":1},"spirits":[{"type":"earthen","count":20},{"type":"arcane","count":12},{"type":"eldritch","count":2}],"regex":{}}]
	at MC-BOOTSTRAP/datafixerupper@8.0.16/com.mojang.serialization.DataResult$Error.getOrThrow(DataResult.java:287) ~[datafixerupper-8.0.16.jar%23121!/:?]
	at TRANSFORMER/minecraft@1.21.1/net.minecraft.world.item.crafting.RecipeManager.apply(RecipeManager.java:60) ~[neoforge-21.1.248.jar%23189!/:?]
	at TRANSFORMER/minecraft@1.21.1/net.minecraft.world.item.crafting.RecipeManager.apply(RecipeManager.java:36) ~[neoforge-21.1.248.jar%23189!/:?]
	at TRANSFORMER/minecraft@1.21.1/net.minecraft.server.packs.resources.SimplePreparableReloadListener.lambda$reload$1(SimplePreparableReloadListener.java:19) ~[neoforge-21.1.248.jar%23189!/:?]
	at java.base/java.util.concurrent.CompletableFuture$UniAccept.tryFire(CompletableFuture.java:718) ~[?:?]
	at java.base/java.util.concurrent.CompletableFuture$Completion.run(CompletableFuture.java:482) ~[?:?]
	at TRANSFORMER/minecraft@1.21.1/net.minecraft.server.packs.resources.SimpleReloadInstance.lambda$new$3(SimpleReloadInstance.java:86) ~[neoforge-21.1.248.jar%23189!/:?]
	at TRANSFORMER/minecraft@1.21.1/net.minecraft.util.thread.BlockableEventLoop.doRunTask(BlockableEventLoop.java:151) ~[neoforge-21.1.248.jar%23189!/:?]
	at TRANSFORMER/minecraft@1.21.1/net.minecraft.util.thread.ReentrantBlockableEventLoop.doRunTask(ReentrantBlockableEventLoop.java:24) ~[neoforge-21.1.248.jar%23189!/:?]
	at TRANSFORMER/minecraft@1.21.1/net.minecraft.util.thread.BlockableEventLoop.pollTask(BlockableEventLoop.java:122) ~[neoforge-21.1.248.jar%23189!/:?]
	at TRANSFORMER/minecraft@1.21.1/net.minecraft.util.thread.BlockableEventLoop.managedBlock(BlockableEventLoop.java:135) ~[neoforge-21.1.248.jar%23189!/:?]
	at TRANSFORMER/minecraft@1.21.1/net.minecraft.client.gui.screens.worldselection.WorldOpenFlows.loadWorldDataBlocking(WorldOpenFlows.java:201) ~[neoforge-21.1.248.jar%23189!/:?]
	at TRANSFORMER/minecraft@1.21.1/net.minecraft.client.gui.screens.worldselection.WorldOpenFlows.loadWorldStem(WorldOpenFlows.java:142) ~[neoforge-21.1.248.jar%23189!/:?]
	at TRANSFORMER/minecraft@1.21.1/net.minecraft.client.gui.screens.worldselection.WorldOpenFlows.openWorldLoadLevelStem(WorldOpenFlows.java:346) ~[neoforge-21.1.248.jar%23189!/:?]
	at TRANSFORMER/minecraft@1.21.1/net.minecraft.client.gui.screens.worldselection.WorldOpenFlows.openWorldCheckVersionCompatibility(WorldOpenFlows.java:335) ~[neoforge-21.1.248.jar%23189!/:?]
	at TRANSFORMER/minecraft@1.21.1/net.minecraft.client.gui.screens.worldselection.WorldOpenFlows.openWorldLoadLevelData(WorldOpenFlows.java:297) ~[neoforge-21.1.248.jar%23189!/:?]
	at TRANSFORMER/minecraft@1.21.1/net.minecraft.client.gui.screens.worldselection.WorldOpenFlows.openWorld(WorldOpenFlows.java:261) ~[neoforge-21.1.248.jar%23189!/:?]
	at TRANSFORMER/minecraft@1.21.1/net.minecraft.client.gui.screens.worldselection.WorldSelectionList$WorldListEntry.joinWorld(WorldSelectionList.java:516) ~[neoforge-21.1.248.jar%23189!/:?]
	at TRANSFORMER/minecraft@1.21.1/net.minecraft.client.gui.screens.worldselection.WorldSelectionList$WorldListEntry.mouseClicked(WorldSelectionList.java:499) ~[neoforge-21.1.248.jar%23189!/:?]
	at TRANSFORMER/minecraft@1.21.1/net.minecraft.client.gui.components.AbstractSelectionList.mouseClicked(AbstractSelectionList.java:303) ~[neoforge-21.1.248.jar%23189!/:?]
	at TRANSFORMER/minecraft@1.21.1/net.minecraft.client.gui.components.events.ContainerEventHandler.mouseClicked(ContainerEventHandler.java:52) ~[neoforge-21.1.248.jar%23189!/:?]
	at TRANSFORMER/minecraft@1.21.1/net.minecraft.client.MouseHandler.lambda$onPress$0(MouseHandler.java:103) ~[neoforge-21.1.248.jar%23189!/:?]
	at TRANSFORMER/minecraft@1.21.1/net.minecraft.client.gui.screens.Screen.wrapScreenError(Screen.java:471) ~[neoforge-21.1.248.jar%23189!/:?]
	at TRANSFORMER/minecraft@1.21.1/net.minecraft.client.MouseHandler.onPress(MouseHandler.java:100) ~[neoforge-21.1.248.jar%23189!/:?]
	at TRANSFORMER/minecraft@1.21.1/net.minecraft.client.MouseHandler.lambda$setup$4(MouseHandler.java:212) ~[neoforge-21.1.248.jar%23189!/:?]
	at TRANSFORMER/minecraft@1.21.1/net.minecraft.util.thread.BlockableEventLoop.execute(BlockableEventLoop.java:98) ~[neoforge-21.1.248.jar%23189!/:?]
	at TRANSFORMER/minecraft@1.21.1/net.minecraft.client.MouseHandler.lambda$setup$5(MouseHandler.java:212) ~[neoforge-21.1.248.jar%23189!/:?]
	at MC-BOOTSTRAP/org.lwjgl.glfw@3.3.3+5/org.lwjgl.glfw.GLFWMouseButtonCallbackI.callback(GLFWMouseButtonCallbackI.java:43) ~[lwjgl-glfw-3.3.3.jar%23172!/:build 5]
	at MC-BOOTSTRAP/org.lwjgl@3.3.3+5/org.lwjgl.system.JNI.invokeV(Native Method) ~[lwjgl-3.3.3.jar%23183!/:build 5]
	at MC-BOOTSTRAP/org.lwjgl.glfw@3.3.3+5/org.lwjgl.glfw.GLFW.glfwWaitEventsTimeout(GLFW.java:3509) ~[lwjgl-glfw-3.3.3.jar%23172!/:build 5]
	at TRANSFORMER/minecraft@1.21.1/com.mojang.blaze3d.systems.RenderSystem.limitDisplayFPS(RenderSystem.java:162) ~[neoforge-21.1.248.jar%23189!/:?]
	at TRANSFORMER/minecraft@1.21.1/net.minecraft.client.Minecraft.runTick(Minecraft.java:1226) ~[neoforge-21.1.248.jar%23189!/:?]
	at TRANSFORMER/minecraft@1.21.1/net.minecraft.client.Minecraft.run(Minecraft.java:813) ~[neoforge-21.1.248.jar%23189!/:?]
	at TRANSFORMER/minecraft@1.21.1/net.minecraft.client.main.Main.main(Main.java:230) ~[neoforge-21.1.248.jar%23189!/:?]
	at java.base/jdk.internal.reflect.DirectMethodHandleAccessor.invoke(DirectMethodHandleAccessor.java:103) ~[?:?]
	at java.base/java.lang.reflect.Method.invoke(Method.java:580) ~[?:?]
	at MC-BOOTSTRAP/fml_loader@4.0.43/net.neoforged.fml.loading.targets.CommonLaunchHandler.runTarget(CommonLaunchHandler.java:136) ~[loader-4.0.43.jar%23146!/:4.0]
	at MC-BOOTSTRAP/fml_loader@4.0.43/net.neoforged.fml.loading.targets.CommonLaunchHandler.clientService(CommonLaunchHandler.java:124) ~[loader-4.0.43.jar%23146!/:4.0]
	at MC-BOOTSTRAP/fml_loader@4.0.43/net.neoforged.fml.loading.targets.NeoForgeClientDevLaunchHandler.runService(NeoForgeClientDevLaunchHandler.java:23) ~[loader-4.0.43.jar%23146!/:4.0]
	at MC-BOOTSTRAP/fml_loader@4.0.43/net.neoforged.fml.loading.targets.CommonLaunchHandler.lambda$launchService$4(CommonLaunchHandler.java:118) ~[loader-4.0.43.jar%23146!/:4.0]
	at MC-BOOTSTRAP/cpw.mods.modlauncher@11.0.5/cpw.mods.modlauncher.LaunchServiceHandlerDecorator.launch(LaunchServiceHandlerDecorator.java:30) [modlauncher-11.0.5.jar%23128!/:?]
	at MC-BOOTSTRAP/cpw.mods.modlauncher@11.0.5/cpw.mods.modlauncher.LaunchServiceHandler.launch(LaunchServiceHandler.java:53) [modlauncher-11.0.5.jar%23128!/:?]
	at MC-BOOTSTRAP/cpw.mods.modlauncher@11.0.5/cpw.mods.modlauncher.LaunchServiceHandler.launch(LaunchServiceHandler.java:71) [modlauncher-11.0.5.jar%23128!/:?]
	at MC-BOOTSTRAP/cpw.mods.modlauncher@11.0.5/cpw.mods.modlauncher.Launcher.run(Launcher.java:103) [modlauncher-11.0.5.jar%23128!/:?]
	at MC-BOOTSTRAP/cpw.mods.modlauncher@11.0.5/cpw.mods.modlauncher.Launcher.main(Launcher.java:74) [modlauncher-11.0.5.jar%23128!/:?]
	at MC-BOOTSTRAP/cpw.mods.modlauncher@11.0.5/cpw.mods.modlauncher.BootstrapLaunchConsumer.accept(BootstrapLaunchConsumer.java:26) [modlauncher-11.0.5.jar%23128!/:?]
	at MC-BOOTSTRAP/cpw.mods.modlauncher@11.0.5/cpw.mods.modlauncher.BootstrapLaunchConsumer.accept(BootstrapLaunchConsumer.java:23) [modlauncher-11.0.5.jar%23128!/:?]
	at cpw.mods.bootstraplauncher@2.0.2/cpw.mods.bootstraplauncher.BootstrapLauncher.run(BootstrapLauncher.java:210) [bootstraplauncher-2.0.2.jar:?]
	at cpw.mods.bootstraplauncher@2.0.2/cpw.mods.bootstraplauncher.BootstrapLauncher.main(BootstrapLauncher.java:69) [bootstraplauncher-2.0.2.jar:?]
	at java.base/jdk.internal.reflect.DirectMethodHandleAccessor.invoke(DirectMethodHandleAccessor.java:103) ~[?:?]
	at java.base/java.lang.reflect.Method.invoke(Method.java:580) ~[?:?]
	at net.neoforged.devlaunch.Main.main(Main.java:57) [DevLaunch-1.0.2.jar:?]
[15Sept2026 14:41:37.282] [Render thread/ERROR] [net.minecraft.world.item.crafting.RecipeManager/]: Parsing error loading recipe malum:malum/spirit_repair/occultism/purple_chalk
com.google.gson.JsonParseException: No key validItems in MapLike[{"type":"malum:spirit_repair","durabilityPercentage":1,"repairMaterial":{"count":2,"tag":"c:dusts/obsidian"},"spirits":[{"type":"malum:arcane","count":8}],"inputs":["occultism:chalk_purple"]}]
	at MC-BOOTSTRAP/datafixerupper@8.0.16/com.mojang.serialization.DataResult$Error.getOrThrow(DataResult.java:287) ~[datafixerupper-8.0.16.jar%23121!/:?]
	at TRANSFORMER/minecraft@1.21.1/net.minecraft.world.item.crafting.RecipeManager.apply(RecipeManager.java:60) ~[neoforge-21.1.248.jar%23189!/:?]
	at TRANSFORMER/minecraft@1.21.1/net.minecraft.world.item.crafting.RecipeManager.apply(RecipeManager.java:36) ~[neoforge-21.1.248.jar%23189!/:?]
	at TRANSFORMER/minecraft@1.21.1/net.minecraft.server.packs.resources.SimplePreparableReloadListener.lambda$reload$1(SimplePreparableReloadListener.java:19) ~[neoforge-21.1.248.jar%23189!/:?]
	at java.base/java.util.concurrent.CompletableFuture$UniAccept.tryFire(CompletableFuture.java:718) ~[?:?]
	at java.base/java.util.concurrent.CompletableFuture$Completion.run(CompletableFuture.java:482) ~[?:?]
	at TRANSFORMER/minecraft@1.21.1/net.minecraft.server.packs.resources.SimpleReloadInstance.lambda$new$3(SimpleReloadInstance.java:86) ~[neoforge-21.1.248.jar%23189!/:?]
	at TRANSFORMER/minecraft@1.21.1/net.minecraft.util.thread.BlockableEventLoop.doRunTask(BlockableEventLoop.java:151) ~[neoforge-21.1.248.jar%23189!/:?]
	at TRANSFORMER/minecraft@1.21.1/net.minecraft.util.thread.ReentrantBlockableEventLoop.doRunTask(ReentrantBlockableEventLoop.java:24) ~[neoforge-21.1.248.jar%23189!/:?]
	at TRANSFORMER/minecraft@1.21.1/net.minecraft.util.thread.BlockableEventLoop.pollTask(BlockableEventLoop.java:122) ~[neoforge-21.1.248.jar%23189!/:?]
	at TRANSFORMER/minecraft@1.21.1/net.minecraft.util.thread.BlockableEventLoop.managedBlock(BlockableEventLoop.java:135) ~[neoforge-21.1.248.jar%23189!/:?]
	at TRANSFORMER/minecraft@1.21.1/net.minecraft.client.gui.screens.worldselection.WorldOpenFlows.loadWorldDataBlocking(WorldOpenFlows.java:201) ~[neoforge-21.1.248.jar%23189!/:?]
	at TRANSFORMER/minecraft@1.21.1/net.minecraft.client.gui.screens.worldselection.WorldOpenFlows.loadWorldStem(WorldOpenFlows.java:142) ~[neoforge-21.1.248.jar%23189!/:?]
	at TRANSFORMER/minecraft@1.21.1/net.minecraft.client.gui.screens.worldselection.WorldOpenFlows.openWorldLoadLevelStem(WorldOpenFlows.java:346) ~[neoforge-21.1.248.jar%23189!/:?]
	at TRANSFORMER/minecraft@1.21.1/net.minecraft.client.gui.screens.worldselection.WorldOpenFlows.openWorldCheckVersionCompatibility(WorldOpenFlows.java:335) ~[neoforge-21.1.248.jar%23189!/:?]
	at TRANSFORMER/minecraft@1.21.1/net.minecraft.client.gui.screens.worldselection.WorldOpenFlows.openWorldLoadLevelData(WorldOpenFlows.java:297) ~[neoforge-21.1.248.jar%23189!/:?]
	at TRANSFORMER/minecraft@1.21.1/net.minecraft.client.gui.screens.worldselection.WorldOpenFlows.openWorld(WorldOpenFlows.java:261) ~[neoforge-21.1.248.jar%23189!/:?]
	at TRANSFORMER/minecraft@1.21.1/net.minecraft.client.gui.screens.worldselection.WorldSelectionList$WorldListEntry.joinWorld(WorldSelectionList.java:516) ~[neoforge-21.1.248.jar%23189!/:?]
	at TRANSFORMER/minecraft@1.21.1/net.minecraft.client.gui.screens.worldselection.WorldSelectionList$WorldListEntry.mouseClicked(WorldSelectionList.java:499) ~[neoforge-21.1.248.jar%23189!/:?]
	at TRANSFORMER/minecraft@1.21.1/net.minecraft.client.gui.components.AbstractSelectionList.mouseClicked(AbstractSelectionList.java:303) ~[neoforge-21.1.248.jar%23189!/:?]
	at TRANSFORMER/minecraft@1.21.1/net.minecraft.client.gui.components.events.ContainerEventHandler.mouseClicked(ContainerEventHandler.java:52) ~[neoforge-21.1.248.jar%23189!/:?]
	at TRANSFORMER/minecraft@1.21.1/net.minecraft.client.MouseHandler.lambda$onPress$0(MouseHandler.java:103) ~[neoforge-21.1.248.jar%23189!/:?]
	at TRANSFORMER/minecraft@1.21.1/net.minecraft.client.gui.screens.Screen.wrapScreenError(Screen.java:471) ~[neoforge-21.1.248.jar%23189!/:?]
	at TRANSFORMER/minecraft@1.21.1/net.minecraft.client.MouseHandler.onPress(MouseHandler.java:100) ~[neoforge-21.1.248.jar%23189!/:?]
	at TRANSFORMER/minecraft@1.21.1/net.minecraft.client.MouseHandler.lambda$setup$4(MouseHandler.java:212) ~[neoforge-21.1.248.jar%23189!/:?]
	at TRANSFORMER/minecraft@1.21.1/net.minecraft.util.thread.BlockableEventLoop.execute(BlockableEventLoop.java:98) ~[neoforge-21.1.248.jar%23189!/:?]
	at TRANSFORMER/minecraft@1.21.1/net.minecraft.client.MouseHandler.lambda$setup$5(MouseHandler.java:212) ~[neoforge-21.1.248.jar%23189!/:?]
	at MC-BOOTSTRAP/org.lwjgl.glfw@3.3.3+5/org.lwjgl.glfw.GLFWMouseButtonCallbackI.callback(GLFWMouseButtonCallbackI.java:43) ~[lwjgl-glfw-3.3.3.jar%23172!/:build 5]
	at MC-BOOTSTRAP/org.lwjgl@3.3.3+5/org.lwjgl.system.JNI.invokeV(Native Method) ~[lwjgl-3.3.3.jar%23183!/:build 5]
	at MC-BOOTSTRAP/org.lwjgl.glfw@3.3.3+5/org.lwjgl.glfw.GLFW.glfwWaitEventsTimeout(GLFW.java:3509) ~[lwjgl-glfw-3.3.3.jar%23172!/:build 5]
	at TRANSFORMER/minecraft@1.21.1/com.mojang.blaze3d.systems.RenderSystem.limitDisplayFPS(RenderSystem.java:162) ~[neoforge-21.1.248.jar%23189!/:?]
	at TRANSFORMER/minecraft@1.21.1/net.minecraft.client.Minecraft.runTick(Minecraft.java:1226) ~[neoforge-21.1.248.jar%23189!/:?]
	at TRANSFORMER/minecraft@1.21.1/net.minecraft.client.Minecraft.run(Minecraft.java:813) ~[neoforge-21.1.248.jar%23189!/:?]
	at TRANSFORMER/minecraft@1.21.1/net.minecraft.client.main.Main.main(Main.java:230) ~[neoforge-21.1.248.jar%23189!/:?]
	at java.base/jdk.internal.reflect.DirectMethodHandleAccessor.invoke(DirectMethodHandleAccessor.java:103) ~[?:?]
	at java.base/java.lang.reflect.Method.invoke(Method.java:580) ~[?:?]
	at MC-BOOTSTRAP/fml_loader@4.0.43/net.neoforged.fml.loading.targets.CommonLaunchHandler.runTarget(CommonLaunchHandler.java:136) ~[loader-4.0.43.jar%23146!/:4.0]
	at MC-BOOTSTRAP/fml_loader@4.0.43/net.neoforged.fml.loading.targets.CommonLaunchHandler.clientService(CommonLaunchHandler.java:124) ~[loader-4.0.43.jar%23146!/:4.0]
	at MC-BOOTSTRAP/fml_loader@4.0.43/net.neoforged.fml.loading.targets.NeoForgeClientDevLaunchHandler.runService(NeoForgeClientDevLaunchHandler.java:23) ~[loader-4.0.43.jar%23146!/:4.0]
	at MC-BOOTSTRAP/fml_loader@4.0.43/net.neoforged.fml.loading.targets.CommonLaunchHandler.lambda$launchService$4(CommonLaunchHandler.java:118) ~[loader-4.0.43.jar%23146!/:4.0]
	at MC-BOOTSTRAP/cpw.mods.modlauncher@11.0.5/cpw.mods.modlauncher.LaunchServiceHandlerDecorator.launch(LaunchServiceHandlerDecorator.java:30) [modlauncher-11.0.5.jar%23128!/:?]
	at MC-BOOTSTRAP/cpw.mods.modlauncher@11.0.5/cpw.mods.modlauncher.LaunchServiceHandler.launch(LaunchServiceHandler.java:53) [modlauncher-11.0.5.jar%23128!/:?]
	at MC-BOOTSTRAP/cpw.mods.modlauncher@11.0.5/cpw.mods.modlauncher.LaunchServiceHandler.launch(LaunchServiceHandler.java:71) [modlauncher-11.0.5.jar%23128!/:?]
	at MC-BOOTSTRAP/cpw.mods.modlauncher@11.0.5/cpw.mods.modlauncher.Launcher.run(Launcher.java:103) [modlauncher-11.0.5.jar%23128!/:?]
	at MC-BOOTSTRAP/cpw.mods.modlauncher@11.0.5/cpw.mods.modlauncher.Launcher.main(Launcher.java:74) [modlauncher-11.0.5.jar%23128!/:?]
	at MC-BOOTSTRAP/cpw.mods.modlauncher@11.0.5/cpw.mods.modlauncher.BootstrapLaunchConsumer.accept(BootstrapLaunchConsumer.java:26) [modlauncher-11.0.5.jar%23128!/:?]
	at MC-BOOTSTRAP/cpw.mods.modlauncher@11.0.5/cpw.mods.modlauncher.BootstrapLaunchConsumer.accept(BootstrapLaunchConsumer.java:23) [modlauncher-11.0.5.jar%23128!/:?]
	at cpw.mods.bootstraplauncher@2.0.2/cpw.mods.bootstraplauncher.BootstrapLauncher.run(BootstrapLauncher.java:210) [bootstraplauncher-2.0.2.jar:?]
	at cpw.mods.bootstraplauncher@2.0.2/cpw.mods.bootstraplauncher.BootstrapLauncher.main(BootstrapLauncher.java:69) [bootstraplauncher-2.0.2.jar:?]
	at java.base/jdk.internal.reflect.DirectMethodHandleAccessor.invoke(DirectMethodHandleAccessor.java:103) ~[?:?]
	at java.base/java.lang.reflect.Method.invoke(Method.java:580) ~[?:?]
	at net.neoforged.devlaunch.Main.main(Main.java:57) [DevLaunch-1.0.2.jar:?]
[15Sept2026 14:41:37.548] [Render thread/ERROR] [net.minecraft.world.item.crafting.RecipeManager/]: Parsing error loading recipe malum:malum/spirit_repair/occultism/red_chalk
com.google.gson.JsonParseException: No key validItems in MapLike[{"type":"malum:spirit_repair","durabilityPercentage":1,"repairMaterial":{"count":1,"item":"occultism:afrit_essence"},"spirits":[{"type":"malum:arcane","count":8}],"inputs":["occultism:chalk_red"]}]
	at MC-BOOTSTRAP/datafixerupper@8.0.16/com.mojang.serialization.DataResult$Error.getOrThrow(DataResult.java:287) ~[datafixerupper-8.0.16.jar%23121!/:?]
	at TRANSFORMER/minecraft@1.21.1/net.minecraft.world.item.crafting.RecipeManager.apply(RecipeManager.java:60) ~[neoforge-21.1.248.jar%23189!/:?]
	at TRANSFORMER/minecraft@1.21.1/net.minecraft.world.item.crafting.RecipeManager.apply(RecipeManager.java:36) ~[neoforge-21.1.248.jar%23189!/:?]
	at TRANSFORMER/minecraft@1.21.1/net.minecraft.server.packs.resources.SimplePreparableReloadListener.lambda$reload$1(SimplePreparableReloadListener.java:19) ~[neoforge-21.1.248.jar%23189!/:?]
	at java.base/java.util.concurrent.CompletableFuture$UniAccept.tryFire(CompletableFuture.java:718) ~[?:?]
	at java.base/java.util.concurrent.CompletableFuture$Completion.run(CompletableFuture.java:482) ~[?:?]
	at TRANSFORMER/minecraft@1.21.1/net.minecraft.server.packs.resources.SimpleReloadInstance.lambda$new$3(SimpleReloadInstance.java:86) ~[neoforge-21.1.248.jar%23189!/:?]
	at TRANSFORMER/minecraft@1.21.1/net.minecraft.util.thread.BlockableEventLoop.doRunTask(BlockableEventLoop.java:151) ~[neoforge-21.1.248.jar%23189!/:?]
	at TRANSFORMER/minecraft@1.21.1/net.minecraft.util.thread.ReentrantBlockableEventLoop.doRunTask(ReentrantBlockableEventLoop.java:24) ~[neoforge-21.1.248.jar%23189!/:?]
	at TRANSFORMER/minecraft@1.21.1/net.minecraft.util.thread.BlockableEventLoop.pollTask(BlockableEventLoop.java:122) ~[neoforge-21.1.248.jar%23189!/:?]
	at TRANSFORMER/minecraft@1.21.1/net.minecraft.util.thread.BlockableEventLoop.managedBlock(BlockableEventLoop.java:135) ~[neoforge-21.1.248.jar%23189!/:?]
	at TRANSFORMER/minecraft@1.21.1/net.minecraft.client.gui.screens.worldselection.WorldOpenFlows.loadWorldDataBlocking(WorldOpenFlows.java:201) ~[neoforge-21.1.248.jar%23189!/:?]
	at TRANSFORMER/minecraft@1.21.1/net.minecraft.client.gui.screens.worldselection.WorldOpenFlows.loadWorldStem(WorldOpenFlows.java:142) ~[neoforge-21.1.248.jar%23189!/:?]
	at TRANSFORMER/minecraft@1.21.1/net.minecraft.client.gui.screens.worldselection.WorldOpenFlows.openWorldLoadLevelStem(WorldOpenFlows.java:346) ~[neoforge-21.1.248.jar%23189!/:?]
	at TRANSFORMER/minecraft@1.21.1/net.minecraft.client.gui.screens.worldselection.WorldOpenFlows.openWorldCheckVersionCompatibility(WorldOpenFlows.java:335) ~[neoforge-21.1.248.jar%23189!/:?]
	at TRANSFORMER/minecraft@1.21.1/net.minecraft.client.gui.screens.worldselection.WorldOpenFlows.openWorldLoadLevelData(WorldOpenFlows.java:297) ~[neoforge-21.1.248.jar%23189!/:?]
	at TRANSFORMER/minecraft@1.21.1/net.minecraft.client.gui.screens.worldselection.WorldOpenFlows.openWorld(WorldOpenFlows.java:261) ~[neoforge-21.1.248.jar%23189!/:?]
	at TRANSFORMER/minecraft@1.21.1/net.minecraft.client.gui.screens.worldselection.WorldSelectionList$WorldListEntry.joinWorld(WorldSelectionList.java:516) ~[neoforge-21.1.248.jar%23189!/:?]
	at TRANSFORMER/minecraft@1.21.1/net.minecraft.client.gui.screens.worldselection.WorldSelectionList$WorldListEntry.mouseClicked(WorldSelectionList.java:499) ~[neoforge-21.1.248.jar%23189!/:?]
	at TRANSFORMER/minecraft@1.21.1/net.minecraft.client.gui.components.AbstractSelectionList.mouseClicked(AbstractSelectionList.java:303) ~[neoforge-21.1.248.jar%23189!/:?]
	at TRANSFORMER/minecraft@1.21.1/net.minecraft.client.gui.components.events.ContainerEventHandler.mouseClicked(ContainerEventHandler.java:52) ~[neoforge-21.1.248.jar%23189!/:?]
	at TRANSFORMER/minecraft@1.21.1/net.minecraft.client.MouseHandler.lambda$onPress$0(MouseHandler.java:103) ~[neoforge-21.1.248.jar%23189!/:?]
	at TRANSFORMER/minecraft@1.21.1/net.minecraft.client.gui.screens.Screen.wrapScreenError(Screen.java:471) ~[neoforge-21.1.248.jar%23189!/:?]
	at TRANSFORMER/minecraft@1.21.1/net.minecraft.client.MouseHandler.onPress(MouseHandler.java:100) ~[neoforge-21.1.248.jar%23189!/:?]
	at TRANSFORMER/minecraft@1.21.1/net.minecraft.client.MouseHandler.lambda$setup$4(MouseHandler.java:212) ~[neoforge-21.1.248.jar%23189!/:?]
	at TRANSFORMER/minecraft@1.21.1/net.minecraft.util.thread.BlockableEventLoop.execute(BlockableEventLoop.java:98) ~[neoforge-21.1.248.jar%23189!/:?]
	at TRANSFORMER/minecraft@1.21.1/net.minecraft.client.MouseHandler.lambda$setup$5(MouseHandler.java:212) ~[neoforge-21.1.248.jar%23189!/:?]
	at MC-BOOTSTRAP/org.lwjgl.glfw@3.3.3+5/org.lwjgl.glfw.GLFWMouseButtonCallbackI.callback(GLFWMouseButtonCallbackI.java:43) ~[lwjgl-glfw-3.3.3.jar%23172!/:build 5]
	at MC-BOOTSTRAP/org.lwjgl@3.3.3+5/org.lwjgl.system.JNI.invokeV(Native Method) ~[lwjgl-3.3.3.jar%23183!/:build 5]
	at MC-BOOTSTRAP/org.lwjgl.glfw@3.3.3+5/org.lwjgl.glfw.GLFW.glfwWaitEventsTimeout(GLFW.java:3509) ~[lwjgl-glfw-3.3.3.jar%23172!/:build 5]
	at TRANSFORMER/minecraft@1.21.1/com.mojang.blaze3d.systems.RenderSystem.limitDisplayFPS(RenderSystem.java:162) ~[neoforge-21.1.248.jar%23189!/:?]
	at TRANSFORMER/minecraft@1.21.1/net.minecraft.client.Minecraft.runTick(Minecraft.java:1226) ~[neoforge-21.1.248.jar%23189!/:?]
	at TRANSFORMER/minecraft@1.21.1/net.minecraft.client.Minecraft.run(Minecraft.java:813) ~[neoforge-21.1.248.jar%23189!/:?]
	at TRANSFORMER/minecraft@1.21.1/net.minecraft.client.main.Main.main(Main.java:230) ~[neoforge-21.1.248.jar%23189!/:?]
	at java.base/jdk.internal.reflect.DirectMethodHandleAccessor.invoke(DirectMethodHandleAccessor.java:103) ~[?:?]
	at java.base/java.lang.reflect.Method.invoke(Method.java:580) ~[?:?]
	at MC-BOOTSTRAP/fml_loader@4.0.43/net.neoforged.fml.loading.targets.CommonLaunchHandler.runTarget(CommonLaunchHandler.java:136) ~[loader-4.0.43.jar%23146!/:4.0]
	at MC-BOOTSTRAP/fml_loader@4.0.43/net.neoforged.fml.loading.targets.CommonLaunchHandler.clientService(CommonLaunchHandler.java:124) ~[loader-4.0.43.jar%23146!/:4.0]
	at MC-BOOTSTRAP/fml_loader@4.0.43/net.neoforged.fml.loading.targets.NeoForgeClientDevLaunchHandler.runService(NeoForgeClientDevLaunchHandler.java:23) ~[loader-4.0.43.jar%23146!/:4.0]
	at MC-BOOTSTRAP/fml_loader@4.0.43/net.neoforged.fml.loading.targets.CommonLaunchHandler.lambda$launchService$4(CommonLaunchHandler.java:118) ~[loader-4.0.43.jar%23146!/:4.0]
	at MC-BOOTSTRAP/cpw.mods.modlauncher@11.0.5/cpw.mods.modlauncher.LaunchServiceHandlerDecorator.launch(LaunchServiceHandlerDecorator.java:30) [modlauncher-11.0.5.jar%23128!/:?]
	at MC-BOOTSTRAP/cpw.mods.modlauncher@11.0.5/cpw.mods.modlauncher.LaunchServiceHandler.launch(LaunchServiceHandler.java:53) [modlauncher-11.0.5.jar%23128!/:?]
	at MC-BOOTSTRAP/cpw.mods.modlauncher@11.0.5/cpw.mods.modlauncher.LaunchServiceHandler.launch(LaunchServiceHandler.java:71) [modlauncher-11.0.5.jar%23128!/:?]
	at MC-BOOTSTRAP/cpw.mods.modlauncher@11.0.5/cpw.mods.modlauncher.Launcher.run(Launcher.java:103) [modlauncher-11.0.5.jar%23128!/:?]
	at MC-BOOTSTRAP/cpw.mods.modlauncher@11.0.5/cpw.mods.modlauncher.Launcher.main(Launcher.java:74) [modlauncher-11.0.5.jar%23128!/:?]
	at MC-BOOTSTRAP/cpw.mods.modlauncher@11.0.5/cpw.mods.modlauncher.BootstrapLaunchConsumer.accept(BootstrapLaunchConsumer.java:26) [modlauncher-11.0.5.jar%23128!/:?]
	at MC-BOOTSTRAP/cpw.mods.modlauncher@11.0.5/cpw.mods.modlauncher.BootstrapLaunchConsumer.accept(BootstrapLaunchConsumer.java:23) [modlauncher-11.0.5.jar%23128!/:?]
	at cpw.mods.bootstraplauncher@2.0.2/cpw.mods.bootstraplauncher.BootstrapLauncher.run(BootstrapLauncher.java:210) [bootstraplauncher-2.0.2.jar:?]
	at cpw.mods.bootstraplauncher@2.0.2/cpw.mods.bootstraplauncher.BootstrapLauncher.main(BootstrapLauncher.java:69) [bootstraplauncher-2.0.2.jar:?]
	at java.base/jdk.internal.reflect.DirectMethodHandleAccessor.invoke(DirectMethodHandleAccessor.java:103) ~[?:?]
	at java.base/java.lang.reflect.Method.invoke(Method.java:580) ~[?:?]
	at net.neoforged.devlaunch.Main.main(Main.java:57) [DevLaunch-1.0.2.jar:?]
[15Sept2026 14:41:37.690] [Render thread/ERROR] [net.minecraft.world.item.crafting.RecipeManager/]: Parsing error loading recipe malum:malum/spirit_repair/undergarden/utherium
com.google.gson.JsonParseException: Unknown registry key in ResourceKey[minecraft:root / malum:spirit_types]: minecraft:infernal; Unknown registry key in ResourceKey[minecraft:root / malum:spirit_types]: minecraft:arcane; No key validItems in MapLike[{"type":"malum:spirit_repair","durabilityPercentage":0.5,"inputs":[],"repairMaterial":{"item":"undergarden:utherium_crystal","count":2},"spirits":[{"type":"arcane","count":12},{"type":"infernal","count":12}],"regex":{"itemIdRegex":"utherium_.+","modIdRegex":"undergarden"}}]
	at MC-BOOTSTRAP/datafixerupper@8.0.16/com.mojang.serialization.DataResult$Error.getOrThrow(DataResult.java:287) ~[datafixerupper-8.0.16.jar%23121!/:?]
	at TRANSFORMER/minecraft@1.21.1/net.minecraft.world.item.crafting.RecipeManager.apply(RecipeManager.java:60) ~[neoforge-21.1.248.jar%23189!/:?]
	at TRANSFORMER/minecraft@1.21.1/net.minecraft.world.item.crafting.RecipeManager.apply(RecipeManager.java:36) ~[neoforge-21.1.248.jar%23189!/:?]
	at TRANSFORMER/minecraft@1.21.1/net.minecraft.server.packs.resources.SimplePreparableReloadListener.lambda$reload$1(SimplePreparableReloadListener.java:19) ~[neoforge-21.1.248.jar%23189!/:?]
	at java.base/java.util.concurrent.CompletableFuture$UniAccept.tryFire(CompletableFuture.java:718) ~[?:?]
	at java.base/java.util.concurrent.CompletableFuture$Completion.run(CompletableFuture.java:482) ~[?:?]
	at TRANSFORMER/minecraft@1.21.1/net.minecraft.server.packs.resources.SimpleReloadInstance.lambda$new$3(SimpleReloadInstance.java:86) ~[neoforge-21.1.248.jar%23189!/:?]
	at TRANSFORMER/minecraft@1.21.1/net.minecraft.util.thread.BlockableEventLoop.doRunTask(BlockableEventLoop.java:151) ~[neoforge-21.1.248.jar%23189!/:?]
	at TRANSFORMER/minecraft@1.21.1/net.minecraft.util.thread.ReentrantBlockableEventLoop.doRunTask(ReentrantBlockableEventLoop.java:24) ~[neoforge-21.1.248.jar%23189!/:?]
	at TRANSFORMER/minecraft@1.21.1/net.minecraft.util.thread.BlockableEventLoop.pollTask(BlockableEventLoop.java:122) ~[neoforge-21.1.248.jar%23189!/:?]
	at TRANSFORMER/minecraft@1.21.1/net.minecraft.util.thread.BlockableEventLoop.managedBlock(BlockableEventLoop.java:135) ~[neoforge-21.1.248.jar%23189!/:?]
	at TRANSFORMER/minecraft@1.21.1/net.minecraft.client.gui.screens.worldselection.WorldOpenFlows.loadWorldDataBlocking(WorldOpenFlows.java:201) ~[neoforge-21.1.248.jar%23189!/:?]
	at TRANSFORMER/minecraft@1.21.1/net.minecraft.client.gui.screens.worldselection.WorldOpenFlows.loadWorldStem(WorldOpenFlows.java:142) ~[neoforge-21.1.248.jar%23189!/:?]
	at TRANSFORMER/minecraft@1.21.1/net.minecraft.client.gui.screens.worldselection.WorldOpenFlows.openWorldLoadLevelStem(WorldOpenFlows.java:346) ~[neoforge-21.1.248.jar%23189!/:?]
	at TRANSFORMER/minecraft@1.21.1/net.minecraft.client.gui.screens.worldselection.WorldOpenFlows.openWorldCheckVersionCompatibility(WorldOpenFlows.java:335) ~[neoforge-21.1.248.jar%23189!/:?]
	at TRANSFORMER/minecraft@1.21.1/net.minecraft.client.gui.screens.worldselection.WorldOpenFlows.openWorldLoadLevelData(WorldOpenFlows.java:297) ~[neoforge-21.1.248.jar%23189!/:?]
	at TRANSFORMER/minecraft@1.21.1/net.minecraft.client.gui.screens.worldselection.WorldOpenFlows.openWorld(WorldOpenFlows.java:261) ~[neoforge-21.1.248.jar%23189!/:?]
	at TRANSFORMER/minecraft@1.21.1/net.minecraft.client.gui.screens.worldselection.WorldSelectionList$WorldListEntry.joinWorld(WorldSelectionList.java:516) ~[neoforge-21.1.248.jar%23189!/:?]
	at TRANSFORMER/minecraft@1.21.1/net.minecraft.client.gui.screens.worldselection.WorldSelectionList$WorldListEntry.mouseClicked(WorldSelectionList.java:499) ~[neoforge-21.1.248.jar%23189!/:?]
	at TRANSFORMER/minecraft@1.21.1/net.minecraft.client.gui.components.AbstractSelectionList.mouseClicked(AbstractSelectionList.java:303) ~[neoforge-21.1.248.jar%23189!/:?]
	at TRANSFORMER/minecraft@1.21.1/net.minecraft.client.gui.components.events.ContainerEventHandler.mouseClicked(ContainerEventHandler.java:52) ~[neoforge-21.1.248.jar%23189!/:?]
	at TRANSFORMER/minecraft@1.21.1/net.minecraft.client.MouseHandler.lambda$onPress$0(MouseHandler.java:103) ~[neoforge-21.1.248.jar%23189!/:?]
	at TRANSFORMER/minecraft@1.21.1/net.minecraft.client.gui.screens.Screen.wrapScreenError(Screen.java:471) ~[neoforge-21.1.248.jar%23189!/:?]
	at TRANSFORMER/minecraft@1.21.1/net.minecraft.client.MouseHandler.onPress(MouseHandler.java:100) ~[neoforge-21.1.248.jar%23189!/:?]
	at TRANSFORMER/minecraft@1.21.1/net.minecraft.client.MouseHandler.lambda$setup$4(MouseHandler.java:212) ~[neoforge-21.1.248.jar%23189!/:?]
	at TRANSFORMER/minecraft@1.21.1/net.minecraft.util.thread.BlockableEventLoop.execute(BlockableEventLoop.java:98) ~[neoforge-21.1.248.jar%23189!/:?]
	at TRANSFORMER/minecraft@1.21.1/net.minecraft.client.MouseHandler.lambda$setup$5(MouseHandler.java:212) ~[neoforge-21.1.248.jar%23189!/:?]
	at MC-BOOTSTRAP/org.lwjgl.glfw@3.3.3+5/org.lwjgl.glfw.GLFWMouseButtonCallbackI.callback(GLFWMouseButtonCallbackI.java:43) ~[lwjgl-glfw-3.3.3.jar%23172!/:build 5]
	at MC-BOOTSTRAP/org.lwjgl@3.3.3+5/org.lwjgl.system.JNI.invokeV(Native Method) ~[lwjgl-3.3.3.jar%23183!/:build 5]
	at MC-BOOTSTRAP/org.lwjgl.glfw@3.3.3+5/org.lwjgl.glfw.GLFW.glfwWaitEventsTimeout(GLFW.java:3509) ~[lwjgl-glfw-3.3.3.jar%23172!/:build 5]
	at TRANSFORMER/minecraft@1.21.1/com.mojang.blaze3d.systems.RenderSystem.limitDisplayFPS(RenderSystem.java:162) ~[neoforge-21.1.248.jar%23189!/:?]
	at TRANSFORMER/minecraft@1.21.1/net.minecraft.client.Minecraft.runTick(Minecraft.java:1226) ~[neoforge-21.1.248.jar%23189!/:?]
	at TRANSFORMER/minecraft@1.21.1/net.minecraft.client.Minecraft.run(Minecraft.java:813) ~[neoforge-21.1.248.jar%23189!/:?]
	at TRANSFORMER/minecraft@1.21.1/net.minecraft.client.main.Main.main(Main.java:230) ~[neoforge-21.1.248.jar%23189!/:?]
	at java.base/jdk.internal.reflect.DirectMethodHandleAccessor.invoke(DirectMethodHandleAccessor.java:103) ~[?:?]
	at java.base/java.lang.reflect.Method.invoke(Method.java:580) ~[?:?]
	at MC-BOOTSTRAP/fml_loader@4.0.43/net.neoforged.fml.loading.targets.CommonLaunchHandler.runTarget(CommonLaunchHandler.java:136) ~[loader-4.0.43.jar%23146!/:4.0]
	at MC-BOOTSTRAP/fml_loader@4.0.43/net.neoforged.fml.loading.targets.CommonLaunchHandler.clientService(CommonLaunchHandler.java:124) ~[loader-4.0.43.jar%23146!/:4.0]
	at MC-BOOTSTRAP/fml_loader@4.0.43/net.neoforged.fml.loading.targets.NeoForgeClientDevLaunchHandler.runService(NeoForgeClientDevLaunchHandler.java:23) ~[loader-4.0.43.jar%23146!/:4.0]
	at MC-BOOTSTRAP/fml_loader@4.0.43/net.neoforged.fml.loading.targets.CommonLaunchHandler.lambda$launchService$4(CommonLaunchHandler.java:118) ~[loader-4.0.43.jar%23146!/:4.0]
	at MC-BOOTSTRAP/cpw.mods.modlauncher@11.0.5/cpw.mods.modlauncher.LaunchServiceHandlerDecorator.launch(LaunchServiceHandlerDecorator.java:30) [modlauncher-11.0.5.jar%23128!/:?]
	at MC-BOOTSTRAP/cpw.mods.modlauncher@11.0.5/cpw.mods.modlauncher.LaunchServiceHandler.launch(LaunchServiceHandler.java:53) [modlauncher-11.0.5.jar%23128!/:?]
	at MC-BOOTSTRAP/cpw.mods.modlauncher@11.0.5/cpw.mods.modlauncher.LaunchServiceHandler.launch(LaunchServiceHandler.java:71) [modlauncher-11.0.5.jar%23128!/:?]
	at MC-BOOTSTRAP/cpw.mods.modlauncher@11.0.5/cpw.mods.modlauncher.Launcher.run(Launcher.java:103) [modlauncher-11.0.5.jar%23128!/:?]
	at MC-BOOTSTRAP/cpw.mods.modlauncher@11.0.5/cpw.mods.modlauncher.Launcher.main(Launcher.java:74) [modlauncher-11.0.5.jar%23128!/:?]
	at MC-BOOTSTRAP/cpw.mods.modlauncher@11.0.5/cpw.mods.modlauncher.BootstrapLaunchConsumer.accept(BootstrapLaunchConsumer.java:26) [modlauncher-11.0.5.jar%23128!/:?]
	at MC-BOOTSTRAP/cpw.mods.modlauncher@11.0.5/cpw.mods.modlauncher.BootstrapLaunchConsumer.accept(BootstrapLaunchConsumer.java:23) [modlauncher-11.0.5.jar%23128!/:?]
	at cpw.mods.bootstraplauncher@2.0.2/cpw.mods.bootstraplauncher.BootstrapLauncher.run(BootstrapLauncher.java:210) [bootstraplauncher-2.0.2.jar:?]
	at cpw.mods.bootstraplauncher@2.0.2/cpw.mods.bootstraplauncher.BootstrapLauncher.main(BootstrapLauncher.java:69) [bootstraplauncher-2.0.2.jar:?]
	at java.base/jdk.internal.reflect.DirectMethodHandleAccessor.invoke(DirectMethodHandleAccessor.java:103) ~[?:?]
	at java.base/java.lang.reflect.Method.invoke(Method.java:580) ~[?:?]
	at net.neoforged.devlaunch.Main.main(Main.java:57) [DevLaunch-1.0.2.jar:?]
[15Sept2026 14:41:37.744] [Render thread/ERROR] [net.minecraft.world.item.crafting.RecipeManager/]: Parsing error loading recipe malum:malum/spirit_repair/occultism/white_chalk
com.google.gson.JsonParseException: No key validItems in MapLike[{"type":"malum:spirit_repair","durabilityPercentage":1,"repairMaterial":{"count":1,"item":"occultism:burnt_otherstone"},"spirits":[{"type":"malum:arcane","count":8}],"inputs":["occultism:chalk_white"]}]
	at MC-BOOTSTRAP/datafixerupper@8.0.16/com.mojang.serialization.DataResult$Error.getOrThrow(DataResult.java:287) ~[datafixerupper-8.0.16.jar%23121!/:?]
	at TRANSFORMER/minecraft@1.21.1/net.minecraft.world.item.crafting.RecipeManager.apply(RecipeManager.java:60) ~[neoforge-21.1.248.jar%23189!/:?]
	at TRANSFORMER/minecraft@1.21.1/net.minecraft.world.item.crafting.RecipeManager.apply(RecipeManager.java:36) ~[neoforge-21.1.248.jar%23189!/:?]
	at TRANSFORMER/minecraft@1.21.1/net.minecraft.server.packs.resources.SimplePreparableReloadListener.lambda$reload$1(SimplePreparableReloadListener.java:19) ~[neoforge-21.1.248.jar%23189!/:?]
	at java.base/java.util.concurrent.CompletableFuture$UniAccept.tryFire(CompletableFuture.java:718) ~[?:?]
	at java.base/java.util.concurrent.CompletableFuture$Completion.run(CompletableFuture.java:482) ~[?:?]
	at TRANSFORMER/minecraft@1.21.1/net.minecraft.server.packs.resources.SimpleReloadInstance.lambda$new$3(SimpleReloadInstance.java:86) ~[neoforge-21.1.248.jar%23189!/:?]
	at TRANSFORMER/minecraft@1.21.1/net.minecraft.util.thread.BlockableEventLoop.doRunTask(BlockableEventLoop.java:151) ~[neoforge-21.1.248.jar%23189!/:?]
	at TRANSFORMER/minecraft@1.21.1/net.minecraft.util.thread.ReentrantBlockableEventLoop.doRunTask(ReentrantBlockableEventLoop.java:24) ~[neoforge-21.1.248.jar%23189!/:?]
	at TRANSFORMER/minecraft@1.21.1/net.minecraft.util.thread.BlockableEventLoop.pollTask(BlockableEventLoop.java:122) ~[neoforge-21.1.248.jar%23189!/:?]
	at TRANSFORMER/minecraft@1.21.1/net.minecraft.util.thread.BlockableEventLoop.managedBlock(BlockableEventLoop.java:135) ~[neoforge-21.1.248.jar%23189!/:?]
	at TRANSFORMER/minecraft@1.21.1/net.minecraft.client.gui.screens.worldselection.WorldOpenFlows.loadWorldDataBlocking(WorldOpenFlows.java:201) ~[neoforge-21.1.248.jar%23189!/:?]
	at TRANSFORMER/minecraft@1.21.1/net.minecraft.client.gui.screens.worldselection.WorldOpenFlows.loadWorldStem(WorldOpenFlows.java:142) ~[neoforge-21.1.248.jar%23189!/:?]
	at TRANSFORMER/minecraft@1.21.1/net.minecraft.client.gui.screens.worldselection.WorldOpenFlows.openWorldLoadLevelStem(WorldOpenFlows.java:346) ~[neoforge-21.1.248.jar%23189!/:?]
	at TRANSFORMER/minecraft@1.21.1/net.minecraft.client.gui.screens.worldselection.WorldOpenFlows.openWorldCheckVersionCompatibility(WorldOpenFlows.java:335) ~[neoforge-21.1.248.jar%23189!/:?]
	at TRANSFORMER/minecraft@1.21.1/net.minecraft.client.gui.screens.worldselection.WorldOpenFlows.openWorldLoadLevelData(WorldOpenFlows.java:297) ~[neoforge-21.1.248.jar%23189!/:?]
	at TRANSFORMER/minecraft@1.21.1/net.minecraft.client.gui.screens.worldselection.WorldOpenFlows.openWorld(WorldOpenFlows.java:261) ~[neoforge-21.1.248.jar%23189!/:?]
	at TRANSFORMER/minecraft@1.21.1/net.minecraft.client.gui.screens.worldselection.WorldSelectionList$WorldListEntry.joinWorld(WorldSelectionList.java:516) ~[neoforge-21.1.248.jar%23189!/:?]
	at TRANSFORMER/minecraft@1.21.1/net.minecraft.client.gui.screens.worldselection.WorldSelectionList$WorldListEntry.mouseClicked(WorldSelectionList.java:499) ~[neoforge-21.1.248.jar%23189!/:?]
	at TRANSFORMER/minecraft@1.21.1/net.minecraft.client.gui.components.AbstractSelectionList.mouseClicked(AbstractSelectionList.java:303) ~[neoforge-21.1.248.jar%23189!/:?]
	at TRANSFORMER/minecraft@1.21.1/net.minecraft.client.gui.components.events.ContainerEventHandler.mouseClicked(ContainerEventHandler.java:52) ~[neoforge-21.1.248.jar%23189!/:?]
	at TRANSFORMER/minecraft@1.21.1/net.minecraft.client.MouseHandler.lambda$onPress$0(MouseHandler.java:103) ~[neoforge-21.1.248.jar%23189!/:?]
	at TRANSFORMER/minecraft@1.21.1/net.minecraft.client.gui.screens.Screen.wrapScreenError(Screen.java:471) ~[neoforge-21.1.248.jar%23189!/:?]
	at TRANSFORMER/minecraft@1.21.1/net.minecraft.client.MouseHandler.onPress(MouseHandler.java:100) ~[neoforge-21.1.248.jar%23189!/:?]
	at TRANSFORMER/minecraft@1.21.1/net.minecraft.client.MouseHandler.lambda$setup$4(MouseHandler.java:212) ~[neoforge-21.1.248.jar%23189!/:?]
	at TRANSFORMER/minecraft@1.21.1/net.minecraft.util.thread.BlockableEventLoop.execute(BlockableEventLoop.java:98) ~[neoforge-21.1.248.jar%23189!/:?]
	at TRANSFORMER/minecraft@1.21.1/net.minecraft.client.MouseHandler.lambda$setup$5(MouseHandler.java:212) ~[neoforge-21.1.248.jar%23189!/:?]
	at MC-BOOTSTRAP/org.lwjgl.glfw@3.3.3+5/org.lwjgl.glfw.GLFWMouseButtonCallbackI.callback(GLFWMouseButtonCallbackI.java:43) ~[lwjgl-glfw-3.3.3.jar%23172!/:build 5]
	at MC-BOOTSTRAP/org.lwjgl@3.3.3+5/org.lwjgl.system.JNI.invokeV(Native Method) ~[lwjgl-3.3.3.jar%23183!/:build 5]
	at MC-BOOTSTRAP/org.lwjgl.glfw@3.3.3+5/org.lwjgl.glfw.GLFW.glfwWaitEventsTimeout(GLFW.java:3509) ~[lwjgl-glfw-3.3.3.jar%23172!/:build 5]
	at TRANSFORMER/minecraft@1.21.1/com.mojang.blaze3d.systems.RenderSystem.limitDisplayFPS(RenderSystem.java:162) ~[neoforge-21.1.248.jar%23189!/:?]
	at TRANSFORMER/minecraft@1.21.1/net.minecraft.client.Minecraft.runTick(Minecraft.java:1226) ~[neoforge-21.1.248.jar%23189!/:?]
	at TRANSFORMER/minecraft@1.21.1/net.minecraft.client.Minecraft.run(Minecraft.java:813) ~[neoforge-21.1.248.jar%23189!/:?]
	at TRANSFORMER/minecraft@1.21.1/net.minecraft.client.main.Main.main(Main.java:230) ~[neoforge-21.1.248.jar%23189!/:?]
	at java.base/jdk.internal.reflect.DirectMethodHandleAccessor.invoke(DirectMethodHandleAccessor.java:103) ~[?:?]
	at java.base/java.lang.reflect.Method.invoke(Method.java:580) ~[?:?]
	at MC-BOOTSTRAP/fml_loader@4.0.43/net.neoforged.fml.loading.targets.CommonLaunchHandler.runTarget(CommonLaunchHandler.java:136) ~[loader-4.0.43.jar%23146!/:4.0]
	at MC-BOOTSTRAP/fml_loader@4.0.43/net.neoforged.fml.loading.targets.CommonLaunchHandler.clientService(CommonLaunchHandler.java:124) ~[loader-4.0.43.jar%23146!/:4.0]
	at MC-BOOTSTRAP/fml_loader@4.0.43/net.neoforged.fml.loading.targets.NeoForgeClientDevLaunchHandler.runService(NeoForgeClientDevLaunchHandler.java:23) ~[loader-4.0.43.jar%23146!/:4.0]
	at MC-BOOTSTRAP/fml_loader@4.0.43/net.neoforged.fml.loading.targets.CommonLaunchHandler.lambda$launchService$4(CommonLaunchHandler.java:118) ~[loader-4.0.43.jar%23146!/:4.0]
	at MC-BOOTSTRAP/cpw.mods.modlauncher@11.0.5/cpw.mods.modlauncher.LaunchServiceHandlerDecorator.launch(LaunchServiceHandlerDecorator.java:30) [modlauncher-11.0.5.jar%23128!/:?]
	at MC-BOOTSTRAP/cpw.mods.modlauncher@11.0.5/cpw.mods.modlauncher.LaunchServiceHandler.launch(LaunchServiceHandler.java:53) [modlauncher-11.0.5.jar%23128!/:?]
	at MC-BOOTSTRAP/cpw.mods.modlauncher@11.0.5/cpw.mods.modlauncher.LaunchServiceHandler.launch(LaunchServiceHandler.java:71) [modlauncher-11.0.5.jar%23128!/:?]
	at MC-BOOTSTRAP/cpw.mods.modlauncher@11.0.5/cpw.mods.modlauncher.Launcher.run(Launcher.java:103) [modlauncher-11.0.5.jar%23128!/:?]
	at MC-BOOTSTRAP/cpw.mods.modlauncher@11.0.5/cpw.mods.modlauncher.Launcher.main(Launcher.java:74) [modlauncher-11.0.5.jar%23128!/:?]
	at MC-BOOTSTRAP/cpw.mods.modlauncher@11.0.5/cpw.mods.modlauncher.BootstrapLaunchConsumer.accept(BootstrapLaunchConsumer.java:26) [modlauncher-11.0.5.jar%23128!/:?]
	at MC-BOOTSTRAP/cpw.mods.modlauncher@11.0.5/cpw.mods.modlauncher.BootstrapLaunchConsumer.accept(BootstrapLaunchConsumer.java:23) [modlauncher-11.0.5.jar%23128!/:?]
	at cpw.mods.bootstraplauncher@2.0.2/cpw.mods.bootstraplauncher.BootstrapLauncher.run(BootstrapLauncher.java:210) [bootstraplauncher-2.0.2.jar:?]
	at cpw.mods.bootstraplauncher@2.0.2/cpw.mods.bootstraplauncher.BootstrapLauncher.main(BootstrapLauncher.java:69) [bootstraplauncher-2.0.2.jar:?]
	at java.base/jdk.internal.reflect.DirectMethodHandleAccessor.invoke(DirectMethodHandleAccessor.java:103) ~[?:?]
	at java.base/java.lang.reflect.Method.invoke(Method.java:580) ~[?:?]
	at net.neoforged.devlaunch.Main.main(Main.java:57) [DevLaunch-1.0.2.jar:?]
[15Sept2026 14:41:37.804] [Render thread/ERROR] [net.minecraft.world.item.crafting.RecipeManager/]: Parsing error loading recipe malum:malum/spirit_repair/undergarden/cloggrum
com.google.gson.JsonParseException: Unknown registry key in ResourceKey[minecraft:root / malum:spirit_types]: minecraft:earthen; No key validItems in MapLike[{"type":"malum:spirit_repair","durabilityPercentage":0.5,"repairMaterial":{"item":"undergarden:cloggrum_ingot","count":2},"spirits":[{"type":"earthen","count":12}],"regex":{"itemIdRegex":"cloggrum_.+","modIdRegex":"undergarden"}}]
	at MC-BOOTSTRAP/datafixerupper@8.0.16/com.mojang.serialization.DataResult$Error.getOrThrow(DataResult.java:287) ~[datafixerupper-8.0.16.jar%23121!/:?]
	at TRANSFORMER/minecraft@1.21.1/net.minecraft.world.item.crafting.RecipeManager.apply(RecipeManager.java:60) ~[neoforge-21.1.248.jar%23189!/:?]
	at TRANSFORMER/minecraft@1.21.1/net.minecraft.world.item.crafting.RecipeManager.apply(RecipeManager.java:36) ~[neoforge-21.1.248.jar%23189!/:?]
	at TRANSFORMER/minecraft@1.21.1/net.minecraft.server.packs.resources.SimplePreparableReloadListener.lambda$reload$1(SimplePreparableReloadListener.java:19) ~[neoforge-21.1.248.jar%23189!/:?]
	at java.base/java.util.concurrent.CompletableFuture$UniAccept.tryFire(CompletableFuture.java:718) ~[?:?]
	at java.base/java.util.concurrent.CompletableFuture$Completion.run(CompletableFuture.java:482) ~[?:?]
	at TRANSFORMER/minecraft@1.21.1/net.minecraft.server.packs.resources.SimpleReloadInstance.lambda$new$3(SimpleReloadInstance.java:86) ~[neoforge-21.1.248.jar%23189!/:?]
	at TRANSFORMER/minecraft@1.21.1/net.minecraft.util.thread.BlockableEventLoop.doRunTask(BlockableEventLoop.java:151) ~[neoforge-21.1.248.jar%23189!/:?]
	at TRANSFORMER/minecraft@1.21.1/net.minecraft.util.thread.ReentrantBlockableEventLoop.doRunTask(ReentrantBlockableEventLoop.java:24) ~[neoforge-21.1.248.jar%23189!/:?]
	at TRANSFORMER/minecraft@1.21.1/net.minecraft.util.thread.BlockableEventLoop.pollTask(BlockableEventLoop.java:122) ~[neoforge-21.1.248.jar%23189!/:?]
	at TRANSFORMER/minecraft@1.21.1/net.minecraft.util.thread.BlockableEventLoop.managedBlock(BlockableEventLoop.java:135) ~[neoforge-21.1.248.jar%23189!/:?]
	at TRANSFORMER/minecraft@1.21.1/net.minecraft.client.gui.screens.worldselection.WorldOpenFlows.loadWorldDataBlocking(WorldOpenFlows.java:201) ~[neoforge-21.1.248.jar%23189!/:?]
	at TRANSFORMER/minecraft@1.21.1/net.minecraft.client.gui.screens.worldselection.WorldOpenFlows.loadWorldStem(WorldOpenFlows.java:142) ~[neoforge-21.1.248.jar%23189!/:?]
	at TRANSFORMER/minecraft@1.21.1/net.minecraft.client.gui.screens.worldselection.WorldOpenFlows.openWorldLoadLevelStem(WorldOpenFlows.java:346) ~[neoforge-21.1.248.jar%23189!/:?]
	at TRANSFORMER/minecraft@1.21.1/net.minecraft.client.gui.screens.worldselection.WorldOpenFlows.openWorldCheckVersionCompatibility(WorldOpenFlows.java:335) ~[neoforge-21.1.248.jar%23189!/:?]
	at TRANSFORMER/minecraft@1.21.1/net.minecraft.client.gui.screens.worldselection.WorldOpenFlows.openWorldLoadLevelData(WorldOpenFlows.java:297) ~[neoforge-21.1.248.jar%23189!/:?]
	at TRANSFORMER/minecraft@1.21.1/net.minecraft.client.gui.screens.worldselection.WorldOpenFlows.openWorld(WorldOpenFlows.java:261) ~[neoforge-21.1.248.jar%23189!/:?]
	at TRANSFORMER/minecraft@1.21.1/net.minecraft.client.gui.screens.worldselection.WorldSelectionList$WorldListEntry.joinWorld(WorldSelectionList.java:516) ~[neoforge-21.1.248.jar%23189!/:?]
	at TRANSFORMER/minecraft@1.21.1/net.minecraft.client.gui.screens.worldselection.WorldSelectionList$WorldListEntry.mouseClicked(WorldSelectionList.java:499) ~[neoforge-21.1.248.jar%23189!/:?]
	at TRANSFORMER/minecraft@1.21.1/net.minecraft.client.gui.components.AbstractSelectionList.mouseClicked(AbstractSelectionList.java:303) ~[neoforge-21.1.248.jar%23189!/:?]
	at TRANSFORMER/minecraft@1.21.1/net.minecraft.client.gui.components.events.ContainerEventHandler.mouseClicked(ContainerEventHandler.java:52) ~[neoforge-21.1.248.jar%23189!/:?]
	at TRANSFORMER/minecraft@1.21.1/net.minecraft.client.MouseHandler.lambda$onPress$0(MouseHandler.java:103) ~[neoforge-21.1.248.jar%23189!/:?]
	at TRANSFORMER/minecraft@1.21.1/net.minecraft.client.gui.screens.Screen.wrapScreenError(Screen.java:471) ~[neoforge-21.1.248.jar%23189!/:?]
	at TRANSFORMER/minecraft@1.21.1/net.minecraft.client.MouseHandler.onPress(MouseHandler.java:100) ~[neoforge-21.1.248.jar%23189!/:?]
	at TRANSFORMER/minecraft@1.21.1/net.minecraft.client.MouseHandler.lambda$setup$4(MouseHandler.java:212) ~[neoforge-21.1.248.jar%23189!/:?]
	at TRANSFORMER/minecraft@1.21.1/net.minecraft.util.thread.BlockableEventLoop.execute(BlockableEventLoop.java:98) ~[neoforge-21.1.248.jar%23189!/:?]
	at TRANSFORMER/minecraft@1.21.1/net.minecraft.client.MouseHandler.lambda$setup$5(MouseHandler.java:212) ~[neoforge-21.1.248.jar%23189!/:?]
	at MC-BOOTSTRAP/org.lwjgl.glfw@3.3.3+5/org.lwjgl.glfw.GLFWMouseButtonCallbackI.callback(GLFWMouseButtonCallbackI.java:43) ~[lwjgl-glfw-3.3.3.jar%23172!/:build 5]
	at MC-BOOTSTRAP/org.lwjgl@3.3.3+5/org.lwjgl.system.JNI.invokeV(Native Method) ~[lwjgl-3.3.3.jar%23183!/:build 5]
	at MC-BOOTSTRAP/org.lwjgl.glfw@3.3.3+5/org.lwjgl.glfw.GLFW.glfwWaitEventsTimeout(GLFW.java:3509) ~[lwjgl-glfw-3.3.3.jar%23172!/:build 5]
	at TRANSFORMER/minecraft@1.21.1/com.mojang.blaze3d.systems.RenderSystem.limitDisplayFPS(RenderSystem.java:162) ~[neoforge-21.1.248.jar%23189!/:?]
	at TRANSFORMER/minecraft@1.21.1/net.minecraft.client.Minecraft.runTick(Minecraft.java:1226) ~[neoforge-21.1.248.jar%23189!/:?]
	at TRANSFORMER/minecraft@1.21.1/net.minecraft.client.Minecraft.run(Minecraft.java:813) ~[neoforge-21.1.248.jar%23189!/:?]
	at TRANSFORMER/minecraft@1.21.1/net.minecraft.client.main.Main.main(Main.java:230) ~[neoforge-21.1.248.jar%23189!/:?]
	at java.base/jdk.internal.reflect.DirectMethodHandleAccessor.invoke(DirectMethodHandleAccessor.java:103) ~[?:?]
	at java.base/java.lang.reflect.Method.invoke(Method.java:580) ~[?:?]
	at MC-BOOTSTRAP/fml_loader@4.0.43/net.neoforged.fml.loading.targets.CommonLaunchHandler.runTarget(CommonLaunchHandler.java:136) ~[loader-4.0.43.jar%23146!/:4.0]
	at MC-BOOTSTRAP/fml_loader@4.0.43/net.neoforged.fml.loading.targets.CommonLaunchHandler.clientService(CommonLaunchHandler.java:124) ~[loader-4.0.43.jar%23146!/:4.0]
	at MC-BOOTSTRAP/fml_loader@4.0.43/net.neoforged.fml.loading.targets.NeoForgeClientDevLaunchHandler.runService(NeoForgeClientDevLaunchHandler.java:23) ~[loader-4.0.43.jar%23146!/:4.0]
	at MC-BOOTSTRAP/fml_loader@4.0.43/net.neoforged.fml.loading.targets.CommonLaunchHandler.lambda$launchService$4(CommonLaunchHandler.java:118) ~[loader-4.0.43.jar%23146!/:4.0]
	at MC-BOOTSTRAP/cpw.mods.modlauncher@11.0.5/cpw.mods.modlauncher.LaunchServiceHandlerDecorator.launch(LaunchServiceHandlerDecorator.java:30) [modlauncher-11.0.5.jar%23128!/:?]
	at MC-BOOTSTRAP/cpw.mods.modlauncher@11.0.5/cpw.mods.modlauncher.LaunchServiceHandler.launch(LaunchServiceHandler.java:53) [modlauncher-11.0.5.jar%23128!/:?]
	at MC-BOOTSTRAP/cpw.mods.modlauncher@11.0.5/cpw.mods.modlauncher.LaunchServiceHandler.launch(LaunchServiceHandler.java:71) [modlauncher-11.0.5.jar%23128!/:?]
	at MC-BOOTSTRAP/cpw.mods.modlauncher@11.0.5/cpw.mods.modlauncher.Launcher.run(Launcher.java:103) [modlauncher-11.0.5.jar%23128!/:?]
	at MC-BOOTSTRAP/cpw.mods.modlauncher@11.0.5/cpw.mods.modlauncher.Launcher.main(Launcher.java:74) [modlauncher-11.0.5.jar%23128!/:?]
	at MC-BOOTSTRAP/cpw.mods.modlauncher@11.0.5/cpw.mods.modlauncher.BootstrapLaunchConsumer.accept(BootstrapLaunchConsumer.java:26) [modlauncher-11.0.5.jar%23128!/:?]
	at MC-BOOTSTRAP/cpw.mods.modlauncher@11.0.5/cpw.mods.modlauncher.BootstrapLaunchConsumer.accept(BootstrapLaunchConsumer.java:23) [modlauncher-11.0.5.jar%23128!/:?]
	at cpw.mods.bootstraplauncher@2.0.2/cpw.mods.bootstraplauncher.BootstrapLauncher.run(BootstrapLauncher.java:210) [bootstraplauncher-2.0.2.jar:?]
	at cpw.mods.bootstraplauncher@2.0.2/cpw.mods.bootstraplauncher.BootstrapLauncher.main(BootstrapLauncher.java:69) [bootstraplauncher-2.0.2.jar:?]
	at java.base/jdk.internal.reflect.DirectMethodHandleAccessor.invoke(DirectMethodHandleAccessor.java:103) ~[?:?]
	at java.base/java.lang.reflect.Method.invoke(Method.java:580) ~[?:?]
	at net.neoforged.devlaunch.Main.main(Main.java:57) [DevLaunch-1.0.2.jar:?]
[15Sept2026 14:41:37.894] [Render thread/ERROR] [net.minecraft.world.item.crafting.RecipeManager/]: Parsing error loading recipe malum:malum/spirit_repair/undergarden/froststeel
com.google.gson.JsonParseException: Unknown registry key in ResourceKey[minecraft:root / malum:spirit_types]: minecraft:arcane; Unknown registry key in ResourceKey[minecraft:root / malum:spirit_types]: minecraft:aqueous; No key validItems in MapLike[{"type":"malum:spirit_repair","durabilityPercentage":0.5,"repairMaterial":{"item":"undergarden:froststeel_ingot","count":2},"spirits":[{"type":"aqueous","count":8},{"type":"arcane","count":4}],"regex":{"itemIdRegex":"froststeel_.+","modIdRegex":"undergarden"}}]
	at MC-BOOTSTRAP/datafixerupper@8.0.16/com.mojang.serialization.DataResult$Error.getOrThrow(DataResult.java:287) ~[datafixerupper-8.0.16.jar%23121!/:?]
	at TRANSFORMER/minecraft@1.21.1/net.minecraft.world.item.crafting.RecipeManager.apply(RecipeManager.java:60) ~[neoforge-21.1.248.jar%23189!/:?]
	at TRANSFORMER/minecraft@1.21.1/net.minecraft.world.item.crafting.RecipeManager.apply(RecipeManager.java:36) ~[neoforge-21.1.248.jar%23189!/:?]
	at TRANSFORMER/minecraft@1.21.1/net.minecraft.server.packs.resources.SimplePreparableReloadListener.lambda$reload$1(SimplePreparableReloadListener.java:19) ~[neoforge-21.1.248.jar%23189!/:?]
	at java.base/java.util.concurrent.CompletableFuture$UniAccept.tryFire(CompletableFuture.java:718) ~[?:?]
	at java.base/java.util.concurrent.CompletableFuture$Completion.run(CompletableFuture.java:482) ~[?:?]
	at TRANSFORMER/minecraft@1.21.1/net.minecraft.server.packs.resources.SimpleReloadInstance.lambda$new$3(SimpleReloadInstance.java:86) ~[neoforge-21.1.248.jar%23189!/:?]
	at TRANSFORMER/minecraft@1.21.1/net.minecraft.util.thread.BlockableEventLoop.doRunTask(BlockableEventLoop.java:151) ~[neoforge-21.1.248.jar%23189!/:?]
	at TRANSFORMER/minecraft@1.21.1/net.minecraft.util.thread.ReentrantBlockableEventLoop.doRunTask(ReentrantBlockableEventLoop.java:24) ~[neoforge-21.1.248.jar%23189!/:?]
	at TRANSFORMER/minecraft@1.21.1/net.minecraft.util.thread.BlockableEventLoop.pollTask(BlockableEventLoop.java:122) ~[neoforge-21.1.248.jar%23189!/:?]
	at TRANSFORMER/minecraft@1.21.1/net.minecraft.util.thread.BlockableEventLoop.managedBlock(BlockableEventLoop.java:135) ~[neoforge-21.1.248.jar%23189!/:?]
	at TRANSFORMER/minecraft@1.21.1/net.minecraft.client.gui.screens.worldselection.WorldOpenFlows.loadWorldDataBlocking(WorldOpenFlows.java:201) ~[neoforge-21.1.248.jar%23189!/:?]
	at TRANSFORMER/minecraft@1.21.1/net.minecraft.client.gui.screens.worldselection.WorldOpenFlows.loadWorldStem(WorldOpenFlows.java:142) ~[neoforge-21.1.248.jar%23189!/:?]
	at TRANSFORMER/minecraft@1.21.1/net.minecraft.client.gui.screens.worldselection.WorldOpenFlows.openWorldLoadLevelStem(WorldOpenFlows.java:346) ~[neoforge-21.1.248.jar%23189!/:?]
	at TRANSFORMER/minecraft@1.21.1/net.minecraft.client.gui.screens.worldselection.WorldOpenFlows.openWorldCheckVersionCompatibility(WorldOpenFlows.java:335) ~[neoforge-21.1.248.jar%23189!/:?]
	at TRANSFORMER/minecraft@1.21.1/net.minecraft.client.gui.screens.worldselection.WorldOpenFlows.openWorldLoadLevelData(WorldOpenFlows.java:297) ~[neoforge-21.1.248.jar%23189!/:?]
	at TRANSFORMER/minecraft@1.21.1/net.minecraft.client.gui.screens.worldselection.WorldOpenFlows.openWorld(WorldOpenFlows.java:261) ~[neoforge-21.1.248.jar%23189!/:?]
	at TRANSFORMER/minecraft@1.21.1/net.minecraft.client.gui.screens.worldselection.WorldSelectionList$WorldListEntry.joinWorld(WorldSelectionList.java:516) ~[neoforge-21.1.248.jar%23189!/:?]
	at TRANSFORMER/minecraft@1.21.1/net.minecraft.client.gui.screens.worldselection.WorldSelectionList$WorldListEntry.mouseClicked(WorldSelectionList.java:499) ~[neoforge-21.1.248.jar%23189!/:?]
	at TRANSFORMER/minecraft@1.21.1/net.minecraft.client.gui.components.AbstractSelectionList.mouseClicked(AbstractSelectionList.java:303) ~[neoforge-21.1.248.jar%23189!/:?]
	at TRANSFORMER/minecraft@1.21.1/net.minecraft.client.gui.components.events.ContainerEventHandler.mouseClicked(ContainerEventHandler.java:52) ~[neoforge-21.1.248.jar%23189!/:?]
	at TRANSFORMER/minecraft@1.21.1/net.minecraft.client.MouseHandler.lambda$onPress$0(MouseHandler.java:103) ~[neoforge-21.1.248.jar%23189!/:?]
	at TRANSFORMER/minecraft@1.21.1/net.minecraft.client.gui.screens.Screen.wrapScreenError(Screen.java:471) ~[neoforge-21.1.248.jar%23189!/:?]
	at TRANSFORMER/minecraft@1.21.1/net.minecraft.client.MouseHandler.onPress(MouseHandler.java:100) ~[neoforge-21.1.248.jar%23189!/:?]
	at TRANSFORMER/minecraft@1.21.1/net.minecraft.client.MouseHandler.lambda$setup$4(MouseHandler.java:212) ~[neoforge-21.1.248.jar%23189!/:?]
	at TRANSFORMER/minecraft@1.21.1/net.minecraft.util.thread.BlockableEventLoop.execute(BlockableEventLoop.java:98) ~[neoforge-21.1.248.jar%23189!/:?]
	at TRANSFORMER/minecraft@1.21.1/net.minecraft.client.MouseHandler.lambda$setup$5(MouseHandler.java:212) ~[neoforge-21.1.248.jar%23189!/:?]
	at MC-BOOTSTRAP/org.lwjgl.glfw@3.3.3+5/org.lwjgl.glfw.GLFWMouseButtonCallbackI.callback(GLFWMouseButtonCallbackI.java:43) ~[lwjgl-glfw-3.3.3.jar%23172!/:build 5]
	at MC-BOOTSTRAP/org.lwjgl@3.3.3+5/org.lwjgl.system.JNI.invokeV(Native Method) ~[lwjgl-3.3.3.jar%23183!/:build 5]
	at MC-BOOTSTRAP/org.lwjgl.glfw@3.3.3+5/org.lwjgl.glfw.GLFW.glfwWaitEventsTimeout(GLFW.java:3509) ~[lwjgl-glfw-3.3.3.jar%23172!/:build 5]
	at TRANSFORMER/minecraft@1.21.1/com.mojang.blaze3d.systems.RenderSystem.limitDisplayFPS(RenderSystem.java:162) ~[neoforge-21.1.248.jar%23189!/:?]
	at TRANSFORMER/minecraft@1.21.1/net.minecraft.client.Minecraft.runTick(Minecraft.java:1226) ~[neoforge-21.1.248.jar%23189!/:?]
	at TRANSFORMER/minecraft@1.21.1/net.minecraft.client.Minecraft.run(Minecraft.java:813) ~[neoforge-21.1.248.jar%23189!/:?]
	at TRANSFORMER/minecraft@1.21.1/net.minecraft.client.main.Main.main(Main.java:230) ~[neoforge-21.1.248.jar%23189!/:?]
	at java.base/jdk.internal.reflect.DirectMethodHandleAccessor.invoke(DirectMethodHandleAccessor.java:103) ~[?:?]
	at java.base/java.lang.reflect.Method.invoke(Method.java:580) ~[?:?]
	at MC-BOOTSTRAP/fml_loader@4.0.43/net.neoforged.fml.loading.targets.CommonLaunchHandler.runTarget(CommonLaunchHandler.java:136) ~[loader-4.0.43.jar%23146!/:4.0]
	at MC-BOOTSTRAP/fml_loader@4.0.43/net.neoforged.fml.loading.targets.CommonLaunchHandler.clientService(CommonLaunchHandler.java:124) ~[loader-4.0.43.jar%23146!/:4.0]
	at MC-BOOTSTRAP/fml_loader@4.0.43/net.neoforged.fml.loading.targets.NeoForgeClientDevLaunchHandler.runService(NeoForgeClientDevLaunchHandler.java:23) ~[loader-4.0.43.jar%23146!/:4.0]
	at MC-BOOTSTRAP/fml_loader@4.0.43/net.neoforged.fml.loading.targets.CommonLaunchHandler.lambda$launchService$4(CommonLaunchHandler.java:118) ~[loader-4.0.43.jar%23146!/:4.0]
	at MC-BOOTSTRAP/cpw.mods.modlauncher@11.0.5/cpw.mods.modlauncher.LaunchServiceHandlerDecorator.launch(LaunchServiceHandlerDecorator.java:30) [modlauncher-11.0.5.jar%23128!/:?]
	at MC-BOOTSTRAP/cpw.mods.modlauncher@11.0.5/cpw.mods.modlauncher.LaunchServiceHandler.launch(LaunchServiceHandler.java:53) [modlauncher-11.0.5.jar%23128!/:?]
	at MC-BOOTSTRAP/cpw.mods.modlauncher@11.0.5/cpw.mods.modlauncher.LaunchServiceHandler.launch(LaunchServiceHandler.java:71) [modlauncher-11.0.5.jar%23128!/:?]
	at MC-BOOTSTRAP/cpw.mods.modlauncher@11.0.5/cpw.mods.modlauncher.Launcher.run(Launcher.java:103) [modlauncher-11.0.5.jar%23128!/:?]
	at MC-BOOTSTRAP/cpw.mods.modlauncher@11.0.5/cpw.mods.modlauncher.Launcher.main(Launcher.java:74) [modlauncher-11.0.5.jar%23128!/:?]
	at MC-BOOTSTRAP/cpw.mods.modlauncher@11.0.5/cpw.mods.modlauncher.BootstrapLaunchConsumer.accept(BootstrapLaunchConsumer.java:26) [modlauncher-11.0.5.jar%23128!/:?]
	at MC-BOOTSTRAP/cpw.mods.modlauncher@11.0.5/cpw.mods.modlauncher.BootstrapLaunchConsumer.accept(BootstrapLaunchConsumer.java:23) [modlauncher-11.0.5.jar%23128!/:?]
	at cpw.mods.bootstraplauncher@2.0.2/cpw.mods.bootstraplauncher.BootstrapLauncher.run(BootstrapLauncher.java:210) [bootstraplauncher-2.0.2.jar:?]
	at cpw.mods.bootstraplauncher@2.0.2/cpw.mods.bootstraplauncher.BootstrapLauncher.main(BootstrapLauncher.java:69) [bootstraplauncher-2.0.2.jar:?]
	at java.base/jdk.internal.reflect.DirectMethodHandleAccessor.invoke(DirectMethodHandleAccessor.java:103) ~[?:?]
	at java.base/java.lang.reflect.Method.invoke(Method.java:580) ~[?:?]
	at net.neoforged.devlaunch.Main.main(Main.java:57) [DevLaunch-1.0.2.jar:?]
[15Sept2026 14:41:37.935] [Render thread/INFO] [net.minecraft.world.item.crafting.RecipeManager/]: Loaded 48337 recipes
[15Sept2026 14:41:38.189] [Render thread/WARN] [GTCEu/]: Recipe duplicate or conflict found in GTRecipeType gtceu:electric_furnace and was not added. See next lines for details
[15Sept2026 14:41:38.189] [Render thread/WARN] [GTCEu/]: Attempted to add GTRecipe: gtceu:electric_furnace/smelting/smelt_dust_gold_to_ingot, which conflicts with occultism:electric_furnace/smelting/gold_ingot_from_dust
[15Sept2026 14:41:38.189] [Render thread/WARN] [GTCEu/]: failed to add recipe from staging into lookup DB: gtceu:electric_furnace/smelting/smelt_dust_gold_to_ingot
[15Sept2026 14:41:38.190] [Render thread/WARN] [GTCEu/]: Recipe duplicate or conflict found in GTRecipeType gtceu:electric_furnace and was not added. See next lines for details
[15Sept2026 14:41:38.190] [Render thread/WARN] [GTCEu/]: Attempted to add GTRecipe: occultism:electric_furnace/smelting/netherite_ingot_from_dust, which conflicts with gtceu:electric_furnace/smelting/smelt_dust_netherite_to_ingot
[15Sept2026 14:41:38.190] [Render thread/WARN] [GTCEu/]: failed to add recipe from staging into lookup DB: occultism:electric_furnace/smelting/netherite_ingot_from_dust
[15Sept2026 14:41:38.194] [Render thread/WARN] [GTCEu/]: Recipe duplicate or conflict found in GTRecipeType gtceu:electric_furnace and was not added. See next lines for details
[15Sept2026 14:41:38.194] [Render thread/WARN] [GTCEu/]: Attempted to add GTRecipe: gtceu:electric_furnace/smelting/smelt_dust_silver_to_ingot, which conflicts with occultism:electric_furnace/smelting/silver_ingot_from_dust
[15Sept2026 14:41:38.194] [Render thread/WARN] [GTCEu/]: failed to add recipe from staging into lookup DB: gtceu:electric_furnace/smelting/smelt_dust_silver_to_ingot
[15Sept2026 14:41:38.195] [Render thread/WARN] [GTCEu/]: Recipe duplicate or conflict found in GTRecipeType gtceu:electric_furnace and was not added. See next lines for details
[15Sept2026 14:41:38.195] [Render thread/WARN] [GTCEu/]: Attempted to add GTRecipe: occultism:electric_furnace/smelting/silver_ingot_from_raw, which conflicts with gtceu:electric_furnace/smelting/smelt_raw_silver_ore_to_ingot
[15Sept2026 14:41:38.195] [Render thread/WARN] [GTCEu/]: failed to add recipe from staging into lookup DB: occultism:electric_furnace/smelting/silver_ingot_from_raw
[15Sept2026 14:41:38.196] [Render thread/WARN] [GTCEu/]: Recipe duplicate or conflict found in GTRecipeType gtceu:electric_furnace and was not added. See next lines for details
[15Sept2026 14:41:38.196] [Render thread/WARN] [GTCEu/]: Attempted to add GTRecipe: occultism:electric_furnace/smelting/copper_ingot_from_dust, which conflicts with gtceu:electric_furnace/smelting/smelt_dust_copper_to_ingot
[15Sept2026 14:41:38.196] [Render thread/WARN] [GTCEu/]: failed to add recipe from staging into lookup DB: occultism:electric_furnace/smelting/copper_ingot_from_dust
[15Sept2026 14:41:38.197] [Render thread/WARN] [GTCEu/]: Recipe duplicate or conflict found in GTRecipeType gtceu:electric_furnace and was not added. See next lines for details
[15Sept2026 14:41:38.197] [Render thread/WARN] [GTCEu/]: Attempted to add GTRecipe: occultism:electric_furnace/smelting/iron_ingot_from_dust, which conflicts with gtceu:electric_furnace/smelting/smelt_dust_iron_to_ingot
[15Sept2026 14:41:38.197] [Render thread/WARN] [GTCEu/]: failed to add recipe from staging into lookup DB: occultism:electric_furnace/smelting/iron_ingot_from_dust
[15Sept2026 14:41:38.768] [Render thread/INFO] [net.minecraft.advancements.AdvancementTree/]: Loaded 7143 advancements
[15Sept2026 14:41:38.779] [Render thread/INFO] [sfiomn.legendarysurvivaloverhaul.LegendarySurvivalOverhaul/]: Loaded 18 temperature consumables
[15Sept2026 14:41:38.781] [Render thread/INFO] [sfiomn.legendarysurvivaloverhaul.LegendarySurvivalOverhaul/]: Loaded 0 temperature consumable blocks
[15Sept2026 14:41:38.783] [Render thread/INFO] [sfiomn.legendarysurvivaloverhaul.LegendarySurvivalOverhaul/]: Loaded 23 temperature blocks
[15Sept2026 14:41:38.784] [Render thread/INFO] [sfiomn.legendarysurvivaloverhaul.LegendarySurvivalOverhaul/]: Loaded 39 temperature items
[15Sept2026 14:41:38.784] [Render thread/INFO] [sfiomn.legendarysurvivaloverhaul.LegendarySurvivalOverhaul/]: Loaded 7 temperature biomes
[15Sept2026 14:41:38.785] [Render thread/INFO] [sfiomn.legendarysurvivaloverhaul.LegendarySurvivalOverhaul/]: Loaded 8 temperature fuel items
[15Sept2026 14:41:38.785] [Render thread/INFO] [sfiomn.legendarysurvivaloverhaul.LegendarySurvivalOverhaul/]: Loaded 3 temperature dimensions
[15Sept2026 14:41:38.785] [Render thread/INFO] [sfiomn.legendarysurvivaloverhaul.LegendarySurvivalOverhaul/]: Loaded 1 temperature mounts
[15Sept2026 14:41:38.786] [Render thread/INFO] [sfiomn.legendarysurvivaloverhaul.LegendarySurvivalOverhaul/]: Loaded 0 temperature origins
[15Sept2026 14:41:38.789] [Render thread/INFO] [sfiomn.legendarysurvivaloverhaul.LegendarySurvivalOverhaul/]: Loaded 36 thirst consumables
[15Sept2026 14:41:38.789] [Render thread/INFO] [sfiomn.legendarysurvivaloverhaul.LegendarySurvivalOverhaul/]: Loaded 4 thirst blocks
[15Sept2026 14:41:38.790] [Render thread/INFO] [sfiomn.legendarysurvivaloverhaul.LegendarySurvivalOverhaul/]: Loaded 22 body parts damage sources
[15Sept2026 14:41:38.790] [Render thread/INFO] [sfiomn.legendarysurvivaloverhaul.LegendarySurvivalOverhaul/]: Loaded 6 body healing consumables
[15Sept2026 14:41:38.791] [Render thread/INFO] [sfiomn.legendarysurvivaloverhaul.LegendarySurvivalOverhaul/]: Loaded 4 body part resistance items
[15Sept2026 14:41:38.840] [Render thread/INFO] [dev.devce.rocketnautics.RocketNautics/]: Loading universe from json files!
[15Sept2026 14:41:38.887] [Render thread/INFO] [dev.devce.rocketnautics.RocketNautics/]: 6 planets successfully loaded
[15Sept2026 14:41:38.887] [Render thread/INFO] [dev.devce.rocketnautics.RocketNautics/]: No planet loads failed
[15Sept2026 14:41:38.887] [Render thread/INFO] [dev.devce.rocketnautics.RocketNautics/]: Universe load complete.
[15Sept2026 14:41:38.893] [Render thread/INFO] [Curios API/]: Loaded 15 curio slots
[15Sept2026 14:41:38.897] [Render thread/INFO] [Curios API/]: Loaded 1 curio entities
[15Sept2026 14:41:38.898] [Render thread/INFO] [com.sammy.malum.MalumMod/]: Added spirit drops for entity with registry name: minecraft:panda
[15Sept2026 14:41:38.898] [Render thread/INFO] [com.sammy.malum.MalumMod/]: Removed spirit drops for entity with registry name: minecraft:ender_dragon
[15Sept2026 14:41:38.898] [Render thread/INFO] [com.sammy.malum.MalumMod/]: Added spirit drops for entity with registry name: minecraft:stray
[15Sept2026 14:41:38.898] [Render thread/INFO] [com.sammy.malum.MalumMod/]: Added spirit drops for entity with registry name: undergarden:dweller
[15Sept2026 14:41:38.898] [Render thread/INFO] [com.sammy.malum.MalumMod/]: Added spirit drops for entity with registry name: minecraft:shulker
[15Sept2026 14:41:38.898] [Render thread/INFO] [com.sammy.malum.MalumMod/]: Added spirit drops for entity with registry name: minecraft:vex
[15Sept2026 14:41:38.898] [Render thread/INFO] [com.sammy.malum.MalumMod/]: Added spirit drops for entity with registry name: undergarden:muncher
[15Sept2026 14:41:38.899] [Render thread/INFO] [com.sammy.malum.MalumMod/]: Added spirit drops for entity with registry name: minecraft:skeleton
[15Sept2026 14:41:38.899] [Render thread/INFO] [com.sammy.malum.MalumMod/]: Added spirit drops for entity with registry name: minecraft:zombie
[15Sept2026 14:41:38.899] [Render thread/INFO] [com.sammy.malum.MalumMod/]: Added spirit drops for entity with registry name: minecraft:zombified_piglin
[15Sept2026 14:41:38.899] [Render thread/INFO] [com.sammy.malum.MalumMod/]: Added spirit drops for entity with registry name: minecraft:glow_squid
[15Sept2026 14:41:38.899] [Render thread/INFO] [com.sammy.malum.MalumMod/]: Added spirit drops for entity with registry name: minecraft:phantom
[15Sept2026 14:41:38.899] [Render thread/INFO] [com.sammy.malum.MalumMod/]: Added spirit drops for entity with registry name: botania:pink_wither
[15Sept2026 14:41:38.899] [Render thread/INFO] [com.sammy.malum.MalumMod/]: Added spirit drops for entity with registry name: undergarden:scintling
[15Sept2026 14:41:38.899] [Render thread/INFO] [com.sammy.malum.MalumMod/]: Added spirit drops for entity with registry name: minecraft:cat
[15Sept2026 14:41:38.899] [Render thread/INFO] [com.sammy.malum.MalumMod/]: Added spirit drops for entity with registry name: undergarden:rotbeast
[15Sept2026 14:41:38.900] [Render thread/INFO] [com.sammy.malum.MalumMod/]: Added spirit drops for entity with registry name: minecraft:goat
[15Sept2026 14:41:38.900] [Render thread/INFO] [com.sammy.malum.MalumMod/]: Added spirit drops for entity with registry name: minecraft:vindicator
[15Sept2026 14:41:38.900] [Render thread/INFO] [com.sammy.malum.MalumMod/]: Added spirit drops for entity with registry name: minecraft:wither
[15Sept2026 14:41:38.900] [Render thread/INFO] [com.sammy.malum.MalumMod/]: Added spirit drops for entity with registry name: minecraft:zombie_villager
[15Sept2026 14:41:38.900] [Render thread/INFO] [com.sammy.malum.MalumMod/]: Added spirit drops for entity with registry name: minecraft:drowned
[15Sept2026 14:41:38.900] [Render thread/INFO] [com.sammy.malum.MalumMod/]: Added spirit drops for entity with registry name: minecraft:tadpole
[15Sept2026 14:41:38.900] [Render thread/INFO] [com.sammy.malum.MalumMod/]: Added spirit drops for entity with registry name: minecraft:slime
[15Sept2026 14:41:38.900] [Render thread/INFO] [com.sammy.malum.MalumMod/]: Added spirit drops for entity with registry name: ars_nouveau:wilden_stalker
[15Sept2026 14:41:38.900] [Render thread/INFO] [com.sammy.malum.MalumMod/]: Added spirit drops for entity with registry name: minecraft:spider
[15Sept2026 14:41:38.900] [Render thread/INFO] [com.sammy.malum.MalumMod/]: Added spirit drops for entity with registry name: undergarden:gwibling
[15Sept2026 14:41:38.900] [Render thread/INFO] [com.sammy.malum.MalumMod/]: Added spirit drops for entity with registry name: minecraft:cave_spider
[15Sept2026 14:41:38.900] [Render thread/INFO] [com.sammy.malum.MalumMod/]: Added spirit drops for entity with registry name: minecraft:dolphin
[15Sept2026 14:41:38.900] [Render thread/INFO] [com.sammy.malum.MalumMod/]: Added spirit drops for entity with registry name: undergarden:rotling
[15Sept2026 14:41:38.900] [Render thread/INFO] [com.sammy.malum.MalumMod/]: Added spirit drops for entity with registry name: minecraft:armadillo
[15Sept2026 14:41:38.900] [Render thread/INFO] [com.sammy.malum.MalumMod/]: Added spirit drops for entity with registry name: minecraft:piglin_brute
[15Sept2026 14:41:38.900] [Render thread/INFO] [com.sammy.malum.MalumMod/]: Added spirit drops for entity with registry name: minecraft:breeze
[15Sept2026 14:41:38.900] [Render thread/INFO] [com.sammy.malum.MalumMod/]: Added spirit drops for entity with registry name: minecraft:snow_golem
[15Sept2026 14:41:38.900] [Render thread/INFO] [com.sammy.malum.MalumMod/]: Added spirit drops for entity with registry name: minecraft:hoglin
[15Sept2026 14:41:38.900] [Render thread/INFO] [com.sammy.malum.MalumMod/]: Added spirit drops for entity with registry name: ars_nouveau:wilden_guardian
[15Sept2026 14:41:38.901] [Render thread/INFO] [com.sammy.malum.MalumMod/]: Added spirit drops for entity with registry name: undergarden:forgotten_guardian
[15Sept2026 14:41:38.901] [Render thread/INFO] [com.sammy.malum.MalumMod/]: Added spirit drops for entity with registry name: minecraft:evoker
[15Sept2026 14:41:38.901] [Render thread/INFO] [com.sammy.malum.MalumMod/]: Added spirit drops for entity with registry name: minecraft:turtle
[15Sept2026 14:41:38.901] [Render thread/INFO] [com.sammy.malum.MalumMod/]: Added spirit drops for entity with registry name: undergarden:nargoyle
[15Sept2026 14:41:38.901] [Render thread/INFO] [com.sammy.malum.MalumMod/]: Added spirit drops for entity with registry name: undergarden:brute
[15Sept2026 14:41:38.901] [Render thread/INFO] [com.sammy.malum.MalumMod/]: Added spirit drops for entity with registry name: minecraft:parrot
[15Sept2026 14:41:38.901] [Render thread/INFO] [com.sammy.malum.MalumMod/]: Added spirit drops for entity with registry name: minecraft:zombie_horse
[15Sept2026 14:41:38.901] [Render thread/INFO] [com.sammy.malum.MalumMod/]: Added spirit drops for entity with registry name: minecraft:witch
[15Sept2026 14:41:38.901] [Render thread/INFO] [com.sammy.malum.MalumMod/]: Added spirit drops for entity with registry name: minecraft:wolf
[15Sept2026 14:41:38.901] [Render thread/INFO] [com.sammy.malum.MalumMod/]: Added spirit drops for entity with registry name: minecraft:creeper
[15Sept2026 14:41:38.901] [Render thread/INFO] [com.sammy.malum.MalumMod/]: Added spirit drops for entity with registry name: minecraft:chicken
[15Sept2026 14:41:38.901] [Render thread/INFO] [com.sammy.malum.MalumMod/]: Added spirit drops for entity with registry name: minecraft:tropical_fish
[15Sept2026 14:41:38.901] [Render thread/INFO] [com.sammy.malum.MalumMod/]: Added spirit drops for entity with registry name: minecraft:elder_guardian
[15Sept2026 14:41:38.901] [Render thread/INFO] [com.sammy.malum.MalumMod/]: Added spirit drops for entity with registry name: minecraft:endermite
[15Sept2026 14:41:38.902] [Render thread/INFO] [com.sammy.malum.MalumMod/]: Added spirit drops for entity with registry name: minecraft:llama
[15Sept2026 14:41:38.902] [Render thread/INFO] [com.sammy.malum.MalumMod/]: Added spirit drops for entity with registry name: minecraft:guardian
[15Sept2026 14:41:38.902] [Render thread/INFO] [com.sammy.malum.MalumMod/]: Added spirit drops for entity with registry name: ars_nouveau:wilden_hunter
[15Sept2026 14:41:38.902] [Render thread/INFO] [com.sammy.malum.MalumMod/]: Added spirit drops for entity with registry name: minecraft:cod
[15Sept2026 14:41:38.902] [Render thread/INFO] [com.sammy.malum.MalumMod/]: Added spirit drops for entity with registry name: minecraft:cow
[15Sept2026 14:41:38.902] [Render thread/INFO] [com.sammy.malum.MalumMod/]: Added spirit drops for entity with registry name: minecraft:magma_cube
[15Sept2026 14:41:38.902] [Render thread/INFO] [com.sammy.malum.MalumMod/]: Added spirit drops for entity with registry name: minecraft:wither_skeleton
[15Sept2026 14:41:38.902] [Render thread/INFO] [com.sammy.malum.MalumMod/]: Added spirit drops for entity with registry name: minecraft:pig
[15Sept2026 14:41:38.902] [Render thread/INFO] [com.sammy.malum.MalumMod/]: Added spirit drops for entity with registry name: minecraft:ocelot
[15Sept2026 14:41:38.902] [Render thread/INFO] [com.sammy.malum.MalumMod/]: Added spirit drops for entity with registry name: minecraft:donkey
[15Sept2026 14:41:38.902] [Render thread/INFO] [com.sammy.malum.MalumMod/]: Added spirit drops for entity with registry name: minecraft:ravager
[15Sept2026 14:41:38.902] [Render thread/INFO] [com.sammy.malum.MalumMod/]: Added spirit drops for entity with registry name: minecraft:bogged
[15Sept2026 14:41:38.902] [Render thread/INFO] [com.sammy.malum.MalumMod/]: Added spirit drops for entity with registry name: minecraft:silverfish
[15Sept2026 14:41:38.902] [Render thread/INFO] [com.sammy.malum.MalumMod/]: Added spirit drops for entity with registry name: minecraft:mule
[15Sept2026 14:41:38.902] [Render thread/INFO] [com.sammy.malum.MalumMod/]: Added spirit drops for entity with registry name: minecraft:horse
[15Sept2026 14:41:38.902] [Render thread/INFO] [com.sammy.malum.MalumMod/]: Added spirit drops for entity with registry name: undergarden:rotwalker
[15Sept2026 14:41:38.902] [Render thread/INFO] [com.sammy.malum.MalumMod/]: Added spirit drops for entity with registry name: undergarden:sploogie
[15Sept2026 14:41:38.902] [Render thread/INFO] [com.sammy.malum.MalumMod/]: Added spirit drops for entity with registry name: minecraft:piglin
[15Sept2026 14:41:38.902] [Render thread/INFO] [com.sammy.malum.MalumMod/]: Added spirit drops for entity with registry name: undergarden:gloomper
[15Sept2026 14:41:38.902] [Render thread/INFO] [com.sammy.malum.MalumMod/]: Added spirit drops for entity with registry name: minecraft:pillager
[15Sept2026 14:41:38.902] [Render thread/INFO] [com.sammy.malum.MalumMod/]: Added spirit drops for entity with registry name: undergarden:gwib
[15Sept2026 14:41:38.902] [Render thread/INFO] [com.sammy.malum.MalumMod/]: Added spirit drops for entity with registry name: botania:doppleganger
[15Sept2026 14:41:38.902] [Render thread/INFO] [com.sammy.malum.MalumMod/]: Added spirit drops for entity with registry name: minecraft:enderman
[15Sept2026 14:41:38.902] [Render thread/INFO] [com.sammy.malum.MalumMod/]: Added spirit drops for entity with registry name: undergarden:stoneborn
[15Sept2026 14:41:38.902] [Render thread/INFO] [com.sammy.malum.MalumMod/]: Added spirit drops for entity with registry name: minecraft:bee
[15Sept2026 14:41:38.902] [Render thread/INFO] [com.sammy.malum.MalumMod/]: Added spirit drops for entity with registry name: minecraft:salmon
[15Sept2026 14:41:38.902] [Render thread/INFO] [com.sammy.malum.MalumMod/]: Added spirit drops for entity with registry name: minecraft:mooshroom
[15Sept2026 14:41:38.902] [Render thread/INFO] [com.sammy.malum.MalumMod/]: Added spirit drops for entity with registry name: minecraft:squid
[15Sept2026 14:41:38.902] [Render thread/INFO] [com.sammy.malum.MalumMod/]: Added spirit drops for entity with registry name: minecraft:fox
[15Sept2026 14:41:38.902] [Render thread/INFO] [com.sammy.malum.MalumMod/]: Added spirit drops for entity with registry name: minecraft:trader_llama
[15Sept2026 14:41:38.903] [Render thread/INFO] [com.sammy.malum.MalumMod/]: Added spirit drops for entity with registry name: minecraft:sheep
[15Sept2026 14:41:38.903] [Render thread/INFO] [com.sammy.malum.MalumMod/]: Added spirit drops for entity with registry name: minecraft:skeleton_horse
[15Sept2026 14:41:38.903] [Render thread/INFO] [com.sammy.malum.MalumMod/]: Added spirit drops for entity with registry name: minecraft:pufferfish
[15Sept2026 14:41:38.903] [Render thread/INFO] [com.sammy.malum.MalumMod/]: Added spirit drops for entity with registry name: minecraft:ghast
[15Sept2026 14:41:38.903] [Render thread/INFO] [com.sammy.malum.MalumMod/]: Added spirit drops for entity with registry name: minecraft:villager
[15Sept2026 14:41:38.903] [Render thread/INFO] [com.sammy.malum.MalumMod/]: Added spirit drops for entity with registry name: minecraft:zoglin
[15Sept2026 14:41:38.903] [Render thread/INFO] [com.sammy.malum.MalumMod/]: Added spirit drops for entity with registry name: ars_nouveau:wilden_boss
[15Sept2026 14:41:38.903] [Render thread/INFO] [com.sammy.malum.MalumMod/]: Added spirit drops for entity with registry name: minecraft:husk
[15Sept2026 14:41:38.903] [Render thread/INFO] [com.sammy.malum.MalumMod/]: Added spirit drops for entity with registry name: minecraft:polar_bear
[15Sept2026 14:41:38.903] [Render thread/INFO] [com.sammy.malum.MalumMod/]: Added spirit drops for entity with registry name: minecraft:strider
[15Sept2026 14:41:38.903] [Render thread/INFO] [com.sammy.malum.MalumMod/]: Added spirit drops for entity with registry name: minecraft:iron_golem
[15Sept2026 14:41:38.903] [Render thread/INFO] [com.sammy.malum.MalumMod/]: Added spirit drops for entity with registry name: minecraft:bat
[15Sept2026 14:41:38.903] [Render thread/INFO] [com.sammy.malum.MalumMod/]: Added spirit drops for entity with registry name: minecraft:axolotl
[15Sept2026 14:41:38.903] [Render thread/INFO] [com.sammy.malum.MalumMod/]: Added spirit drops for entity with registry name: minecraft:rabbit
[15Sept2026 14:41:38.903] [Render thread/INFO] [com.sammy.malum.MalumMod/]: Added spirit drops for entity with registry name: minecraft:wandering_trader
[15Sept2026 14:41:38.903] [Render thread/INFO] [com.sammy.malum.MalumMod/]: Added spirit drops for entity with registry name: undergarden:mog
[15Sept2026 14:41:38.903] [Render thread/INFO] [com.sammy.malum.MalumMod/]: Added spirit drops for entity with registry name: minecraft:illusioner
[15Sept2026 14:41:38.903] [Render thread/INFO] [com.sammy.malum.MalumMod/]: Added spirit drops for entity with registry name: minecraft:blaze
[15Sept2026 14:41:38.906] [Render thread/WARN] [com.sammy.malum.MalumMod/]: Malignant conversion data references an attribute that does not exist: irons_spellbooks:max_mana
[15Sept2026 14:41:38.907] [Render thread/WARN] [com.sammy.malum.MalumMod/]: Malignant conversion data references an attribute that does not exist: irons_spellbooks:spell_power
[15Sept2026 14:41:38.907] [Render thread/WARN] [com.sammy.malum.MalumMod/]: Malignant conversion data references an attribute that does not exist: irons_spellbooks:fire_spell_power
[15Sept2026 14:41:38.907] [Render thread/WARN] [com.sammy.malum.MalumMod/]: Malignant conversion data references an attribute that does not exist: irons_spellbooks:ice_spell_power
[15Sept2026 14:41:38.907] [Render thread/WARN] [com.sammy.malum.MalumMod/]: Malignant conversion data references an attribute that does not exist: irons_spellbooks:lightning_spell_power
[15Sept2026 14:41:38.907] [Render thread/WARN] [com.sammy.malum.MalumMod/]: Malignant conversion data references an attribute that does not exist: irons_spellbooks:holy_spell_power
[15Sept2026 14:41:38.907] [Render thread/WARN] [com.sammy.malum.MalumMod/]: Malignant conversion data references an attribute that does not exist: irons_spellbooks:ender_spell_power
[15Sept2026 14:41:38.907] [Render thread/WARN] [com.sammy.malum.MalumMod/]: Malignant conversion data references an attribute that does not exist: irons_spellbooks:blood_spell_power
[15Sept2026 14:41:38.907] [Render thread/WARN] [com.sammy.malum.MalumMod/]: Malignant conversion data references an attribute that does not exist: irons_spellbooks:evocation_spell_power
[15Sept2026 14:41:38.907] [Render thread/WARN] [com.sammy.malum.MalumMod/]: Malignant conversion data references an attribute that does not exist: irons_spellbooks:nature_spell_power
[15Sept2026 14:41:38.907] [Render thread/WARN] [com.sammy.malum.MalumMod/]: Malignant conversion data references an attribute that does not exist: irons_spellbooks:eldritch_spell_power
[15Sept2026 14:41:38.907] [Render thread/WARN] [com.sammy.malum.MalumMod/]: Malignant conversion data references an attribute that does not exist: irons_spellbooks:mana_regen
[15Sept2026 14:41:38.908] [Render thread/WARN] [com.sammy.malum.MalumMod/]: Malignant conversion data references an attribute that does not exist: irons_spellbooks:cooldown_reduction
[15Sept2026 14:41:38.908] [Render thread/WARN] [com.sammy.malum.MalumMod/]: Malignant conversion data references an attribute that does not exist: irons_spellbooks:cast_time_reduction
[15Sept2026 14:41:38.908] [Render thread/WARN] [com.sammy.malum.MalumMod/]: Malignant conversion data references an attribute that does not exist: irons_spellbooks:summon_damage
[15Sept2026 14:41:38.921] [Render thread/INFO] [ForgeBornCore/]: GT ore vein generation ready: 40 definitions loaded, 40 converted at reload time; spherical definitions are kept
[15Sept2026 14:41:38.923] [Render thread/INFO] [botania/]: Loaded 31 Loonium configurations
[15Sept2026 14:41:38.950] [Render thread/WARN] [net.minecraft.core.MappedRegistry/]: Not all defined tags for registry ResourceKey[minecraft:root / minecraft:block] are present in data pack: botania:mineable/vitreous_pickaxe, botania:vitreous_pickaxe_silktouched, c:mineable/crowbar, c:mineable/hammer, c:mineable/saw
[15Sept2026 14:41:41.872] [Render thread/WARN] [EMI/]: [EMI] The following EMI classes have mixins applied to them, which could fundamentally alter behavior and cause issues.
[15Sept2026 14:41:41.873] [Render thread/WARN] [EMI/]: [EMI] dev.emi.emi.api.EmiApi is tainted by
	 * com.gregtechceu.gtceu.core.mixins.emi.EmiApiAccessor
[15Sept2026 14:41:41.873] [Render thread/WARN] [EMI/]: [EMI] dev.emi.emi.EmiRenderHelper is tainted by
	 * com.lowdragmc.lowdraglib.core.mixins.emi.EmiRenderHelperMixin
[15Sept2026 14:41:41.873] [Render thread/WARN] [EMI/]: [EMI] dev.emi.emi.screen.RecipeScreen is tainted by
	 * com.lowdragmc.lowdraglib.core.mixins.emi.RecipeScreenMixin
	 * brachy.modularui.core.mixins.emi.RecipeScreenMixin
[15Sept2026 14:41:41.873] [Render thread/WARN] [EMI/]: [EMI] dev.emi.emi.network.FillRecipeC2SPacket is tainted by
	 * com.gregtechceu.gtceu.core.mixins.emi.FillRecipePacketMixin
[15Sept2026 14:41:41.873] [Render thread/INFO] [EMI/]: [EMI] Recipes synchronized, waiting for tags to reload EMI...
[15Sept2026 14:41:41.895] [Render thread/INFO] [snownee.jade.Jade/]: LootTableMineableCollector took 20.74 ms
[15Sept2026 14:41:42.050] [Server thread/INFO] [net.minecraft.client.server.IntegratedServer/]: Starting integrated minecraft server version 1.21.1
[15Sept2026 14:41:42.050] [Server thread/INFO] [net.minecraft.server.MinecraftServer/]: Generating keypair
[15Sept2026 14:41:43.002] [Server thread/INFO] [FTB Teams/]: loaded team data: 1 known players, 1 teams total
[15Sept2026 14:41:43.017] [Server thread/INFO] [dev.devce.rocketnautics.RocketNautics/]: Successfully expanded Sable altitude limits in ServerAboutToStartEvent.
[15Sept2026 14:41:43.059] [Server thread/INFO] [dev.ryanhcode.sable.Sable/]: Creating physics pipeline for ResourceKey[minecraft:dimension / minecraft:overworld] using RapierPhysicsPipelineProvider
[15Sept2026 14:41:43.318] [Server thread/ERROR] [dev.ryanhcode.sable.Sable/]: Failed to apply tag physics properties. Unknown tag: sable:quarter_volume
[15Sept2026 14:41:43.319] [Server thread/ERROR] [dev.ryanhcode.sable.Sable/]: Failed to apply tag physics properties. Unknown tag: sable:super_light
[15Sept2026 14:41:43.712] [Server thread/INFO] [dev.ryanhcode.sable.Sable/]: Creating physics pipeline for ResourceKey[minecraft:dimension / the_afterdark:afterdark] using RapierPhysicsPipelineProvider
[15Sept2026 14:41:43.757] [Server thread/ERROR] [dev.ryanhcode.sable.Sable/]: Failed to apply tag physics properties. Unknown tag: sable:quarter_volume
[15Sept2026 14:41:43.757] [Server thread/ERROR] [dev.ryanhcode.sable.Sable/]: Failed to apply tag physics properties. Unknown tag: sable:super_light
[15Sept2026 14:41:44.162] [Server thread/INFO] [dev.ryanhcode.sable.Sable/]: Creating physics pipeline for ResourceKey[minecraft:dimension / minecraft:the_nether] using RapierPhysicsPipelineProvider
[15Sept2026 14:41:44.175] [Server thread/ERROR] [dev.ryanhcode.sable.Sable/]: Failed to apply tag physics properties. Unknown tag: sable:quarter_volume
[15Sept2026 14:41:44.175] [Server thread/ERROR] [dev.ryanhcode.sable.Sable/]: Failed to apply tag physics properties. Unknown tag: sable:super_light
[15Sept2026 14:41:44.185] [Server thread/INFO] [dev.ryanhcode.sable.Sable/]: Creating physics pipeline for ResourceKey[minecraft:dimension / rocketnautics:moon] using RapierPhysicsPipelineProvider
[15Sept2026 14:41:44.196] [Server thread/ERROR] [dev.ryanhcode.sable.Sable/]: Failed to apply tag physics properties. Unknown tag: sable:quarter_volume
[15Sept2026 14:41:44.196] [Server thread/ERROR] [dev.ryanhcode.sable.Sable/]: Failed to apply tag physics properties. Unknown tag: sable:super_light
[15Sept2026 14:41:44.209] [Server thread/INFO] [dev.ryanhcode.sable.Sable/]: Creating physics pipeline for ResourceKey[minecraft:dimension / rocketnautics:deep_space] using RapierPhysicsPipelineProvider
[15Sept2026 14:41:44.222] [Server thread/ERROR] [dev.ryanhcode.sable.Sable/]: Failed to apply tag physics properties. Unknown tag: sable:quarter_volume
[15Sept2026 14:41:44.222] [Server thread/ERROR] [dev.ryanhcode.sable.Sable/]: Failed to apply tag physics properties. Unknown tag: sable:super_light
[15Sept2026 14:41:44.231] [Server thread/INFO] [dev.ryanhcode.sable.Sable/]: Creating physics pipeline for ResourceKey[minecraft:dimension / minecraft:the_end] using RapierPhysicsPipelineProvider
[15Sept2026 14:41:44.240] [Server thread/ERROR] [dev.ryanhcode.sable.Sable/]: Failed to apply tag physics properties. Unknown tag: sable:quarter_volume
[15Sept2026 14:41:44.240] [Server thread/ERROR] [dev.ryanhcode.sable.Sable/]: Failed to apply tag physics properties. Unknown tag: sable:super_light
[15Sept2026 14:41:44.266] [Server thread/INFO] [dev.ryanhcode.sable.Sable/]: Creating physics pipeline for ResourceKey[minecraft:dimension / undergarden:undergarden] using RapierPhysicsPipelineProvider
[15Sept2026 14:41:44.275] [Server thread/ERROR] [dev.ryanhcode.sable.Sable/]: Failed to apply tag physics properties. Unknown tag: sable:quarter_volume
[15Sept2026 14:41:44.275] [Server thread/ERROR] [dev.ryanhcode.sable.Sable/]: Failed to apply tag physics properties. Unknown tag: sable:super_light
[15Sept2026 14:41:44.285] [Server thread/INFO] [dev.ryanhcode.sable.Sable/]: Creating physics pipeline for ResourceKey[minecraft:dimension / ae2:spatial_storage] using RapierPhysicsPipelineProvider
[15Sept2026 14:41:44.293] [Server thread/ERROR] [dev.ryanhcode.sable.Sable/]: Failed to apply tag physics properties. Unknown tag: sable:quarter_volume
[15Sept2026 14:41:44.293] [Server thread/ERROR] [dev.ryanhcode.sable.Sable/]: Failed to apply tag physics properties. Unknown tag: sable:super_light
[15Sept2026 14:41:44.301] [Server thread/INFO] [net.minecraft.server.MinecraftServer/]: Preparing start region for dimension minecraft:overworld
[15Sept2026 14:41:44.303] [Server thread/INFO] [KubeJS Server/]: Capturing errors for server scripts disabled
[15Sept2026 14:41:44.312] [Server thread/INFO] [KubeJS Server/]: Server resource reload complete!
[15Sept2026 14:41:45.055] [progressListener/INFO] [net.minecraft.server.level.progress.LoggerChunkProgressListener/]: Preparing spawn area: 0%
[15Sept2026 14:41:45.055] [progressListener/INFO] [net.minecraft.server.level.progress.LoggerChunkProgressListener/]: Preparing spawn area: 0%
[15Sept2026 14:41:45.117] [Server thread/INFO] [net.neoforged.neoforge.server.permission.PermissionAPI/]: Successfully initialized permission handler neoforge:default_handler
[15Sept2026 14:41:45.120] [Server thread/WARN] [net.neoforged.neoforge.common.TagConventionLogWarning/]: 
   Dev warning - Legacy Tags detected. Please migrate your 'forge' namespace tags to the 'c' namespace! See net.neoforged.neoforge.common.Tags.java for all tags.
   NOTE: Many tags have been moved around or renamed. Some new ones were added so please review the new tags.
    And make sure you follow tag conventions for new tags! The convention is `c` with nouns generally being plural and adjectives being singular.
   You can disable this message in NeoForge's common config by setting `logLegacyTagWarnings` to "SILENCED" or see individual tags with "DEV_VERBOSE".

[15Sept2026 14:41:45.121] [Server thread/INFO] [xaero.map.WorldMap/]: Registered synced player tracker system: ftb_teams
[15Sept2026 14:41:45.123] [Server thread/INFO] [xaero.hud.minimap.MinimapLogs/]: Registered synced player tracker system: ftb_teams
[15Sept2026 14:41:45.131] [progressListener/INFO] [net.minecraft.server.level.progress.LoggerChunkProgressListener/]: Time elapsed: 827 ms
[15Sept2026 14:41:45.153] [Server thread/INFO] [FTB Quests/]: Loading quests from C:\McMods\forgeborncore-1.21.1\runs\client\config\ftbquests\quests
[15Sept2026 14:41:45.178] [Server thread/INFO] [FTB Quests/]: loaded translation tables for 1 language(s)
[15Sept2026 14:41:45.332] [Server thread/ERROR] [FTB Library/]: Failed to read C:\McMods\forgeborncore-1.21.1\runs\client\config\ftbquests\quests\chapters\steam_age - Copy.snbt: New line without closing string with " @ 40:228!
[15Sept2026 14:41:45.464] [Server thread/INFO] [FTB Quests/]: Loaded 5 chapter groups, 15 chapters, 499 quests, 8 reward tables
[15Sept2026 14:41:45.478] [Server thread/INFO] [patchouli/]: Sending reload packet to clients
[15Sept2026 14:41:45.849] [Server thread/INFO] [net.minecraft.client.server.IntegratedServer/]: Changing view distance to 12, from 10
[15Sept2026 14:41:45.849] [Server thread/INFO] [net.minecraft.client.server.IntegratedServer/]: Changing simulation distance to 12, from 0
[15Sept2026 14:41:45.982] [Render thread/INFO] [dev.ryanhcode.sable.Sable/]: Adding local UDP server channel future
[15Sept2026 14:41:45.992] [Render thread/WARN] [io.netty.bootstrap.Bootstrap/]: Unknown channel option 'SO_BROADCAST' for channel '[id: 0xc5881314]'
[15Sept2026 14:41:46.001] [Netty Server IO #1/INFO] [dev.ryanhcode.sable.Sable/]: Server UDP channel active
[15Sept2026 14:41:46.016] [Render thread/INFO] [dev.ryanhcode.sable.Sable/]: Starting local client UDP channel future
[15Sept2026 14:41:46.020] [Netty Local Client IO #1/INFO] [dev.ryanhcode.sable.Sable/]: Client UDP channel active
[15Sept2026 14:41:46.519] [Render thread/INFO] [com.simibubi.create.Create/]: Created 280 recipes which will be injected into the game
[15Sept2026 14:41:46.523] [Render thread/INFO] [com.simibubi.create.Create/]: Created 6 tags which will be injected into the game
[15Sept2026 14:41:46.754] [Render thread/INFO] [EMI/]: [EMI] Recipes synchronized, waiting for tags to reload EMI...
[15Sept2026 14:41:47.114] [Server thread/INFO] [net.minecraft.server.players.PlayerList/]: Dev[local:E:44232971] logged in with entity id 3 at (-131.81839652325104, 72.0, 10127.574949142223)
[15Sept2026 14:41:47.116] [Server thread/INFO] [dev.ryanhcode.sable.Sable/]: Beginning attempted authentication with player Dev
[15Sept2026 14:41:47.119] [Server thread/INFO] [Modonomicon/]: Building books ...
[15Sept2026 14:41:47.129] [Server thread/INFO] [Modonomicon/]: Books built.
[15Sept2026 14:41:47.165] [Render thread/INFO] [xaero.map.WorldMap/]: Fullscreen map required item set to nothing.
[15Sept2026 14:41:47.197] [Render thread/INFO] [xaero.map.WorldMap/]: New world map session initialized!
[15Sept2026 14:41:47.200] [Server thread/INFO] [net.minecraft.server.MinecraftServer/]: Dev joined the game
[15Sept2026 14:41:47.283] [Render thread/INFO] [xaero.hud.minimap.MinimapLogs/]: Minimap required item set to nothing.
[15Sept2026 14:41:47.283] [Render thread/INFO] [xaero.hud.minimap.MinimapLogs/]: New Xaero hud session initialized!
[15Sept2026 14:41:47.347] [Render thread/INFO] [Iris/]: Reloading pipeline on dimension change: minecraft:overworld => minecraft:overworld
[15Sept2026 14:41:47.347] [Render thread/INFO] [Iris/]: Destroying pipeline minecraft:overworld
[15Sept2026 14:41:47.347] [Render thread/INFO] [Iris/]: Creating pipeline for dimension minecraft:overworld
[15Sept2026 14:41:47.555] [Render thread/INFO] [ChunkBuilder/]: Started 10 worker threads
[15Sept2026 14:41:47.677] [Render thread/INFO] [flywheel/]: Started 10 worker threads
[15Sept2026 14:41:47.714] [Render thread/ERROR] [dev.ryanhcode.sable.Sable/]: Failed to apply tag physics properties. Unknown tag: sable:quarter_volume
[15Sept2026 14:41:47.714] [Render thread/ERROR] [dev.ryanhcode.sable.Sable/]: Failed to apply tag physics properties. Unknown tag: sable:super_light
[15Sept2026 14:41:48.144] [Render thread/INFO] [Veil/]: Multi-Bind supported, using core
[15Sept2026 14:41:48.361] [Render thread/INFO] [xaero.hud.minimap.MinimapLogs/]: Reloading radar icon resources...
[15Sept2026 14:41:48.385] [Render thread/INFO] [xaero.hud.minimap.MinimapLogs/]: Reloaded radar icon resources!
[15Sept2026 14:41:48.570] [Render thread/ERROR] [net.minecraft.world.level.chunk.ChunkAccess/]: Unprimed heightmap: WORLD_SURFACE_WG 8 8
[15Sept2026 14:41:51.124] [Render thread/WARN] [net.minecraft.client.ClientRecipeBook/]: Unknown recipe category: ars_nouveau:imbuement/ars_nouveau:imbuement_abjuration_essence
[15Sept2026 14:41:51.125] [Render thread/WARN] [net.minecraft.client.ClientRecipeBook/]: Unknown recipe category: ars_nouveau:imbuement/ars_nouveau:imbuement_water_essence
[15Sept2026 14:41:51.125] [Render thread/WARN] [net.minecraft.client.ClientRecipeBook/]: Unknown recipe category: ars_nouveau:imbuement/ars_nouveau:imbuement_lapis
[15Sept2026 14:41:51.125] [Render thread/WARN] [net.minecraft.client.ClientRecipeBook/]: Unknown recipe category: ars_nouveau:imbuement/ars_nouveau:imbuement_amplify_arrow
[15Sept2026 14:41:51.125] [Render thread/WARN] [net.minecraft.client.ClientRecipeBook/]: Unknown recipe category: ars_nouveau:imbuement/ars_nouveau:imbuement_amethyst_block
[15Sept2026 14:41:51.125] [Render thread/WARN] [net.minecraft.client.ClientRecipeBook/]: Unknown recipe category: ars_nouveau:imbuement/ars_nouveau:imbuement_manipulation_essence
[15Sept2026 14:41:51.125] [Render thread/WARN] [net.minecraft.client.ClientRecipeBook/]: Unknown recipe category: ars_nouveau:imbuement/ars_nouveau:imbuement_amethyst
[15Sept2026 14:41:51.125] [Render thread/WARN] [net.minecraft.client.ClientRecipeBook/]: Unknown recipe category: ars_nouveau:imbuement/ars_nouveau:imbuement_pierce_arrow
[15Sept2026 14:41:51.125] [Render thread/WARN] [net.minecraft.client.ClientRecipeBook/]: Unknown recipe category: ars_nouveau:imbuement/ars_nouveau:imbuement_split_arrow
[15Sept2026 14:41:51.125] [Render thread/WARN] [net.minecraft.client.ClientRecipeBook/]: Unknown recipe category: ars_nouveau:imbuement/ars_nouveau:imbuement_fire_essence
[15Sept2026 14:41:51.125] [Render thread/WARN] [net.minecraft.client.ClientRecipeBook/]: Unknown recipe category: ars_nouveau:imbuement/ars_nouveau:imbuement_earth_essence
[15Sept2026 14:41:51.126] [Render thread/WARN] [net.minecraft.client.ClientRecipeBook/]: Unknown recipe category: ars_nouveau:imbuement/ars_nouveau:imbuement_conjuration_essence
[15Sept2026 14:41:51.126] [Render thread/WARN] [net.minecraft.client.ClientRecipeBook/]: Unknown recipe category: ars_nouveau:imbuement/ars_nouveau:imbuement_air_essence
[15Sept2026 14:41:51.180] [Render thread/INFO] [Modonomicon/]: Pre-rendering markdown ...
[15Sept2026 14:41:51.357] [Render thread/INFO] [Modonomicon/]: Finished pre-rendering markdown.
[15Sept2026 14:41:51.358] [Render thread/INFO] [mezz.jei.core.util.LoggedTimer/]: Starting JEI...
[15Sept2026 14:41:51.366] [Render thread/INFO] [mezz.jei.library.load.PluginCaller/]: Registering item subtypes...
[15Sept2026 14:41:51.376] [Render thread/INFO] [mezz.jei.library.load.PluginCaller/]: Registering item subtypes took 8.398 milliseconds
[15Sept2026 14:41:51.376] [Render thread/INFO] [mezz.jei.library.load.PluginCaller/]: Registering fluid subtypes...
[15Sept2026 14:41:51.380] [Render thread/INFO] [mezz.jei.library.load.PluginCaller/]: Registering fluid subtypes took 3.595 milliseconds
[15Sept2026 14:41:51.384] [Render thread/INFO] [mezz.jei.library.load.PluginCaller/]: Registering ingredients...
[15Sept2026 14:41:51.486] [Render thread/WARN] [mezz.jei.library.plugins.vanilla.ingredients.ItemStackListFactory/]: 46 duplicate items were found in 'Functional Blocks' creative tab's: displayItems
This may indicate that these types of item need a subtype interpreter added to JEI:
[minecraft:painting]
[15Sept2026 14:41:51.495] [Render thread/WARN] [mezz.jei.library.plugins.vanilla.ingredients.ItemStackListFactory/]: 9 duplicate items were found in 'Tools & Utilities' creative tab's: displayItems
This may indicate that these types of item need a subtype interpreter added to JEI:
[minecraft:goat_horn, minecraft:firework_rocket]
[15Sept2026 14:41:51.502] [Render thread/WARN] [mezz.jei.library.plugins.vanilla.ingredients.ItemStackListFactory/]: 89 duplicate items were found in 'Combat' creative tab's: displayItems
This may indicate that these types of item need a subtype interpreter added to JEI:
[minecraft:tipped_arrow]
[15Sept2026 14:41:51.524] [Render thread/WARN] [mezz.jei.library.plugins.vanilla.ingredients.ItemStackListFactory/]: 355 duplicate items were found in 'Food & Drinks' creative tab's: displayItems
This may indicate that these types of item need a subtype interpreter added to JEI:
[minecraft:ominous_bottle, minecraft:lingering_potion, minecraft:potion, minecraft:splash_potion, minecraft:suspicious_stew]
[15Sept2026 14:41:51.540] [Render thread/WARN] [mezz.jei.library.plugins.vanilla.ingredients.ItemStackListFactory/]: 63 duplicate items were found in 'Ingredients' creative tab's: displayItems
This may indicate that these types of item need a subtype interpreter added to JEI:
[minecraft:enchanted_book]
[15Sept2026 14:41:51.547] [Render thread/WARN] [mezz.jei.library.plugins.vanilla.ingredients.ItemStackListFactory/]: 4 duplicate items were found in 'AE2 Wireless Terminals (AE2WTLib)' creative tab's: displayItems
This may indicate that these types of item need a subtype interpreter added to JEI:
[ItemWET[wireless_pattern_encoding_terminal], ItemWCT[wireless_crafting_terminal], ItemWAT[wireless_pattern_access_terminal], ItemWUT[wireless_universal_terminal]]
[15Sept2026 14:41:51.590] [Render thread/WARN] [mezz.jei.library.plugins.vanilla.ingredients.ItemStackListFactory/]: 19 duplicate items were found in 'Applied Energistics 2' creative tab's: displayItems
This may indicate that these types of item need a subtype interpreter added to JEI:
[AnnihilationPlanePartItem[annihilation_plane], PortableCellItem[portable_item_cell_4k], PortableCellItem[portable_item_cell_64k], PortableCellItem[portable_fluid_cell_4k], PortableCellItem[portable_fluid_cell_64k], ae2:dense_energy_cell, PortableCellItem[portable_fluid_cell_256k], ChargedStaffItem[charged_staff], EntropyManipulatorItem[entropy_manipulator], WirelessTerminalItem[wireless_terminal], ae2:energy_cell, PortableCellItem[portable_item_cell_1k], ColorApplicatorItem[color_applicator], MatterCannonItem[matter_cannon], PortableCellItem[portable_item_cell_256k], PortableCellItem[portable_fluid_cell_16k], PortableCellItem[portable_fluid_cell_1k], PortableCellItem[portable_item_cell_16k]]
[15Sept2026 14:41:51.602] [Render thread/WARN] [mezz.jei.library.plugins.vanilla.ingredients.ItemStackListFactory/]: 437 duplicate items were found in 'Applied Energistics 2 - Facades' creative tab's: displayItems
This may indicate that these types of item need a subtype interpreter added to JEI:
[FacadeItem[facade]]
[15Sept2026 14:41:51.612] [Render thread/WARN] [mezz.jei.library.plugins.vanilla.ingredients.ItemStackListFactory/]: 107 duplicate items were found in 'Botania' creative tab's: displayItems
This may indicate that these types of item need a subtype interpreter added to JEI:
[botania:terra_pick, botania:blood_pendant, botania:mana_ring, botania:lexicon, botania:incense_stick, botania:mana_tablet, botania:brew_vial, botania:twig_wand, botania:flight_tiara, botania:dreamwood_wand, botania:mana_ring_greater, botania:brew_flask, botania:laputa_shard]
[15Sept2026 14:41:51.636] [Render thread/WARN] [mezz.jei.library.plugins.vanilla.ingredients.ItemStackListFactory/]: Item Group has no display items and no search tab display items. Items from this group will be missing from the JEI ingredient list. Modonomicon
[15Sept2026 14:41:51.643] [Render thread/WARN] [mezz.jei.library.plugins.vanilla.ingredients.ItemStackListFactory/]: 3 duplicate items were found in 'Embers Re-Ignited' creative tab's: displayItems
This may indicate that these types of item need a subtype interpreter added to JEI:
[embers:ember_cartridge, embers:ember_jar, embers:ember_bulb]
[15Sept2026 14:41:51.675] [Render thread/WARN] [mezz.jei.library.plugins.vanilla.ingredients.ItemStackListFactory/]: 441 duplicate items were found in 'The Undergarden' creative tab's: displayItems
This may indicate that these types of item need a subtype interpreter added to JEI:
[undergarden:cloggrum_leggings, undergarden:froststeel_boots, undergarden:utherium_boots, undergarden:utherium_leggings, undergarden:cloggrum_helmet, undergarden:ancient_chestplate, undergarden:froststeel_helmet, undergarden:froststeel_chestplate, undergarden:utherium_helmet, undergarden:froststeel_leggings, undergarden:ancient_helmet, undergarden:cloggrum_chestplate, undergarden:utherium_chestplate, undergarden:ancient_leggings, undergarden:cloggrum_boots, undergarden:cloggrum_bucket]
[15Sept2026 14:41:51.683] [Render thread/WARN] [mezz.jei.library.plugins.vanilla.ingredients.ItemStackListFactory/]: 13 duplicate items were found in 'Malum: The Earth Imbued' creative tab's: displayItems
This may indicate that these types of item need a subtype interpreter added to JEI:
[malum:soulwoven_banner]
[15Sept2026 14:41:51.692] [Render thread/WARN] [mezz.jei.library.plugins.vanilla.ingredients.ItemStackListFactory/]: 27 duplicate items were found in 'Malum: Sworn Oaths' creative tab's: displayItems
This may indicate that these types of item need a subtype interpreter added to JEI:
[malum:geas]
[15Sept2026 14:41:51.765] [Render thread/WARN] [mezz.jei.library.plugins.vanilla.ingredients.ItemStackListFactory/]: 224 duplicate items were found in 'GregTechCEu Decoration Blocks' creative tab's: displayItems
This may indicate that these types of item need a subtype interpreter added to JEI:
[gtceu:white_borderless_lamp, gtceu:brown_borderless_lamp, gtceu:red_borderless_lamp, gtceu:orange_borderless_lamp, gtceu:light_blue_borderless_lamp, gtceu:green_lamp, gtceu:magenta_lamp, gtceu:brown_lamp, gtceu:light_gray_lamp, gtceu:light_gray_borderless_lamp, gtceu:lime_lamp, gtceu:black_lamp, gtceu:red_lamp, gtceu:white_lamp, gtceu:magenta_borderless_lamp, gtceu:yellow_borderless_lamp, gtceu:pink_borderless_lamp, gtceu:pink_lamp, gtceu:blue_borderless_lamp, gtceu:light_blue_lamp, gtceu:blue_lamp, gtceu:purple_borderless_lamp, gtceu:purple_lamp, gtceu:cyan_lamp, gtceu:black_borderless_lamp, gtceu:yellow_lamp, gtceu:green_borderless_lamp, gtceu:gray_lamp, gtceu:cyan_borderless_lamp, gtceu:lime_borderless_lamp, gtceu:gray_borderless_lamp, gtceu:orange_lamp]
[15Sept2026 14:41:51.807] [Render thread/WARN] [mezz.jei.library.plugins.vanilla.ingredients.ItemStackListFactory/]: 85 duplicate items were found in 'GregTechCEu Items' creative tab's: displayItems
This may indicate that these types of item need a subtype interpreter added to JEI:
[gtceu:iv_power_unit, gtceu:quarktech_boots, gtceu:zpm_naquadria_battery, gtceu:energy_cluster, gtceu:lv_item_magnet, gtceu:quarktech_leggings, gtceu:nanomuscle_chestplate, gtceu:advanced_quarktech_chestplate, gtceu:nanomuscle_helmet, gtceu:quarktech_chestplate, gtceu:zero_point_module, gtceu:lapotron_crystal, gtceu:portable_debug_scanner, gtceu:tantalum_capacitor, gtceu:ev_vanadium_battery, gtceu:facade_cover, gtceu:nanomuscle_boots, gtceu:lv_sodium_battery, gtceu:energy_crystal, gtceu:lapotronic_energy_orb_cluster, gtceu:mv_lithium_battery, gtceu:mv_cadmium_battery, gtceu:lv_cadmium_battery, gtceu:advanced_electric_jetpack, gtceu:lapotronic_energy_orb, gtceu:turbine_rotor, gtceu:energy_module, gtceu:max_battery, gtceu:electric_jetpack, gtceu:hv_cadmium_battery, gtceu:portable_scanner, gtceu:advanced_nanomuscle_chestplate, gtceu:ev_power_unit, gtceu:mv_power_unit, gtceu:luv_vanadium_battery, gtceu:uv_naquadria_battery, gtceu:prospector.hv, gtceu:hv_item_magnet, gtceu:hv_lithium_battery, gtceu:nightvision_goggles, gtceu:hv_sodium_battery, gtceu:quarktech_helmet, gtceu:hv_power_unit, gtceu:lv_lithium_battery, gtceu:iv_vanadium_battery, gtceu:prospector.luv, gtceu:nanomuscle_leggings, gtceu:mv_sodium_battery, gtceu:nano_saber, gtceu:prospector.lv, gtceu:lv_power_unit]
[15Sept2026 14:41:51.808] [Render thread/WARN] [mezz.jei.library.plugins.vanilla.ingredients.ItemStackListFactory/]: Item Group has no display items and no search tab display items. Items from this group will be missing from the JEI ingredient list. ForgeBorn Core
[15Sept2026 14:41:51.846] [Render thread/INFO] [mezz.jei.library.load.PluginCallerTimerRunnable/]: Registering ingredients: jei:minecraft took 461.8 milliseconds
[15Sept2026 14:41:51.846] [Render thread/INFO] [mezz.jei.library.load.PluginCaller/]: Registering ingredients took 462.7 milliseconds
[15Sept2026 14:41:51.847] [Render thread/INFO] [mezz.jei.library.load.PluginCaller/]: Registering extra ingredients...
[15Sept2026 14:41:51.856] [Render thread/INFO] [mezz.jei.library.load.PluginCaller/]: Registering extra ingredients took 8.093 milliseconds
[15Sept2026 14:41:51.857] [Render thread/INFO] [mezz.jei.library.load.PluginCaller/]: Registering search ingredient aliases...
[15Sept2026 14:41:51.858] [Render thread/INFO] [mezz.jei.library.load.PluginCaller/]: Registering search ingredient aliases took 1.812 milliseconds
[15Sept2026 14:41:51.893] [Render thread/INFO] [mezz.jei.library.load.PluginCaller/]: Registering Mod Info...
[15Sept2026 14:41:51.894] [Render thread/INFO] [mezz.jei.library.load.PluginCaller/]: Registering Mod Info took 1.179 milliseconds
[15Sept2026 14:41:51.920] [Render thread/INFO] [mezz.jei.library.load.PluginCaller/]: Registering categories...
[15Sept2026 14:41:51.938] [Render thread/INFO] [mezz.jei.library.load.PluginCallerTimerRunnable/]: Registering categories: jei:minecraft took 17.09 milliseconds
[15Sept2026 14:41:51.999] [Render thread/INFO] [mezz.jei.library.load.PluginCallerTimerRunnable/]: Registering categories: create:jei_plugin took 53.69 milliseconds
[15Sept2026 14:41:52.008] [Render thread/INFO] [mezz.jei.library.load.PluginCaller/]: Registering categories took 87.83 milliseconds
[15Sept2026 14:41:52.009] [Render thread/INFO] [mezz.jei.library.load.PluginCaller/]: Registering vanilla category extensions...
[15Sept2026 14:41:52.013] [Render thread/INFO] [mezz.jei.library.load.PluginCaller/]: Registering vanilla category extensions took 2.953 milliseconds
[15Sept2026 14:41:52.014] [Render thread/INFO] [mezz.jei.library.load.PluginCaller/]: Registering recipe catalysts...
[15Sept2026 14:41:52.016] [Render thread/INFO] [mezz.jei.library.load.PluginCaller/]: Registering recipe catalysts took 2.628 milliseconds
[15Sept2026 14:41:52.016] [Render thread/INFO] [mezz.jei.core.util.LoggedTimer/]: Building recipe registry...
[15Sept2026 14:41:52.047] [Render thread/INFO] [mezz.jei.core.util.LoggedTimer/]: Building recipe registry took 28.79 milliseconds
[15Sept2026 14:41:52.048] [Render thread/INFO] [mezz.jei.library.load.PluginCaller/]: Registering advanced plugins...
[15Sept2026 14:41:52.048] [Render thread/INFO] [mezz.jei.library.load.PluginCaller/]: Registering advanced plugins took 427.7 microseconds
[15Sept2026 14:41:52.049] [Render thread/INFO] [mezz.jei.library.load.PluginCaller/]: Registering recipes...
[15Sept2026 14:41:52.062] [Render thread/INFO] [mezz.jei.library.load.PluginCallerTimerRunnable/]: Registering recipes: simulated:jei_plugin took 12.27 milliseconds
[15Sept2026 14:41:52.756] [Render thread/INFO] [mezz.jei.library.load.PluginCallerTimerRunnable/]: Registering recipes: farmersdelight:jei_plugin took 693.4 milliseconds
[15Sept2026 14:41:53.899] [Render thread/INFO] [mezz.jei.library.load.PluginCallerTimerRunnable/]: Registering recipes: create:jei_plugin took 1.143 seconds
[15Sept2026 14:41:53.919] [Render thread/INFO] [mezz.jei.library.load.PluginCallerTimerRunnable/]: Registering recipes: legendarysurvivaloverhaul:jei_plugin took 18.52 milliseconds
[15Sept2026 14:41:54.166] [Render thread/INFO] [mezz.jei.library.load.PluginCallerTimerRunnable/]: Registering recipes: embers:jei_plugin took 246.6 milliseconds
[15Sept2026 14:41:54.180] [Render thread/INFO] [mezz.jei.library.load.PluginCallerTimerRunnable/]: Registering recipes: malum:main took 14.08 milliseconds
[15Sept2026 14:41:54.180] [Render thread/INFO] [mezz.jei.library.load.PluginCaller/]: Registering recipes took 2.131 seconds
[15Sept2026 14:41:54.198] [Render thread/INFO] [mezz.jei.library.load.PluginCaller/]: Registering recipes transfer handlers...
[15Sept2026 14:41:54.204] [Render thread/INFO] [mezz.jei.library.load.PluginCaller/]: Registering recipes transfer handlers took 4.899 milliseconds
[15Sept2026 14:41:54.205] [Render thread/INFO] [mezz.jei.core.util.LoggedTimer/]: Building runtime...
[15Sept2026 14:41:54.206] [Render thread/INFO] [mezz.jei.library.load.PluginCaller/]: Registering gui handlers...
[15Sept2026 14:41:54.212] [Render thread/INFO] [mezz.jei.library.load.PluginCaller/]: Registering gui handlers took 4.631 milliseconds
[15Sept2026 14:41:54.216] [Render thread/INFO] [mezz.jei.library.load.PluginCaller/]: Registering Runtime...
[15Sept2026 14:41:54.229] [Render thread/INFO] [mezz.jei.library.load.PluginCallerTimerRunnable/]: Registering Runtime: emi:jemi took 12.22 milliseconds
[15Sept2026 14:41:54.229] [Render thread/INFO] [mezz.jei.library.load.PluginCaller/]: Registering Runtime took 12.98 milliseconds
[15Sept2026 14:41:54.230] [Render thread/INFO] [mezz.jei.core.util.LoggedTimer/]: Building runtime took 25.71 milliseconds
[15Sept2026 14:41:54.230] [Render thread/INFO] [mezz.jei.library.load.PluginCaller/]: Sending Runtime...
[15Sept2026 14:41:54.259] [Render thread/INFO] [mezz.jei.library.ingredients.IngredientManager/]: Ingredients are being removed at runtime: 45 net.minecraft.world.item.ItemStack
[15Sept2026 14:41:54.292] [Render thread/INFO] [mezz.jei.library.load.PluginCallerTimerRunnable/]: Sending Runtime: malum:main took 60.76 milliseconds
[15Sept2026 14:41:54.292] [Render thread/INFO] [mezz.jei.library.load.PluginCaller/]: Sending Runtime took 61.65 milliseconds
[15Sept2026 14:41:54.292] [Render thread/INFO] [mezz.jei.core.util.LoggedTimer/]: Starting JEI took 2.934 seconds
[15Sept2026 14:41:54.293] [Render thread/INFO] [EMI/]: [EMI] Tags synchronized, reloading EMI
[15Sept2026 14:41:54.293] [Render thread/INFO] [EMI/]: [EMI] Starting Reload
[15Sept2026 14:41:54.303] [Thread-20/INFO] [EMI/]: [EMI] Starting EMI reload...
[15Sept2026 14:41:54.304] [Thread-20/INFO] [EMI/]: [EMI] Clearing data
[15Sept2026 14:41:54.336] [Render thread/INFO] [xaero.hud.minimap.MinimapLogs/]: Minimap updated server level id: 1868756749 for world ResourceKey[minecraft:dimension / minecraft:overworld]
[15Sept2026 14:41:54.360] [Render thread/INFO] [FTB Library/]: config has been updated! server = false - clear any cached data etc. here
[15Sept2026 14:41:54.360] [Render thread/INFO] [FTB Library/]: received server config settings for config: ftblibrary-server
[15Sept2026 14:41:54.377] [Render thread/INFO] [net.minecraft.client.gui.components.ChatComponent/]: [System] [CHAT] Hello from FTB Library!
[15Sept2026 14:41:54.427] [Thread-20/WARN] [EMI/]: [EMI] dev.emi.emi.api.stack.FluidEmiStack is tainted by
	 * com.gregtechceu.gtceu.core.mixins.emi.FluidEmiStackMixin
[15Sept2026 14:41:54.439] [Render thread/INFO] [FTB Chunks/]: Loading FTB Chunks client data from world 9465a53d-12c6-4d3d-a81d-7cee50194091
[15Sept2026 14:41:54.493] [Thread-20/INFO] [EMI/]: [EMI] Initializing plugin from emi
[15Sept2026 14:41:54.496] [Render thread/INFO] [FTB Quests/]: Read 47148 bytes, 1194 objects
[15Sept2026 14:41:54.516] [Render thread/INFO] [FTB Quests/]: received translation table en_us (with 280 entries) from server
[15Sept2026 14:41:54.526] [Render thread/INFO] [snownee.jade.Jade/]: Received config from the server: 
[15Sept2026 14:41:54.530] [Thread-20/INFO] [EMI/]: [EMI] Initialized plugin from emi in 34ms
[15Sept2026 14:41:54.530] [Thread-20/INFO] [EMI/]: [EMI] Initializing plugin from ldlib
[15Sept2026 14:41:54.530] [Thread-20/INFO] [EMI/]: [EMI] Initialized plugin from ldlib in 0ms
[15Sept2026 14:41:54.530] [Thread-20/INFO] [EMI/]: [EMI] Initializing plugin from kubejs
[15Sept2026 14:41:54.530] [Thread-20/INFO] [EMI/]: [EMI] Initialized plugin from kubejs in 0ms
[15Sept2026 14:41:54.530] [Thread-20/INFO] [EMI/]: [EMI] Initializing plugin from gtceu
[15Sept2026 14:41:54.531] [Thread-20/INFO] [EMI/]: [EMI] Initialized plugin from gtceu in 0ms
[15Sept2026 14:41:54.531] [Thread-20/INFO] [EMI/]: [EMI] Initializing plugin from ae2
[15Sept2026 14:41:54.531] [Thread-20/INFO] [EMI/]: [EMI] Initialized plugin from ae2 in 0ms
[15Sept2026 14:41:54.531] [Thread-20/INFO] [EMI/]: [EMI] Initializing plugin from ae2wtlib
[15Sept2026 14:41:54.531] [Thread-20/INFO] [EMI/]: [EMI] Initialized plugin from ae2wtlib in 0ms
[15Sept2026 14:41:54.531] [Thread-20/INFO] [EMI/]: [EMI] Initializing plugin from botania
[15Sept2026 14:41:54.531] [Thread-20/INFO] [EMI/]: [EMI] Initialized plugin from botania in 0ms
[15Sept2026 14:41:54.531] [Thread-20/INFO] [EMI/]: [EMI] Initializing plugin from curios
[15Sept2026 14:41:54.531] [Thread-20/INFO] [EMI/]: [EMI] Initialized plugin from curios in 0ms
[15Sept2026 14:41:54.531] [Thread-20/INFO] [EMI/]: [EMI] Initializing plugin from ars_nouveau
[15Sept2026 14:41:54.532] [Thread-20/INFO] [EMI/]: [EMI] Initialized plugin from ars_nouveau in 0ms
[15Sept2026 14:41:54.532] [Thread-20/INFO] [EMI/]: [EMI] Initializing plugin from modularui
[15Sept2026 14:41:54.532] [Thread-20/INFO] [EMI/]: [EMI] Initialized plugin from modularui in 0ms
[15Sept2026 14:41:54.532] [Thread-20/INFO] [EMI/]: [EMI] Initializing plugin from ftblibrary
[15Sept2026 14:41:54.532] [Thread-20/INFO] [EMI/]: [EMI] Initialized plugin from ftblibrary in 0ms
[15Sept2026 14:41:54.532] [Thread-20/INFO] [EMI/]: [EMI] Initializing plugin from occultism
[15Sept2026 14:41:54.532] [Thread-20/INFO] [EMI/]: [EMI] Initialized plugin from occultism in 0ms
[15Sept2026 14:41:54.532] [Thread-20/INFO] [EMI/]: [EMI] Initializing plugin from undergarden
[15Sept2026 14:41:54.532] [Thread-20/INFO] [EMI/]: [EMI] Initialized plugin from undergarden in 0ms
[15Sept2026 14:41:54.532] [Thread-20/INFO] [EMI/]: [EMI] Initializing plugin from jemi
[15Sept2026 14:41:54.532] [Thread-20/INFO] [EMI/]: [EMI] Initialized plugin from jemi in 0ms
[15Sept2026 14:41:54.536] [Thread-20/INFO] [EMI/]: [EMI] Processing tags
[15Sept2026 14:41:54.869] [Thread-20/INFO] [EMI/]: [EMI] Constructing index
[15Sept2026 14:41:54.900] [Thread-20/INFO] [EMI/]: [EMI] Reloading item groups on client thread...
[15Sept2026 14:41:55.907] [Render thread/INFO] [ars_nouveau/]: Documentation loaded in 1362ms
[15Sept2026 14:41:56.023] [Render thread/INFO] [net.minecraft.advancements.AdvancementTree/]: Loaded 675 advancements
[15Sept2026 14:41:56.053] [Render thread/INFO] [patchouli/]: BookContentResourceListenerLoader: Files found in 894.9 μs
[15Sept2026 14:41:56.060] [Render thread/INFO] [patchouli/]: BookContentResourceListenerLoader: Files found in 653.7 μs
[15Sept2026 14:41:56.131] [Render thread/INFO] [patchouli/]: BookContentResourceListenerLoader: Files found in 682.2 μs
[15Sept2026 14:41:56.262] [Render thread/WARN] [botania/]: Template references nonexistent recipe botania:mana_infusion/slime_to_cactus of type mana_infusion
[15Sept2026 14:41:56.263] [Render thread/WARN] [botania/]: Template references nonexistent recipe botania:mana_infusion/cactus_to_slime of type mana_infusion
[15Sept2026 14:41:56.305] [Render thread/WARN] [patchouli/]: Recipe gardenofglass:root_to_sapling (of type minecraft:crafting) not found
[15Sept2026 14:41:56.305] [Render thread/WARN] [patchouli/]: Recipe gardenofglass:root_to_fertilizer (of type minecraft:crafting) not found
[15Sept2026 14:41:56.305] [Render thread/WARN] [patchouli/]: Recipe gardenofglass:pebble_to_cobblestone (of type minecraft:crafting) not found
[15Sept2026 14:41:56.306] [Render thread/WARN] [botania/]: Template references nonexistent recipe gardenofglass:mana_infusion/sugar_cane of type mana_infusion
[15Sept2026 14:41:56.306] [Render thread/WARN] [patchouli/]: Recipe gardenofglass:magma_cream_to_slime_ball (of type minecraft:crafting) not found
[15Sept2026 14:41:56.306] [Render thread/WARN] [botania/]: Template references nonexistent recipe gardenofglass:mana_infusion/prismarine_shard of type mana_infusion
[15Sept2026 14:41:56.306] [Render thread/WARN] [botania/]: Template references nonexistent recipe gardenofglass:mana_infusion/prismarine_crystals of type mana_infusion
[15Sept2026 14:41:56.306] [Render thread/WARN] [patchouli/]: Recipe gardenofglass:end_portal_frame (of type minecraft:crafting) not found
[15Sept2026 14:41:56.307] [Render thread/WARN] [botania/]: Template references nonexistent recipe gardenofglass:mana_infusion/heart_of_the_sea of type mana_infusion
[15Sept2026 14:41:56.525] [Render thread/INFO] [patchouli/]: BookContentResourceListenerLoader: Files found in 820.5 μs
[15Sept2026 14:41:56.527] [Render thread/INFO] [patchouli/]: BookContentResourceListenerLoader: Files found in 1.050 ms
[15Sept2026 14:41:56.544] [Render thread/INFO] [patchouli/]: BookContentResourceListenerLoader: Files found in 2.323 ms
[15Sept2026 14:41:57.526] [Thread-20/INFO] [EMI/]: [EMI] Reloading item groups on client thread took 2626ms
[15Sept2026 14:41:57.638] [Thread-20/INFO] [EMI/]: [EMI] Loading plugin from emi
[15Sept2026 14:41:58.400] [Flywheel Task Executor #4/WARN] [Sodium-VertexConsumerTracker/]: Class dev.engine_room.flywheel.lib.model.part.VertexWriter does not support optimized vertex writing code paths, which may cause reduced rendering performance
[15Sept2026 14:41:59.548] [Server thread/INFO] [net.minecraft.client.server.IntegratedServer/]: Saving and pausing game...
[15Sept2026 14:41:59.640] [Server thread/INFO] [net.minecraft.server.MinecraftServer/]: Saving chunks for level 'ServerLevel[Veins Test]'/minecraft:overworld
[15Sept2026 14:41:59.641] [Server thread/INFO] [dev.ryanhcode.sable.Sable/]: Saving sub-levels for level 'ServerLevel[Veins Test]'/minecraft:overworld
[15Sept2026 14:41:59.709] [Server thread/INFO] [net.minecraft.server.MinecraftServer/]: Saving chunks for level 'ServerLevel[Veins Test]'/the_afterdark:afterdark
[15Sept2026 14:41:59.709] [Server thread/INFO] [dev.ryanhcode.sable.Sable/]: Saving sub-levels for level 'ServerLevel[Veins Test]'/the_afterdark:afterdark
[15Sept2026 14:41:59.709] [Server thread/INFO] [net.minecraft.server.MinecraftServer/]: Saving chunks for level 'ServerLevel[Veins Test]'/minecraft:the_nether
[15Sept2026 14:41:59.709] [Server thread/INFO] [dev.ryanhcode.sable.Sable/]: Saving sub-levels for level 'ServerLevel[Veins Test]'/minecraft:the_nether
[15Sept2026 14:41:59.710] [Server thread/INFO] [net.minecraft.server.MinecraftServer/]: Saving chunks for level 'ServerLevel[Veins Test]'/rocketnautics:moon
[15Sept2026 14:41:59.710] [Server thread/INFO] [dev.ryanhcode.sable.Sable/]: Saving sub-levels for level 'ServerLevel[Veins Test]'/rocketnautics:moon
[15Sept2026 14:41:59.710] [Server thread/INFO] [net.minecraft.server.MinecraftServer/]: Saving chunks for level 'ServerLevel[Veins Test]'/rocketnautics:deep_space
[15Sept2026 14:41:59.710] [Server thread/INFO] [dev.ryanhcode.sable.Sable/]: Saving sub-levels for level 'ServerLevel[Veins Test]'/rocketnautics:deep_space
[15Sept2026 14:41:59.710] [Server thread/INFO] [net.minecraft.server.MinecraftServer/]: Saving chunks for level 'ServerLevel[Veins Test]'/minecraft:the_end
[15Sept2026 14:41:59.711] [Server thread/INFO] [dev.ryanhcode.sable.Sable/]: Saving sub-levels for level 'ServerLevel[Veins Test]'/minecraft:the_end
[15Sept2026 14:41:59.711] [Server thread/INFO] [net.minecraft.server.MinecraftServer/]: Saving chunks for level 'ServerLevel[Veins Test]'/undergarden:undergarden
[15Sept2026 14:41:59.711] [Server thread/INFO] [dev.ryanhcode.sable.Sable/]: Saving sub-levels for level 'ServerLevel[Veins Test]'/undergarden:undergarden
[15Sept2026 14:41:59.711] [Server thread/INFO] [net.minecraft.server.MinecraftServer/]: Saving chunks for level 'ServerLevel[Veins Test]'/ae2:spatial_storage
[15Sept2026 14:41:59.711] [Server thread/INFO] [dev.ryanhcode.sable.Sable/]: Saving sub-levels for level 'ServerLevel[Veins Test]'/ae2:spatial_storage
[15Sept2026 14:41:59.999] [Thread-20/INFO] [EMI/]: [EMI] Reloaded plugin from emi in 2359ms
[15Sept2026 14:42:00.000] [Thread-20/INFO] [EMI/]: [EMI] Loading plugin from ldlib
[15Sept2026 14:42:00.034] [Thread-20/INFO] [EMI/]: [EMI] Reloaded plugin from ldlib in 34ms
[15Sept2026 14:42:00.034] [Thread-20/INFO] [EMI/]: [EMI] Loading plugin from kubejs
[15Sept2026 14:42:00.034] [Thread-20/INFO] [EMI/]: [EMI] Reloaded plugin from kubejs in 0ms
[15Sept2026 14:42:00.034] [Thread-20/INFO] [EMI/]: [EMI] Loading plugin from gtceu
[15Sept2026 14:42:01.056] [Thread-20/INFO] [EMI/]: [EMI] Reloaded plugin from gtceu in 1022ms
[15Sept2026 14:42:01.057] [Thread-20/INFO] [EMI/]: [EMI] Loading plugin from ae2
[15Sept2026 14:42:01.107] [Thread-20/INFO] [EMI/]: [EMI] Reloaded plugin from ae2 in 50ms
[15Sept2026 14:42:01.107] [Thread-20/INFO] [EMI/]: [EMI] Loading plugin from ae2wtlib
[15Sept2026 14:42:01.107] [Thread-20/INFO] [EMI/]: [EMI] Reloaded plugin from ae2wtlib in 0ms
[15Sept2026 14:42:01.107] [Thread-20/INFO] [EMI/]: [EMI] Loading plugin from botania
[15Sept2026 14:42:01.149] [Thread-20/INFO] [EMI/]: [EMI] Reloaded plugin from botania in 42ms
[15Sept2026 14:42:01.150] [Thread-20/INFO] [EMI/]: [EMI] Loading plugin from curios
[15Sept2026 14:42:01.150] [Thread-20/INFO] [EMI/]: [EMI] Reloaded plugin from curios in 0ms
[15Sept2026 14:42:01.150] [Thread-20/INFO] [EMI/]: [EMI] Loading plugin from ars_nouveau
[15Sept2026 14:42:02.814] [Render thread/INFO] [xaero.map.WorldMap/]: Exception when loading gtceu:raw_oil texture, using material colour.
[15Sept2026 14:42:02.816] [Render thread/INFO] [xaero.map.WorldMap/]: Black texture 16
[15Sept2026 14:42:03.238] [Thread-20/INFO] [EMI/]: [EMI] Reloaded plugin from ars_nouveau in 2088ms
[15Sept2026 14:42:03.238] [Thread-20/INFO] [EMI/]: [EMI] Loading plugin from modularui
[15Sept2026 14:42:03.298] [Thread-20/INFO] [EMI/]: [EMI] Reloaded plugin from modularui in 60ms
[15Sept2026 14:42:03.299] [Thread-20/INFO] [EMI/]: [EMI] Loading plugin from ftblibrary
[15Sept2026 14:42:03.299] [Thread-20/INFO] [EMI/]: [EMI] Reloaded plugin from ftblibrary in 0ms
[15Sept2026 14:42:03.299] [Thread-20/INFO] [EMI/]: [EMI] Loading plugin from occultism
[15Sept2026 14:42:03.333] [Thread-20/INFO] [EMI/]: [EMI] Reloaded plugin from occultism in 34ms
[15Sept2026 14:42:03.334] [Thread-20/INFO] [EMI/]: [EMI] Loading plugin from undergarden
[15Sept2026 14:42:03.335] [Thread-20/INFO] [EMI/]: [EMI] Reloaded plugin from undergarden in 1ms
[15Sept2026 14:42:03.335] [Thread-20/INFO] [EMI/]: [EMI] Loading plugin from jemi
[15Sept2026 14:42:03.335] [Thread-20/INFO] [EMI/]: [EMI] [JEMI] Waiting for JEI to finish reloading...
[15Sept2026 14:42:03.335] [Thread-20/INFO] [EMI/]: [EMI] Waiting for JEI to finish...
[15Sept2026 14:42:03.335] [Thread-20/INFO] [EMI/]: [EMI] [JEMI] JEI reloaded!
[15Sept2026 14:42:03.343] [Thread-20/INFO] [EMI/]: [EMI] Loading information from JEI...
[15Sept2026 14:42:03.350] [Thread-20/INFO] [EMI/]: [EMI] Processing JEI stacks...
[15Sept2026 14:42:03.350] [Thread-20/INFO] [EMI/]: [EMI] Processing JEI subtypes...
[15Sept2026 14:42:03.363] [Thread-20/INFO] [EMI/]: [EMI] Processing JEI recipes...
[15Sept2026 14:42:03.365] [Thread-20/INFO] [EMI/]: [EMI] [JEMI] Collecting data for Crafting
[15Sept2026 14:42:03.365] [Thread-20/INFO] [EMI/]: [EMI] Loading JEI data for Crafting
[15Sept2026 14:42:03.386] [Thread-20/INFO] [EMI/]: [EMI] [JEMI] Collecting data for Anvil
[15Sept2026 14:42:03.387] [Thread-20/INFO] [EMI/]: [EMI] Loading JEI data for Anvil
[15Sept2026 14:42:03.387] [Thread-20/INFO] [EMI/]: [EMI] [JEMI] Collecting data for Blasting
[15Sept2026 14:42:03.387] [Thread-20/INFO] [EMI/]: [EMI] Loading JEI data for Blasting
[15Sept2026 14:42:03.390] [Thread-20/INFO] [EMI/]: [EMI] [JEMI] Collecting data for Brewing
[15Sept2026 14:42:03.392] [Thread-20/INFO] [EMI/]: [EMI] Loading JEI data for Brewing
[15Sept2026 14:42:03.392] [Thread-20/INFO] [EMI/]: [EMI] [JEMI] Collecting data for Campfire Cooking
[15Sept2026 14:42:03.392] [Thread-20/INFO] [EMI/]: [EMI] Loading JEI data for Campfire Cooking
[15Sept2026 14:42:03.392] [Thread-20/INFO] [EMI/]: [EMI] [JEMI] Collecting data for Composting
[15Sept2026 14:42:03.392] [Thread-20/INFO] [EMI/]: [EMI] Loading JEI data for Composting
[15Sept2026 14:42:03.392] [Thread-20/INFO] [EMI/]: [EMI] [JEMI] Collecting data for Fuel
[15Sept2026 14:42:03.392] [Thread-20/INFO] [EMI/]: [EMI] Loading JEI data for Fuel
[15Sept2026 14:42:03.392] [Thread-20/INFO] [EMI/]: [EMI] [JEMI] Collecting data for Grindstone
[15Sept2026 14:42:03.392] [Thread-20/INFO] [EMI/]: [EMI] Loading JEI data for Grindstone
[15Sept2026 14:42:03.393] [Thread-20/INFO] [EMI/]: [EMI] [JEMI] Collecting data for Smelting
[15Sept2026 14:42:03.393] [Thread-20/INFO] [EMI/]: [EMI] Loading JEI data for Smelting
[15Sept2026 14:42:03.393] [Thread-20/INFO] [EMI/]: [EMI] [JEMI] Collecting data for Smithing Table
[15Sept2026 14:42:03.393] [Thread-20/INFO] [EMI/]: [EMI] Loading JEI data for Smithing Table
[15Sept2026 14:42:03.393] [Thread-20/INFO] [EMI/]: [EMI] [JEMI] Collecting data for Smoking
[15Sept2026 14:42:03.393] [Thread-20/INFO] [EMI/]: [EMI] Loading JEI data for Smoking
[15Sept2026 14:42:03.393] [Thread-20/INFO] [EMI/]: [EMI] [JEMI] Collecting data for Stonecutting
[15Sept2026 14:42:03.393] [Thread-20/INFO] [EMI/]: [EMI] Loading JEI data for Stonecutting
[15Sept2026 14:42:03.393] [Thread-20/INFO] [EMI/]: [EMI] [JEMI] Collecting data for Automated Brewing
[15Sept2026 14:42:03.393] [Thread-20/INFO] [EMI/]: [EMI] Loading JEI data for Automated Brewing
[15Sept2026 14:42:03.440] [Thread-20/INFO] [EMI/]: [EMI] [JEMI] Collecting data for Automated Packing
[15Sept2026 14:42:03.440] [Thread-20/INFO] [EMI/]: [EMI] Loading JEI data for Automated Packing
[15Sept2026 14:42:03.450] [Thread-20/INFO] [EMI/]: [EMI] [JEMI] Collecting data for Automated Shaped Crafting
[15Sept2026 14:42:03.450] [Thread-20/INFO] [EMI/]: [EMI] Loading JEI data for Automated Shaped Crafting
[15Sept2026 14:42:03.694] [Thread-20/INFO] [EMI/]: [EMI] [JEMI] Collecting data for Automated Shapeless Crafting
[15Sept2026 14:42:03.695] [Thread-20/INFO] [EMI/]: [EMI] Loading JEI data for Automated Shapeless Crafting
[15Sept2026 14:42:03.736] [Thread-20/INFO] [EMI/]: [EMI] [JEMI] Collecting data for Block Cutting
[15Sept2026 14:42:03.736] [Thread-20/INFO] [EMI/]: [EMI] Loading JEI data for Block Cutting
[15Sept2026 14:42:03.745] [Thread-20/INFO] [EMI/]: [EMI] [JEMI] Collecting data for Crushing
[15Sept2026 14:42:03.745] [Thread-20/INFO] [EMI/]: [EMI] Loading JEI data for Crushing
[15Sept2026 14:42:03.748] [Thread-20/INFO] [EMI/]: [EMI] [JEMI] Collecting data for Deploying
[15Sept2026 14:42:03.748] [Thread-20/INFO] [EMI/]: [EMI] Loading JEI data for Deploying
[15Sept2026 14:42:03.756] [Thread-20/INFO] [EMI/]: [EMI] [JEMI] Collecting data for Item Draining
[15Sept2026 14:42:03.756] [Thread-20/INFO] [EMI/]: [EMI] Loading JEI data for Item Draining
[15Sept2026 14:42:03.762] [Thread-20/INFO] [EMI/]: [EMI] [JEMI] Collecting data for Bulk Blasting
[15Sept2026 14:42:03.763] [Thread-20/INFO] [EMI/]: [EMI] Loading JEI data for Bulk Blasting
[15Sept2026 14:42:03.769] [Thread-20/INFO] [EMI/]: [EMI] [JEMI] Collecting data for Bulk Haunting
[15Sept2026 14:42:03.769] [Thread-20/INFO] [EMI/]: [EMI] Loading JEI data for Bulk Haunting
[15Sept2026 14:42:03.770] [Thread-20/INFO] [EMI/]: [EMI] [JEMI] Collecting data for Bulk Smoking
[15Sept2026 14:42:03.770] [Thread-20/INFO] [EMI/]: [EMI] Loading JEI data for Bulk Smoking
[15Sept2026 14:42:03.770] [Thread-20/INFO] [EMI/]: [EMI] [JEMI] Collecting data for Bulk Washing
[15Sept2026 14:42:03.770] [Thread-20/INFO] [EMI/]: [EMI] Loading JEI data for Bulk Washing
[15Sept2026 14:42:03.770] [Thread-20/INFO] [EMI/]: [EMI] [JEMI] Collecting data for Manual Item Application
[15Sept2026 14:42:03.770] [Thread-20/INFO] [EMI/]: [EMI] Loading JEI data for Manual Item Application
[15Sept2026 14:42:03.770] [Thread-20/INFO] [EMI/]: [EMI] [JEMI] Collecting data for Mechanical Crafting
[15Sept2026 14:42:03.772] [Thread-20/INFO] [EMI/]: [EMI] Loading JEI data for Mechanical Crafting
[15Sept2026 14:42:03.772] [Thread-20/INFO] [EMI/]: [EMI] [JEMI] Collecting data for Milling
[15Sept2026 14:42:03.772] [Thread-20/INFO] [EMI/]: [EMI] Loading JEI data for Milling
[15Sept2026 14:42:03.773] [Thread-20/INFO] [EMI/]: [EMI] [JEMI] Collecting data for Mixing
[15Sept2026 14:42:03.773] [Thread-20/INFO] [EMI/]: [EMI] Loading JEI data for Mixing
[15Sept2026 14:42:03.774] [Thread-20/INFO] [EMI/]: [EMI] [JEMI] Collecting data for Mysterious Conversion
[15Sept2026 14:42:03.774] [Thread-20/INFO] [EMI/]: [EMI] Loading JEI data for Mysterious Conversion
[15Sept2026 14:42:03.774] [Thread-20/INFO] [EMI/]: [EMI] [JEMI] Collecting data for Compacting
[15Sept2026 14:42:03.774] [Thread-20/INFO] [EMI/]: [EMI] Loading JEI data for Compacting
[15Sept2026 14:42:03.774] [Thread-20/INFO] [EMI/]: [EMI] [JEMI] Collecting data for Pressing
[15Sept2026 14:42:03.774] [Thread-20/INFO] [EMI/]: [EMI] Loading JEI data for Pressing
[15Sept2026 14:42:03.775] [Thread-20/INFO] [EMI/]: [EMI] [JEMI] Collecting data for Sandpaper Polishing
[15Sept2026 14:42:03.775] [Thread-20/INFO] [EMI/]: [EMI] Loading JEI data for Sandpaper Polishing
[15Sept2026 14:42:03.775] [Thread-20/INFO] [EMI/]: [EMI] [JEMI] Collecting data for Sawing
[15Sept2026 14:42:03.775] [Thread-20/INFO] [EMI/]: [EMI] Loading JEI data for Sawing
[15Sept2026 14:42:03.776] [Thread-20/INFO] [EMI/]: [EMI] [JEMI] Collecting data for Recipe Sequence
[15Sept2026 14:42:03.776] [Thread-20/INFO] [EMI/]: [EMI] Loading JEI data for Recipe Sequence
[15Sept2026 14:42:03.777] [Thread-20/INFO] [EMI/]: [EMI] [JEMI] Collecting data for Filling by Spout
[15Sept2026 14:42:03.777] [Thread-20/INFO] [EMI/]: [EMI] Loading JEI data for Filling by Spout
[15Sept2026 14:42:03.784] [Thread-20/INFO] [EMI/]: [EMI] [JEMI] Collecting data for Alchemy
[15Sept2026 14:42:03.784] [Thread-20/INFO] [EMI/]: [EMI] Loading JEI data for Alchemy
[15Sept2026 14:42:03.790] [Thread-20/INFO] [EMI/]: [EMI] [JEMI] Collecting data for Boiling
[15Sept2026 14:42:03.790] [Thread-20/INFO] [EMI/]: [EMI] Loading JEI data for Boiling
[15Sept2026 14:42:03.792] [Thread-20/INFO] [EMI/]: [EMI] [JEMI] Collecting data for Boring
[15Sept2026 14:42:03.792] [Thread-20/INFO] [EMI/]: [EMI] Loading JEI data for Boring
[15Sept2026 14:42:03.792] [Thread-20/INFO] [EMI/]: [EMI] [JEMI] Collecting data for Catalysis & Combustion
[15Sept2026 14:42:03.792] [Thread-20/INFO] [EMI/]: [EMI] Loading JEI data for Catalysis & Combustion
[15Sept2026 14:42:03.792] [Thread-20/INFO] [EMI/]: [EMI] [JEMI] Collecting data for Dawnstone Anvil
[15Sept2026 14:42:03.792] [Thread-20/INFO] [EMI/]: [EMI] Loading JEI data for Dawnstone Anvil
[15Sept2026 14:42:03.803] [Thread-20/INFO] [EMI/]: [EMI] [JEMI] Collecting data for Ember Activation
[15Sept2026 14:42:03.803] [Thread-20/INFO] [EMI/]: [EMI] Loading JEI data for Ember Activation
[15Sept2026 14:42:03.804] [Thread-20/INFO] [EMI/]: [EMI] [JEMI] Collecting data for Excavation
[15Sept2026 14:42:03.804] [Thread-20/INFO] [EMI/]: [EMI] Loading JEI data for Excavation
[15Sept2026 14:42:03.804] [Thread-20/INFO] [EMI/]: [EMI] [JEMI] Collecting data for Gaseous Fuel
[15Sept2026 14:42:03.804] [Thread-20/INFO] [EMI/]: [EMI] Loading JEI data for Gaseous Fuel
[15Sept2026 14:42:03.804] [Thread-20/INFO] [EMI/]: [EMI] [JEMI] Collecting data for Melting
[15Sept2026 14:42:03.804] [Thread-20/INFO] [EMI/]: [EMI] Loading JEI data for Melting
[15Sept2026 14:42:03.805] [Thread-20/INFO] [EMI/]: [EMI] [JEMI] Collecting data for Geologic Separator Bonus
[15Sept2026 14:42:03.805] [Thread-20/INFO] [EMI/]: [EMI] Loading JEI data for Geologic Separator Bonus
[15Sept2026 14:42:03.806] [Thread-20/INFO] [EMI/]: [EMI] [JEMI] Collecting data for Production Multiplier
[15Sept2026 14:42:03.806] [Thread-20/INFO] [EMI/]: [EMI] Loading JEI data for Production Multiplier
[15Sept2026 14:42:03.806] [Thread-20/INFO] [EMI/]: [EMI] [JEMI] Collecting data for Mixing
[15Sept2026 14:42:03.806] [Thread-20/INFO] [EMI/]: [EMI] Loading JEI data for Mixing
[15Sept2026 14:42:03.808] [Thread-20/INFO] [EMI/]: [EMI] [JEMI] Collecting data for Stamping
[15Sept2026 14:42:03.808] [Thread-20/INFO] [EMI/]: [EMI] Loading JEI data for Stamping
[15Sept2026 14:42:03.809] [Thread-20/INFO] [EMI/]: [EMI] [JEMI] Collecting data for Information
[15Sept2026 14:42:03.809] [Thread-20/INFO] [EMI/]: [EMI] Loading JEI data for Information
[15Sept2026 14:42:03.812] [Thread-20/INFO] [EMI/]: [EMI] [JEMI] Collecting data for Sewing Table
[15Sept2026 14:42:03.812] [Thread-20/INFO] [EMI/]: [EMI] Loading JEI data for Sewing Table
[15Sept2026 14:42:03.816] [Thread-20/INFO] [EMI/]: [EMI] [JEMI] Collecting data for Runeworking
[15Sept2026 14:42:03.816] [Thread-20/INFO] [EMI/]: [EMI] Loading JEI data for Runeworking
[15Sept2026 14:42:03.816] [Thread-20/INFO] [EMI/]: [EMI] [JEMI] Collecting data for Spirit Focusing
[15Sept2026 14:42:03.816] [Thread-20/INFO] [EMI/]: [EMI] Loading JEI data for Spirit Focusing
[15Sept2026 14:42:03.817] [Thread-20/INFO] [EMI/]: [EMI] [JEMI] Collecting data for Spirit Infusion
[15Sept2026 14:42:03.817] [Thread-20/INFO] [EMI/]: [EMI] Loading JEI data for Spirit Infusion
[15Sept2026 14:42:03.818] [Thread-20/INFO] [EMI/]: [EMI] [JEMI] Collecting data for Spirit Repair
[15Sept2026 14:42:03.818] [Thread-20/INFO] [EMI/]: [EMI] Loading JEI data for Spirit Repair
[15Sept2026 14:42:03.820] [Thread-20/INFO] [EMI/]: [EMI] [JEMI] Collecting data for The Unchained Rite
[15Sept2026 14:42:03.820] [Thread-20/INFO] [EMI/]: [EMI] Loading JEI data for The Unchained Rite
[15Sept2026 14:42:03.823] [Thread-20/INFO] [EMI/]: [EMI] [JEMI] Collecting data for The Weeping Well
[15Sept2026 14:42:03.824] [Thread-20/INFO] [EMI/]: [EMI] Loading JEI data for The Weeping Well
[15Sept2026 14:42:03.824] [Thread-20/INFO] [EMI/]: [EMI] [JEMI] Collecting data for Cooking
[15Sept2026 14:42:03.824] [Thread-20/INFO] [EMI/]: [EMI] Loading JEI data for Cooking
[15Sept2026 14:42:03.825] [Thread-20/INFO] [EMI/]: [EMI] [JEMI] Collecting data for Cutting Board
[15Sept2026 14:42:03.826] [Thread-20/INFO] [EMI/]: [EMI] Loading JEI data for Cutting Board
[15Sept2026 14:42:03.830] [Thread-20/INFO] [EMI/]: [EMI] [JEMI] Collecting data for Decomposition
[15Sept2026 14:42:03.830] [Thread-20/INFO] [EMI/]: [EMI] Loading JEI data for Decomposition
[15Sept2026 14:42:03.830] [Thread-20/INFO] [EMI/]: [EMI] Reloaded plugin from jemi in 495ms
[15Sept2026 14:42:03.830] [Thread-20/INFO] [EMI/]: [EMI] Baking index
[15Sept2026 14:42:04.126] [Thread-20/INFO] [EMI/]: [EMI] Registering late recipes
[15Sept2026 14:42:04.156] [Thread-20/INFO] [EMI/]: [EMI] Baking recipes
[15Sept2026 14:42:05.249] [Thread-20/ERROR] [EMI/]: [EMI] Untranslated recipe category modularui:machine
[15Sept2026 14:42:05.767] [Thread-20/ERROR] [EMI/]: [EMI] Untranslated recipe category ldlib:modular_ui
[15Sept2026 14:42:06.105] [Thread-20/INFO] [EMI/]: [EMI] Baked 91198 recipes in 1946ms
[15Sept2026 14:42:06.159] [Thread-20/INFO] [EMI/]: [EMI] Baking search
[15Sept2026 14:42:06.851] [Thread-24/ERROR] [EMI/]: [EMI] Untranslated recipe category modularui:machine
[15Sept2026 14:42:07.439] [Thread-24/ERROR] [EMI/]: [EMI] Untranslated recipe category ldlib:modular_ui
[15Sept2026 14:42:07.815] [Thread-24/INFO] [EMI/]: [EMI] Baked recipes after reload in 1706ms
[15Sept2026 14:42:10.951] [Thread-20/INFO] [EMI/]: [EMI] Finishing up
[15Sept2026 14:42:11.000] [Thread-20/INFO] [EMI/]: [EMI] Reloaded EMI in 16696ms
[15Sept2026 14:43:02.644] [Server thread/INFO] [net.minecraft.client.server.IntegratedServer/]: Saving and pausing game...
[15Sept2026 14:43:02.675] [Server thread/INFO] [net.minecraft.server.MinecraftServer/]: Saving chunks for level 'ServerLevel[Veins Test]'/minecraft:overworld
[15Sept2026 14:43:02.675] [Server thread/INFO] [dev.ryanhcode.sable.Sable/]: Saving sub-levels for level 'ServerLevel[Veins Test]'/minecraft:overworld
[15Sept2026 14:43:02.695] [Server thread/INFO] [net.minecraft.server.MinecraftServer/]: Saving chunks for level 'ServerLevel[Veins Test]'/the_afterdark:afterdark
[15Sept2026 14:43:02.695] [Server thread/INFO] [dev.ryanhcode.sable.Sable/]: Saving sub-levels for level 'ServerLevel[Veins Test]'/the_afterdark:afterdark
[15Sept2026 14:43:02.696] [Server thread/INFO] [net.minecraft.server.MinecraftServer/]: Saving chunks for level 'ServerLevel[Veins Test]'/minecraft:the_nether
[15Sept2026 14:43:02.696] [Server thread/INFO] [dev.ryanhcode.sable.Sable/]: Saving sub-levels for level 'ServerLevel[Veins Test]'/minecraft:the_nether
[15Sept2026 14:43:02.696] [Server thread/INFO] [net.minecraft.server.MinecraftServer/]: Saving chunks for level 'ServerLevel[Veins Test]'/rocketnautics:moon
[15Sept2026 14:43:02.696] [Server thread/INFO] [dev.ryanhcode.sable.Sable/]: Saving sub-levels for level 'ServerLevel[Veins Test]'/rocketnautics:moon
[15Sept2026 14:43:02.697] [Server thread/INFO] [net.minecraft.server.MinecraftServer/]: Saving chunks for level 'ServerLevel[Veins Test]'/rocketnautics:deep_space
[15Sept2026 14:43:02.698] [Server thread/INFO] [dev.ryanhcode.sable.Sable/]: Saving sub-levels for level 'ServerLevel[Veins Test]'/rocketnautics:deep_space
[15Sept2026 14:43:02.698] [Server thread/INFO] [net.minecraft.server.MinecraftServer/]: Saving chunks for level 'ServerLevel[Veins Test]'/minecraft:the_end
[15Sept2026 14:43:02.698] [Server thread/INFO] [dev.ryanhcode.sable.Sable/]: Saving sub-levels for level 'ServerLevel[Veins Test]'/minecraft:the_end
[15Sept2026 14:43:02.698] [Server thread/INFO] [net.minecraft.server.MinecraftServer/]: Saving chunks for level 'ServerLevel[Veins Test]'/undergarden:undergarden
[15Sept2026 14:43:02.699] [Server thread/INFO] [dev.ryanhcode.sable.Sable/]: Saving sub-levels for level 'ServerLevel[Veins Test]'/undergarden:undergarden
[15Sept2026 14:43:02.699] [Server thread/INFO] [net.minecraft.server.MinecraftServer/]: Saving chunks for level 'ServerLevel[Veins Test]'/ae2:spatial_storage
[15Sept2026 14:43:02.699] [Server thread/INFO] [dev.ryanhcode.sable.Sable/]: Saving sub-levels for level 'ServerLevel[Veins Test]'/ae2:spatial_storage
[15Sept2026 14:43:03.145] [Netty Local Client IO #1/INFO] [dev.ryanhcode.sable.Sable/]: Client UDP channel inactive
[15Sept2026 14:43:03.145] [Netty Local Client IO #1/INFO] [dev.ryanhcode.sable.Sable/]: Closed UDP channel!
[15Sept2026 14:43:03.145] [Render thread/INFO] [EMI/]: [EMI] Disconnecting from server, EMI data cleared
[15Sept2026 14:43:03.146] [Render thread/INFO] [xaero.map.WorldMap/]: Finalizing world map session...
[15Sept2026 14:43:03.147] [Thread-27/INFO] [EMI/]: [EMI] Clearing data
[15Sept2026 14:43:03.199] [Thread-7/INFO] [xaero.map.WorldMap/]: World map cleaned normally!
[15Sept2026 14:43:03.248] [Render thread/INFO] [xaero.map.WorldMap/]: World map session finalized.
[15Sept2026 14:43:03.248] [Render thread/INFO] [xaero.hud.minimap.MinimapLogs/]: Xaero hud session finalized.
[15Sept2026 14:43:03.253] [Render thread/INFO] [mezz.jei.library.startup.JeiStarter/]: Stopping JEI
[15Sept2026 14:43:03.253] [Render thread/INFO] [mezz.jei.library.load.PluginCaller/]: Sending Runtime Unavailable...
[15Sept2026 14:43:03.253] [Render thread/INFO] [mezz.jei.neoforge.plugins.neoforge.NeoForgeGuiPlugin/]: Stopping JEI GUI
[15Sept2026 14:43:03.254] [Render thread/INFO] [mezz.jei.library.load.PluginCaller/]: Sending Runtime Unavailable took 1.728 milliseconds
[15Sept2026 14:43:03.310] [Server thread/INFO] [net.minecraft.server.network.ServerGamePacketListenerImpl/]: Dev lost connection: Disconnected
[15Sept2026 14:43:03.310] [Server thread/INFO] [net.minecraft.server.MinecraftServer/]: Dev left the game
[15Sept2026 14:43:03.334] [Server thread/INFO] [net.minecraft.server.network.ServerCommonPacketListenerImpl/]: Stopping singleplayer server as player logged out
[15Sept2026 14:43:03.362] [Server thread/INFO] [net.minecraft.server.MinecraftServer/]: Stopping server
[15Sept2026 14:43:03.362] [Server thread/INFO] [net.minecraft.server.MinecraftServer/]: Saving players
[15Sept2026 14:43:03.362] [Server thread/INFO] [net.minecraft.server.MinecraftServer/]: Saving worlds
[15Sept2026 14:43:03.479] [Server thread/INFO] [net.minecraft.server.MinecraftServer/]: Saving chunks for level 'ServerLevel[Veins Test]'/minecraft:overworld
[15Sept2026 14:43:03.479] [Server thread/INFO] [dev.ryanhcode.sable.Sable/]: Saving sub-levels for level 'ServerLevel[Veins Test]'/minecraft:overworld
[15Sept2026 14:43:03.599] [Server thread/INFO] [net.minecraft.server.MinecraftServer/]: Saving chunks for level 'ServerLevel[Veins Test]'/the_afterdark:afterdark
[15Sept2026 14:43:03.599] [Server thread/INFO] [dev.ryanhcode.sable.Sable/]: Saving sub-levels for level 'ServerLevel[Veins Test]'/the_afterdark:afterdark
[15Sept2026 14:43:03.627] [Server thread/INFO] [net.minecraft.server.MinecraftServer/]: Saving chunks for level 'ServerLevel[Veins Test]'/minecraft:the_nether
[15Sept2026 14:43:03.627] [Server thread/INFO] [dev.ryanhcode.sable.Sable/]: Saving sub-levels for level 'ServerLevel[Veins Test]'/minecraft:the_nether
[15Sept2026 14:43:03.651] [Server thread/INFO] [net.minecraft.server.MinecraftServer/]: Saving chunks for level 'ServerLevel[Veins Test]'/rocketnautics:moon
[15Sept2026 14:43:03.651] [Server thread/INFO] [dev.ryanhcode.sable.Sable/]: Saving sub-levels for level 'ServerLevel[Veins Test]'/rocketnautics:moon
[15Sept2026 14:43:03.676] [Server thread/INFO] [net.minecraft.server.MinecraftServer/]: Saving chunks for level 'ServerLevel[Veins Test]'/rocketnautics:deep_space
[15Sept2026 14:43:03.676] [Server thread/INFO] [dev.ryanhcode.sable.Sable/]: Saving sub-levels for level 'ServerLevel[Veins Test]'/rocketnautics:deep_space
[15Sept2026 14:43:03.711] [Server thread/INFO] [net.minecraft.server.MinecraftServer/]: Saving chunks for level 'ServerLevel[Veins Test]'/minecraft:the_end
[15Sept2026 14:43:03.711] [Server thread/INFO] [dev.ryanhcode.sable.Sable/]: Saving sub-levels for level 'ServerLevel[Veins Test]'/minecraft:the_end
[15Sept2026 14:43:03.737] [Server thread/INFO] [net.minecraft.server.MinecraftServer/]: Saving chunks for level 'ServerLevel[Veins Test]'/undergarden:undergarden
[15Sept2026 14:43:03.737] [Server thread/INFO] [dev.ryanhcode.sable.Sable/]: Saving sub-levels for level 'ServerLevel[Veins Test]'/undergarden:undergarden
[15Sept2026 14:43:03.763] [Server thread/INFO] [net.minecraft.server.MinecraftServer/]: Saving chunks for level 'ServerLevel[Veins Test]'/ae2:spatial_storage
[15Sept2026 14:43:03.763] [Server thread/INFO] [dev.ryanhcode.sable.Sable/]: Saving sub-levels for level 'ServerLevel[Veins Test]'/ae2:spatial_storage
[15Sept2026 14:43:03.797] [Server thread/INFO] [net.minecraft.server.MinecraftServer/]: ThreadedAnvilChunkStorage (Veins Test): All chunks are saved
[15Sept2026 14:43:03.797] [Server thread/INFO] [net.minecraft.server.MinecraftServer/]: ThreadedAnvilChunkStorage (afterdark): All chunks are saved
[15Sept2026 14:43:03.797] [Server thread/INFO] [net.minecraft.server.MinecraftServer/]: ThreadedAnvilChunkStorage (DIM-1): All chunks are saved
[15Sept2026 14:43:03.797] [Server thread/INFO] [net.minecraft.server.MinecraftServer/]: ThreadedAnvilChunkStorage (moon): All chunks are saved
[15Sept2026 14:43:03.797] [Server thread/INFO] [net.minecraft.server.MinecraftServer/]: ThreadedAnvilChunkStorage (deep_space): All chunks are saved
[15Sept2026 14:43:03.797] [Server thread/INFO] [net.minecraft.server.MinecraftServer/]: ThreadedAnvilChunkStorage (DIM1): All chunks are saved
[15Sept2026 14:43:03.797] [Server thread/INFO] [net.minecraft.server.MinecraftServer/]: ThreadedAnvilChunkStorage (undergarden): All chunks are saved
[15Sept2026 14:43:03.797] [Server thread/INFO] [net.minecraft.server.MinecraftServer/]: ThreadedAnvilChunkStorage (spatial_storage): All chunks are saved
[15Sept2026 14:43:03.797] [Server thread/INFO] [net.minecraft.server.MinecraftServer/]: ThreadedAnvilChunkStorage: All dimensions are saved
[15Sept2026 14:43:03.862] [Server thread/INFO] [KubeJS/]: Closed KubeJS Virtual Resource Pack [Before Mods, data]
[15Sept2026 14:43:03.862] [Server thread/INFO] [KubeJS/]: Closed KubeJS Virtual Resource Pack [Internal, data]
[15Sept2026 14:43:03.862] [Server thread/INFO] [KubeJS/]: Closed KubeJS Virtual Resource Pack [Registries, data]
[15Sept2026 14:43:03.862] [Server thread/INFO] [KubeJS/]: Closed KubeJS Virtual Resource Pack [After Mods, data]
[15Sept2026 14:43:03.862] [Server thread/INFO] [KubeJS/]: Closed KubeJS Virtual Resource Pack [Last, data]
[15Sept2026 14:43:03.904] [Render thread/INFO] [ChunkBuilder/]: Stopping worker threads
[15Sept2026 14:43:03.932] [Render thread/ERROR] [net.minecraft.Util/]: Entity forgeborncore:brawler_skeleton has no attributes
[15Sept2026 14:43:05.147] [Render thread/INFO] [team.lodestar.lodestone.LodestoneLib/]: Shutting down Lodestone
[15Sept2026 14:43:05.160] [Render thread/INFO] [net.minecraft.client.Minecraft/]: Stopping!
[15Sept2026 14:43:05.207] [Render thread/INFO] [team.lodestar.lodestone.LodestoneLib/]: Closed geometry program: lodestone:nineslice/distorted/distorted_nine_slice_texture
[15Sept2026 14:43:05.210] [Render thread/INFO] [team.lodestar.lodestone.LodestoneLib/]: Closed geometry program: lodestone:nineslice/nine_slice
[15Sept2026 14:43:05.249] [Render thread/INFO] [KubeJS/]: Closed KubeJS Virtual Resource Pack [Before Mods, assets]
[15Sept2026 14:43:05.249] [Render thread/INFO] [KubeJS/]: Closed KubeJS Virtual Resource Pack [Internal, assets]
[15Sept2026 14:43:05.249] [Render thread/INFO] [KubeJS/]: Closed KubeJS Virtual Resource Pack [After Mods, assets]
[15Sept2026 14:43:05.249] [Render thread/INFO] [KubeJS/]: Closed KubeJS Virtual Resource Pack [Last, assets]
[15Sept2026 14:43:05.257] [Render thread/INFO] [FTB Chunks/]: Shutting down map thread
